wo,at,side,fill_price,filled,fee,exited_ms,net,realised_ms,day,hour,blocked_baseline,blocked_chop_0.25_3,blocked_hour_chop,blocked_ohlc_chop,blocked_ohlc_lock,blocked_trend_always,blocked_chop_and_trend,blocked_ask_floor_70,blocked_no_loss_boost,blocked_postshock
1790619300000,1790619548694,DOWN,0.69,1.0,0.015,,0.295,1790620206491,2026-09-28,14,False,False,True,False,False,False,False,True,False,True
1790620200000,1790620445666,DOWN,0.81,1.0,0.0108,,0.8831999999999998,1790621106485,2026-09-28,14,False,False,True,False,False,False,False,False,False,True
1790621100000,1790621342240,UP,0.64,1.0,0.0162,,0.3438,1790622006487,2026-09-28,14,False,True,True,False,False,False,True,True,False,True
1790622000000,1790622244877,DOWN,0.917,1.0,0.0054,,0.35819999999999985,1790622906476,2026-09-28,15,False,False,True,False,False,False,False,False,False,True
1790622900000,1790623287519,DOWN,0.7,1.0,0.0147,,0.2853,1790623806487,2026-09-28,15,False,False,False,False,False,False,False,False,False,True
1790623800000,1790624040490,DOWN,0.81,1.0,0.0108,,0.1792,1790624706486,2026-09-28,15,False,False,False,False,False,False,False,False,False,True
1790624700000,1790625125991,UP,0.73,1.0,0.0138,,0.2562,1790625606484,2026-09-28,15,False,True,False,False,False,True,True,False,False,False
1790625600000,1790625906172,UP,0.76,1.0,0.0128,,0.2272,1790626506483,2026-09-28,16,False,False,False,False,False,False,False,False,False,False
1790626500000,1790626739363,DOWN,0.78,1.0,0.0121,,0.2079,1790627406490,2026-09-28,16,False,False,True,False,False,False,False,False,False,False
1790627400000,1790627936285,DOWN,0.51,2.0,0.035,,0.945,1790628306484,2026-09-28,16,False,True,True,False,False,False,True,True,False,True
1790628300000,1790628638697,DOWN,0.65,1.0,0.016,,-0.666,1790629206487,2026-09-28,16,False,True,True,False,False,False,True,True,False,True
1790629200000,1790629447728,UP,0.8,1.0,0.0112,,0.1888,1790630106492,2026-09-28,17,False,False,False,False,False,False,False,False,False,True
1790630100000,1790630340956,DOWN,0.81,1.0,0.0108,,0.1792,1790631006488,2026-09-28,17,False,False,True,False,False,False,False,False,False,True
1790631000000,1790631517815,DOWN,0.73,1.0,0.0138,,0.2562,1790631906491,2026-09-28,17,False,False,True,False,False,False,False,False,False,True
1790631900000,1790632262001,DOWN,0.68,1.0,0.0153,,0.3047,1790632806482,2026-09-28,17,False,False,True,False,False,False,False,True,False,True
1790632800000,1790633127866,DOWN,0.66,1.0,0.0158,,0.3242,1790633706492,2026-09-28,18,False,False,False,False,False,False,False,True,False,False
1790633700000,1790634114924,UP,0.72,1.0,0.0142,,0.2658,1790634606496,2026-09-28,18,False,True,False,False,False,False,True,False,False,False
1790634600000,1790634845491,UP,0.89,1.0,0.0069,1790635241110,0.0966,1790635506527,2026-09-28,18,False,False,True,False,False,False,False,False,False,True
1790635500000,1790635776866,UP,0.71,1.0,0.0145,1790636266510,0.2648,1790636406488,2026-09-28,18,False,False,True,False,False,False,False,False,False,True
1790636400000,1790636643192,UP,0.81,1.0,0.0108,,-0.8208,1790637306492,2026-09-28,19,False,False,False,False,False,False,False,False,False,False
1790638200000,1790638738007,UP,0.64,1.0,0.0162,,0.3438,1790639106488,2026-09-28,19,False,False,False,False,False,False,False,True,False,True
1790639100000,1790639345126,DOWN,0.76,1.0,0.0128,1790639889656,0.2218,1790640006488,2026-09-28,19,False,True,True,False,False,False,True,False,False,True
1790640000000,1790640397927,DOWN,0.49,1.0,0.0175,,-0.5075,1790640906489,2026-09-28,20,False,False,True,False,False,False,False,True,False,True
1790640900000,1790641150329,DOWN,0.87,1.0,0.008,,-0.878,1790641806486,2026-09-28,20,False,False,True,False,False,False,False,False,False,False
1790641800000,1790642051801,UP,0.7,1.0,0.0147,,-0.7147,1790642706498,2026-09-28,20,False,False,True,True,True,False,False,True,False,True
1790642700000,1790642940381,DOWN,0.83,1.0,0.0099,1790643370508,0.1526,1790643606484,2026-09-28,20,False,False,True,True,True,False,False,False,False,True
1790644500000,1790644743346,DOWN,0.78,1.0,0.0121,1790645316143,0.2046,1790645406499,2026-09-28,21,False,False,False,False,False,False,False,False,False,False
1790645400000,1790645645867,UP,0.65,1.0,0.016,1790646169533,0.3211,1790646307297,2026-09-28,21,False,False,False,False,False,False,False,False,False,False
1790646300000,1790646543483,UP,0.61,1.0,0.0167,1790647118870,0.3711,1790647206497,2026-09-28,21,False,False,False,False,False,False,False,True,False,False
1790647200000,1790647457999,DOWN,0.64,1.0,0.0162,1790647938200,0.3352,1790648106496,2026-09-28,22,False,False,True,False,False,False,False,False,False,False
1790648100000,1790648407486,UP,0.7,1.0,0.014700000000000001,,-0.7147,1790649006493,2026-09-28,22,False,True,True,False,False,False,True,True,False,False
1790649000000,1790649306052,DOWN,0.66,1.0,0.0158,,-0.6758,1790649906497,2026-09-28,22,False,False,True,False,False,False,False,True,False,False
1790649900000,1790650150713,UP,0.62,1.0,0.0165,,-0.6365,1790650806540,2026-09-28,22,False,False,True,False,False,False,False,False,False,False
1790650800000,1790651040150,UP,0.62,1.0,0.0165,,-0.6365,1790651706485,2026-09-28,23,False,True,True,False,False,False,True,True,False,False
1790651700000,1790651965966,UP,0.75,1.0,0.0132,1790652384862,0.2293,1790652606494,2026-09-28,23,False,False,True,False,False,False,False,False,False,False
1790652600000,1790653073823,DOWN,0.75,1.0,0.0132,1790653425837,0.2346,1790653506690,2026-09-28,23,False,False,False,False,True,True,True,False,False,False
1790653500000,1790653743481,UP,0.5,1.0,0.0175,,-0.5175,1790654406494,2026-09-28,23,False,True,True,False,False,False,True,True,False,False
1790654400000,1790654935880,DOWN,0.66,1.0,0.0158,,-0.6758,1790655306493,2026-09-29,0,False,True,True,False,False,False,True,True,False,False
1790655300000,1790655558860,UP,0.72,1.0,0.0142,1790656062822,0.2572,1790656206489,2026-09-29,0,False,False,False,False,True,False,False,False,False,False
1790656200000,1790656449837,DOWN,0.76,1.0,0.0128,1790656992595,0.2143,1790657106481,2026-09-29,0,False,True,True,False,True,False,True,False,False,False
1790657100000,1790657342917,DOWN,0.8,1.0,0.0112,,-0.8112,1790658006485,2026-09-29,0,False,False,True,True,True,False,False,False,False,False
1790658000000,1790658242833,UP,0.54,1.0,0.0174,1790658776409,0.4265,1790658906482,2026-09-29,1,False,False,False,False,True,False,False,False,False,False
1790658900000,1790659143609,UP,0.66,1.0,0.0158,1790659735405,0.3209,1790659806477,2026-09-29,1,False,True,True,False,True,False,True,True,False,False
1790659800000,1790660043484,DOWN,0.941,1.0,0.0039,,0.0551,1790660706579,2026-09-29,1,False,False,True,False,True,False,False,False,False,False
1790660700000,1790661022772,UP,0.67,1.0,0.0155,1790661413334,0.2931,1790661606480,2026-09-29,1,False,False,True,False,True,False,False,True,False,False
1790662500000,1790662747211,DOWN,0.69,1.0,0.015,,-0.705,1790663406482,2026-09-29,2,False,False,False,False,False,True,True,False,False,False
1790663400000,1790663641469,UP,0.74,1.0,0.0135,,0.2465,1790664306475,2026-09-29,2,False,False,False,False,False,False,False,False,False,False
1790664300000,1790664678922,UP,0.7,1.0,0.0147,1790665080147,0.2724,1790665206474,2026-09-29,2,False,True,False,False,False,False,True,True,False,False
1790665200000,1790665450110,DOWN,0.66,1.0,0.0158,,0.3242,1790666106479,2026-09-29,3,False,False,False,False,False,False,False,False,False,False
1790666100000,1790666452979,UP,0.6,1.0,0.0168,,0.3832,1790667006469,2026-09-29,3,False,True,False,False,False,False,True,False,False,True
1790667000000,1790667286120,UP,0.7,1.0,0.0147,,0.2853,1790667906473,2026-09-29,3,False,True,True,False,False,False,True,True,False,True
1790667900000,1790668315797,UP,0.71,1.0,0.0145,,-0.7245,1790668806472,2026-09-29,3,False,False,True,False,False,False,False,False,False,True
1790668800000,1790669043610,UP,0.79,1.0,0.0117,1790669634414,0.195,1790669706467,2026-09-29,4,False,False,True,False,False,False,False,False,False,True
1790669700000,1790669966727,UP,0.69,1.0,0.015,1790670430993,0.28,1790670606464,2026-09-29,4,False,False,True,False,False,False,False,True,False,True
1790670600000,1790670847443,DOWN,0.93,1.0,0.0046,1790671263271,0.0589,1790671506465,2026-09-29,4,False,False,True,False,False,False,False,False,False,True
1790671500000,1790671892080,DOWN,0.67,1.0,0.0155,,0.3145,1790672406463,2026-09-29,4,False,False,True,False,False,False,False,True,False,False
1790672400000,1790672640164,DOWN,0.83,1.0,0.0099,1790673205960,0.1568,1790673306467,2026-09-29,5,False,False,False,False,False,False,False,False,False,False
1790673300000,1790673645183,UP,0.71,1.0,0.0145,1790674135391,0.2733,1790674206466,2026-09-29,5,False,True,False,False,False,False,True,False,False,False
1790674200000,1790674445281,UP,0.86,1.0,0.0085,1790674992515,0.1293,1790675106459,2026-09-29,5,False,False,True,False,False,False,False,False,False,True
1790675100000,1790675349707,UP,0.923,1.0,0.005,1790675667611,0.0634,1790676006461,2026-09-29,5,False,False,False,False,False,False,False,False,False,False
1790676000000,1790676239071,DOWN,0.79,1.0,0.0117,,0.1983,1790676906422,2026-09-29,6,False,False,False,False,False,False,False,False,False,False
1790676900000,1790677139369,DOWN,0.83,1.0,0.0099,1790677731753,0.159,1790677806466,2026-09-29,6,False,False,False,False,False,False,False,False,False,False
1790677800000,1790678041066,DOWN,0.8,1.0,0.0112,1790678572396,0.1813,1790678706467,2026-09-29,6,False,False,True,False,False,False,False,False,False,True
1790678700000,1790679075130,UP,0.68,1.0,0.0153,,0.3047,1790679606519,2026-09-29,6,False,True,False,False,False,False,True,True,False,True
1790679600000,1790679843151,DOWN,0.68,1.0,0.0153,,0.3047,1790680506515,2026-09-29,7,False,True,False,False,False,False,True,True,False,True
1790681400000,1790681642025,UP,0.9369800000000001,1.0,0.004220000000000001,1790682096296,0.0513,1790682306518,2026-09-29,7,False,False,True,True,True,False,False,False,False,False
1790682300000,1790682544974,UP,0.85,1.0,0.009,1790682989096,0.1345,1790683206464,2026-09-29,7,False,False,False,True,True,False,False,False,False,False
1790683200000,1790683482111,UP,0.7,1.0,0.0147,,-0.7147,1790684106472,2026-09-29,8,False,True,False,False,False,False,True,False,False,False
1790684100000,1790684341433,UP,0.68,1.0,0.0153,,-0.6953,1790685006421,2026-09-29,8,False,False,False,False,False,False,False,False,False,False
1790685000000,1790685267674,UP,0.74,1.0,0.0135,1790685670028,0.239,1790685906522,2026-09-29,8,False,False,True,False,True,True,True,False,False,True
1790685900000,1790686170756,DOWN,0.68,1.0,0.0153,,0.3047,1790686806424,2026-09-29,8,False,False,True,False,True,False,False,False,False,True
1790686800000,1790687044045,DOWN,0.68,1.0,0.0153,,-0.6953,1790687706524,2026-09-29,9,False,True,True,False,True,False,True,True,False,True
1790687700000,1790688114296,UP,0.63,1.0,0.0164,,-0.6464,1790688606479,2026-09-29,9,False,False,False,False,False,False,False,True,False,True
1790688600000,1790688847900,DOWN,0.909,1.0,0.0058,1790689397892,0.083,1790689506528,2026-09-29,9,False,False,True,False,True,False,False,False,False,False
1790689500000,1790689742385,DOWN,0.7,1.0,0.0147,,-0.7147,1790690406475,2026-09-29,9,False,True,True,False,True,False,True,True,False,True
1790690400000,1790690645721,DOWN,0.84,1.0,0.0095,1790691012047,0.1408,1790691306472,2026-09-29,10,False,False,True,False,True,False,False,False,False,True
1790691300000,1790691560923,UP,0.67,1.0,0.0155,1790692059820,0.2963,1790692206478,2026-09-29,10,False,True,False,False,False,False,True,True,False,False
1790692200000,1790692546296,DOWN,0.74,1.0,0.0135,,0.2465,1790693106476,2026-09-29,10,False,True,True,False,False,False,True,False,False,False
1790693100000,1790693402106,DOWN,0.7,1.0,0.0147,,0.2853,1790694006483,2026-09-29,10,False,False,True,False,False,False,False,False,False,False
1790694000000,1790694240427,DOWN,0.81,1.0,0.0108,1790694729145,0.1738,1790694906483,2026-09-29,11,False,False,False,False,False,False,False,False,False,False
1790694900000,1790695156427,DOWN,0.69,1.0,0.015,1790695482489,0.2821,1790695806476,2026-09-29,11,False,False,False,False,False,False,False,False,False,False
1790695800000,1790696039916,UP,0.8,1.0,0.0112,1790696474710,0.1791,1790696706484,2026-09-29,11,False,False,False,False,False,True,True,False,False,False
1790696700000,1790696949033,UP,0.85,1.0,0.009,,-0.859,1790697606485,2026-09-29,11,False,False,False,False,False,False,False,False,False,False
1790697600000,1790697846808,UP,0.71,1.0,0.0145,,-0.7245,1790698506479,2026-09-29,12,False,True,False,False,False,True,True,False,False,False
1790698500000,1790698746569,UP,0.8,1.0,0.0112,1790699161260,0.1802,1790699406477,2026-09-29,12,False,False,True,False,False,False,False,False,False,True
1790699400000,1790699644978,DOWN,0.75,1.0,0.0132,1790700114529,0.2282,1790700306479,2026-09-29,12,False,False,True,False,False,False,False,False,False,True
1790700300000,1790700572577,DOWN,0.66,1.0,0.0158,1790701009051,0.3124,1790701206490,2026-09-29,12,False,False,True,False,False,False,False,True,False,True
1790701200000,1790701495463,UP,0.67,1.0,0.0155,1790702030742,0.308,1790702106489,2026-09-29,13,False,False,True,False,False,False,False,True,False,True
1790703000000,1790703249205,UP,0.7,1.0,0.0147,,0.2853,1790703906482,2026-09-29,13,False,False,True,False,False,False,False,False,False,True
1790703900000,1790704154817,DOWN,0.61,1.0,0.0167,1790704618772,0.3529,1790704806483,2026-09-29,13,False,False,True,False,False,False,False,False,False,True
1790704800000,1790705044990,UP,0.91,1.0,0.0058,1790705480722,0.0777,1790705706473,2026-09-29,14,False,True,True,False,False,False,True,False,False,True
1790705700000,1790706119196,UP,0.73,1.0,0.0138,1790706529848,0.2487,1790706606486,2026-09-29,14,False,False,False,False,False,False,False,False,False,False
1790706600000,1790706849933,UP,0.78,1.0,0.0121,1790707250172,0.1993,1790707506474,2026-09-29,14,False,False,False,False,False,False,False,False,False,False
1790707500000,1790707741502,DOWN,0.61,1.0,0.0167,1790708310414,0.3221,1790708406485,2026-09-29,14,False,False,False,False,False,False,False,False,False,False
1790708400000,1790708790260,UP,0.72,1.0,0.0142,,-0.7342,1790709306477,2026-09-29,15,False,True,False,False,False,False,True,True,False,False
1790709300000,1790709545683,UP,0.68,1.0,0.0153,,-0.6953,1790710206481,2026-09-29,15,False,False,False,False,False,False,False,True,False,True
1790710200000,1790710450118,UP,0.71,1.0,0.0145,,-0.7245,1790711106483,2026-09-29,15,False,False,True,False,False,False,False,False,False,True
1790711100000,1790711343657,UP,0.82,1.0,0.0104,1790711869416,0.1653,1790712006484,2026-09-29,15,False,False,True,False,False,False,False,False,False,True
1790712000000,1790712241403,DOWN,0.68,1.0,0.0153,,0.3047,1790712906479,2026-09-29,16,False,True,True,False,False,False,True,True,False,True
1790712900000,1790713149111,UP,0.72,1.0,0.0142,1790713629260,0.2561,1790713806436,2026-09-29,16,False,False,True,False,False,False,False,True,False,True
1790713800000,1790714105163,DOWN,0.74,1.0,0.0135,,-0.7535,1790714706481,2026-09-29,16,False,False,True,False,False,False,False,False,False,True
1790714700000,1790715236591,UP,0.58,1.0,0.0171,,-0.5971,1790715606488,2026-09-29,16,False,False,True,False,False,False,False,True,False,True
1790715600000,1790715848823,DOWN,0.88,1.0,0.0074,1790716404764,0.1083,1790716506481,2026-09-29,17,False,False,True,False,False,False,False,False,False,True
1790716500000,1790716739323,DOWN,0.78,1.0,0.0121,1790717235977,0.2025,1790717406437,2026-09-29,17,False,False,True,False,False,False,False,False,False,True
1790718300000,1790718545230,DOWN,0.85,1.0,0.009,,0.141,1790719206483,2026-09-29,17,False,False,False,False,False,False,False,False,False,False
1790722800000,1790723039405,UP,0.81,6.0,0.0647,1790723468033,1.0239,1790723706488,2026-09-29,19,False,False,True,False,True,False,False,False,False,True
1790723700000,1790723947354,DOWN,0.63,7.0,0.1143,1790724298269,2.3186,1790724606484,2026-09-29,19,False,False,False,False,False,True,True,True,False,False
1790727300000,1790727539488,DOWN,0.79,6.0,0.0697,,-4.8097,1790728206484,2026-09-29,20,False,False,False,True,True,False,False,False,False,False
1790728200000,1790728505309,UP,0.68,7.0,0.1067,,-4.8667,1790729106496,2026-09-29,20,False,False,True,True,True,False,False,True,False,False
1790729100000,1790729346244,DOWN,0.75,6.0,0.0788,1790729766767,1.3121,1790730006495,2026-09-29,20,False,False,False,True,True,False,False,False,False,False
1790730000000,1790730457593,DOWN,0.7,7.0,0.1029,,1.9971,1790732293941,2026-09-29,21,False,False,False,False,True,False,False,True,False,False
1790730900000,1790731437518,UP,0.85,5.0,0.0447,,0.7053,1790732293981,2026-09-29,21,False,True,True,False,True,False,True,False,False,False
1790731800000,1790732041476,DOWN,0.7600000000000001,6.0,0.0767,,1.3633,1790732775144,2026-09-29,21,False,False,False,False,False,False,False,False,False,False
1790732700000,1790733065665,UP,0.61,7.0,0.11660000000000001,,2.6134,1790733606486,2026-09-29,21,False,False,True,False,True,False,False,True,False,False
1790733600000,1790733870216,UP,0.75,6.0,0.0788,,1.4212,1790734506483,2026-09-29,22,False,True,True,False,True,False,True,False,False,False
1790734500000,1790734744581,DOWN,0.7399999999999999,6.0,0.0809,1790735320983,1.4534,1790735406486,2026-09-29,22,False,True,True,False,True,False,True,False,False,False
1790735400000,1790735643842,DOWN,0.7200000000000001,6.0,0.0847,1790736207733,1.4734,1790736306490,2026-09-29,22,False,True,True,False,False,False,True,False,False,False
1790736300000,1790736544585,UP,0.7600000000000001,6.0,0.0767,,-4.6367,1790737206497,2026-09-29,22,False,True,True,False,True,False,True,False,False,False
1790737200000,1790737488242,UP,0.6900000000000001,7.0,0.1049,,-4.9349,1790738106496,2026-09-29,23,False,False,True,False,False,False,False,True,False,False
1790738100000,1790738343890,DOWN,0.7600000000000001,6.0,0.0767,,1.3633,1790739006498,2026-09-29,23,False,False,False,False,False,False,False,False,False,False
1790739000000,1790739469382,UP,0.6900000000000001,7.0,0.1049,1790739789368,2.0126,1790739906494,2026-09-29,23,False,False,True,True,True,False,False,True,False,False
1790739900000,1790740149640,DOWN,0.73,6.0,0.0828,1790740629693,1.4794,1790740807689,2026-09-29,23,False,False,True,True,True,False,False,False,False,False
1790740800000,1790741040345,UP,0.8699999999999999,5.0,0.0396,1790741621564,0.5943,1790741706434,2026-09-30,0,False,False,True,True,True,False,False,False,False,False
1790741700000,1790741939742,UP,0.74,7.0,0.0943,,-5.2743,1790742606480,2026-09-30,0,False,True,False,True,True,False,True,False,False,False
1790742600000,1790742839115,DOWN,0.66,7.0,0.11,1790743431704,2.1353,1790743506438,2026-09-30,0,False,False,True,True,True,False,False,True,False,False
1790744400000,1790744648823,UP,0.81,6.0,0.0647,,1.0753,1790745306486,2026-09-30,1,False,False,True,True,True,False,False,False,False,False
1790745300000,1790745573820,UP,0.67,7.0,0.1084,1790746078607,2.1342,1790746206487,2026-09-30,1,False,False,False,True,True,False,False,True,False,False
1790746200000,1790746458225,UP,0.7399999999999999,6.0,0.0809,1790746957026,1.4085,1790747106477,2026-09-30,1,False,False,True,True,True,False,False,False,False,False
1790747100000,1790747345230,DOWN,0.7399999999999999,6.0,0.0809,1790747726673,1.3829,1790748006474,2026-09-30,1,False,False,True,True,True,False,False,False,False,False
1790748000000,1790748455521,DOWN,0.84,6.0,0.0565,1790748720261,0.8585,1790748906470,2026-09-30,2,False,True,True,True,True,False,True,False,False,False
1790748900000,1790749371920,DOWN,0.62,7.0,0.1155,1790749678982,2.4023,1790749806481,2026-09-30,2,False,False,True,True,True,False,False,True,False,False
1790749800000,1790750041554,DOWN,0.7200000000000001,6.0,0.0847,,1.5953,1790750706480,2026-09-30,2,False,True,False,True,True,False,True,False,False,False
1790750700000,1790750945136,DOWN,0.82,6.0,0.062,,1.018,1790751606471,2026-09-30,2,False,False,False,False,False,False,False,False,False,False
1790786700000,1790787042295,UP,0.7,4.0,0.0588,,-2.8588,1790787606493,2026-09-30,12,False,False,False,False,False,False,False,False,False,False
1790787600000,1790787933950,DOWN,0.5,5.0,0.0875,,2.4125,1790788506486,2026-09-30,13,False,False,False,False,False,False,False,True,False,False
1790788500000,1790788747016,DOWN,0.81,3.0,0.0324,1790789157713,0.5119,1790789406436,2026-09-30,13,False,False,False,False,False,False,False,False,False,False
1790789400000,1790789649526,DOWN,0.85,3.0,0.0268,1790790108445,0.3975,1790790306482,2026-09-30,13,False,False,False,False,False,False,False,False,False,False
1790790300000,1790790546822,UP,0.61,4.0,0.0667,,1.4933,1790791206481,2026-09-30,13,False,True,False,False,False,False,True,False,False,True
1790791200000,1790791454145,DOWN,0.77,3.0,0.0372,,0.6528,1790792106492,2026-09-30,14,False,False,False,False,False,False,False,False,False,True
1790792100000,1790792346693,DOWN,0.64,4.0,0.0646,1790792751298,1.2941,1790793006484,2026-09-30,14,False,False,False,False,False,False,False,True,False,True
1790793000000,1790793268099,DOWN,0.7,4.0,0.0588,,1.1412,1790793906482,2026-09-30,14,False,False,False,False,False,False,False,True,False,True
1790793900000,1790794142838,DOWN,0.77,4.0,0.0496,,-3.1296,1790794806487,2026-09-30,14,False,False,False,False,False,False,False,False,False,False
1790794800000,1790795057273,DOWN,0.74,4.0,0.0539,1790795429660,0.9433,1790795706485,2026-09-30,15,False,False,True,False,False,True,True,False,False,True
1790795700000,1790795948755,DOWN,0.7399999999999999,3.0,0.0405,,0.7395,1790796606489,2026-09-30,15,False,False,False,False,False,False,False,False,False,False
1790796600000,1790796848394,UP,0.85,3.0,0.0268,,0.4232,1790797506485,2026-09-30,15,False,False,True,False,False,False,False,False,False,True
1790797500000,1790797749248,DOWN,0.82,3.0,0.031,1790798114150,0.4769,1790798406484,2026-09-30,15,False,False,True,False,False,False,False,False,False,True
1790798400000,1790798794746,DOWN,0.64,4.0,0.0646,,-2.6246,1790799306492,2026-09-30,16,False,True,False,False,False,False,True,True,False,True
1790799300000,1790799762198,UP,0.79,4.0,0.0465,1790800051157,0.7721,1790800206478,2026-09-30,16,False,True,True,False,False,False,True,True,False,True
1790800200000,1790800449019,DOWN,0.82,3.0,0.031,1790801014774,0.4961,1790801106482,2026-09-30,16,False,False,False,False,False,False,False,False,False,True
1790801100000,1790801544605,UP,0.71,4.0,0.0577,,-2.8977,1790802006488,2026-09-30,16,False,True,True,False,False,False,True,False,False,True
1790802000000,1790802247613,UP,0.84,3.0,0.0283,1790802772190,0.442,1790802906533,2026-09-30,17,False,True,False,False,False,False,True,False,False,True
1790802900000,1790803146644,UP,0.7,4.0,0.0588,,-2.8588,1790803806485,2026-09-30,17,False,False,False,False,False,False,False,False,False,True
1790803800000,1790804196580,UP,0.82,3.0,0.031,,-2.491,1790804706487,2026-09-30,17,False,True,True,False,False,False,True,True,False,True
1790805600000,1790805986301,DOWN,0.84,3.0,0.0283,,0.4517,1790806506489,2026-09-30,18,False,True,True,True,False,False,True,False,False,True
1790806500000,1790806742666,UP,0.65,3.0,0.0478,1790807226212,0.9701,1790807406487,2026-09-30,18,False,False,True,True,False,False,False,False,False,True
1790807400000,1790807930867,UP,0.64,9.0,0.1452,,-5.9052,1790808306489,2026-09-30,18,False,False,True,True,False,False,False,True,False,True
1790808300000,1790808578972,DOWN,0.83,7.0,0.0692,1790809092543,1.0983,1790809206486,2026-09-30,18,False,False,True,True,True,False,False,True,False,True
1790809200000,1790809449358,UP,0.78,8.0,0.0961,,1.6639,1790810106487,2026-09-30,19,False,False,True,True,True,False,False,False,False,False
1790810100000,1790810486148,UP,0.72,8.0,0.1129,,-5.8729,1790811006492,2026-09-30,19,False,True,True,True,True,False,True,True,False,False
1790811000000,1790811246384,DOWN,0.78,7.0,0.0841,,1.4559,1790811906482,2026-09-30,19,False,False,False,True,True,False,False,False,False,False
1790811900000,1790812146015,DOWN,0.72,8.0,0.1129,,2.1271,1790812806491,2026-09-30,19,False,False,False,False,False,False,False,False,False,False
1790812800000,1790813044779,DOWN,0.66,8.0,0.1257,1790813441666,2.4318,1790813706542,2026-09-30,20,False,False,False,False,False,False,False,False,False,False
1790813700000,1790813941236,DOWN,0.62,8.0,0.132,1790814500395,2.7797,1790814606483,2026-09-30,20,False,False,False,False,False,False,False,True,False,False
1790814600000,1790814909969,DOWN,0.67,8.0,0.1239,,-5.4839,1790815506493,2026-09-30,20,False,False,True,False,False,False,False,True,False,False
1790815500000,1790815883832,DOWN,0.7899999999999999,8.0,0.093,,1.587,1790816406447,2026-09-30,20,False,False,True,False,False,False,False,True,False,False
1790816400000,1790816756451,UP,0.78,7.0,0.0841,1790817177340,1.4109,1790817306489,2026-09-30,21,False,True,True,False,False,False,True,False,False,False
1790817300000,1790817590192,UP,0.71,8.0,0.1154,1790818019494,2.0592,1790818206490,2026-09-30,21,False,False,False,False,True,False,False,True,False,False
1790818200000,1790818445931,DOWN,0.78,7.0,0.0841,,1.4559,1790819106486,2026-09-30,21,False,True,True,False,False,False,True,False,False,False
1790819100000,1790819349111,DOWN,0.74,8.0,0.1078,1790819888101,1.9294,1790820006486,2026-09-30,21,False,False,True,False,False,False,False,False,False,False
1790820900000,1790821146701,DOWN,0.84,3.0,0.0283,1790821567298,0.4228,1790821806488,2026-09-30,22,False,False,True,False,False,False,False,False,False,False
1790821800000,1790822042855,UP,0.66,4.0,0.0629,,-2.7029,1790822706539,2026-09-30,22,False,True,True,False,True,False,True,True,False,False
1790822700000,1790823260417,UP,0.82,7.0,0.0724,1790823478069,1.1651,1790823606483,2026-09-30,22,False,True,True,False,False,False,True,True,False,False
1790823600000,1790823850058,DOWN,0.67,8.0,0.1239,1790824435825,2.2598,1790824506486,2026-09-30,23,False,False,True,False,True,False,False,True,False,False
1790824500000,1790824868325,DOWN,0.7,4.0,0.0588,,-2.8588,1790825406486,2026-09-30,23,False,True,True,True,True,False,True,False,False,False
1790825400000,1790825859413,UP,0.85,7.0,0.0625,1790826145132,0.965,1790826306487,2026-09-30,23,False,False,True,True,True,False,False,False,False,False
1790826300000,1790826541530,DOWN,0.82,7.0,0.0724,,-5.8124,1790827206492,2026-09-30,23,False,False,False,True,False,True,True,False,False,False
1790827200000,1790827602368,UP,0.72,8.0,0.1129,1790827894407,2.033,1790828106481,2026-10-01,0,False,False,False,False,False,False,False,False,False,False
1790828100000,1790828344367,DOWN,0.84,7.0,0.0659,1790828937313,1.0166,1790829006487,2026-10-01,0,False,False,False,False,False,False,False,False,False,False
1790829000000,1790829242308,DOWN,0.72,8.0,0.1129,,-5.8729,1790829906481,2026-10-01,0,False,False,False,False,False,False,False,False,False,False
1790829900000,1790830147942,UP,0.9,6.0,0.0378,1790830705830,0.5365,1790830806486,2026-10-01,0,False,False,False,False,False,False,False,False,False,False
1790830800000,1790831074081,UP,0.74,8.0,0.1078,,1.9722,1790831706485,2026-10-01,1,False,True,False,False,False,False,True,True,False,False
1790845200000,1790845499737,UP,0.7,8.0,0.1176,1790845860934,2.2139,1790846103975,2026-10-01,5,False,False,False,False,True,False,False,True,False,False
1790846100000,1790846347378,UP,0.7,8.0,0.1176,1790846916515,2.2054,1790847004030,2026-10-01,5,False,False,False,False,True,False,False,False,False,False
1790847000000,1790847248297,UP,0.75,7.0,0.0919,1790847721780,1.5832,1790847903981,2026-10-01,5,False,False,False,False,False,False,False,False,False,False
1790847900000,1790848211049,DOWN,0.68,8.0,0.12190000000000001,1790848577909,2.3696,1790848803983,2026-10-01,5,False,False,False,False,False,False,False,True,False,False
1790848800000,1790849043161,DOWN,0.949,6.0,0.0204,1790849591086,0.247,1790849703985,2026-10-01,6,False,False,True,False,True,False,False,False,False,False
1790849700000,1790850094320,UP,0.6599999999999999,8.0,0.1257,,-5.4057,1790850603984,2026-10-01,6,False,False,True,False,True,False,False,False,False,False
1790850600000,1790850849629,UP,0.86,7.0,0.059,1790851368973,0.8985,1790851503986,2026-10-01,6,False,False,True,False,False,False,False,False,False,False
1790851500000,1790851740186,UP,0.86,6.0,0.0506,1790852130902,0.6931,1790852404035,2026-10-01,6,False,False,True,False,False,False,False,False,False,False
1790852400000,1790852648161,DOWN,0.76,7.0,0.0894,1790853165339,1.5082,1790853303988,2026-10-01,7,False,False,False,False,False,False,False,False,False,False
1790853300000,1790853548000,DOWN,0.67,8.0,0.1239,1790854058090,2.0724,1790854203987,2026-10-01,7,False,True,True,False,False,False,True,False,False,False
1790854200000,1790854583206,UP,0.72,8.0,0.1129,1790854883495,2.0672,1790855103987,2026-10-01,7,False,True,True,False,False,False,True,True,False,False
1790855100000,1790855347446,UP,0.63,4.0,0.0653,,-2.5853,1790856003990,2026-10-01,7,False,False,True,False,False,False,False,True,False,False
1790856000000,1790856246066,UP,0.71,8.0,0.1154,1790856768150,2.1019,1790856903991,2026-10-01,8,False,False,True,False,False,False,False,False,False,False
1790856900000,1790857195526,DOWN,0.68,4.0,0.061,,1.219,1790857803993,2026-10-01,8,False,False,True,False,False,False,False,True,False,False
1790857800000,1790858047776,DOWN,0.57,4.0,0.0687,,1.6513,1790858703998,2026-10-01,8,False,True,True,False,False,False,True,True,False,False
1790858700000,1790858945946,DOWN,0.79,3.0,0.0349,1790859385070,0.5662,1790859603990,2026-10-01,8,False,True,True,False,False,False,True,False,False,False
1790859600000,1790859849279,DOWN,0.8000000000000002,3.0,0.0336,1790860257712,0.5439,1790860503993,2026-10-01,9,False,False,False,False,True,False,False,False,False,False
1790860500000,1790860779644,UP,0.68,4.0,0.061,,-2.781,1790861404000,2026-10-01,9,False,False,False,False,True,True,True,True,False,False
1790862300000,1790862589903,DOWN,0.81,3.0,0.0324,,-2.4624,1790863203999,2026-10-01,9,False,False,True,True,False,True,True,False,False,False
1790863200000,1790863442688,DOWN,0.75,7.0,0.0919,,1.6581,1790864104001,2026-10-01,10,False,True,True,True,False,False,True,False,False,False
1790864100000,1790864342359,UP,0.85,3.0,0.0268,1790864786915,0.3687,1790865003997,2026-10-01,10,False,True,False,True,False,False,True,False,False,False
1790865000000,1790865384206,UP,0.67,4.0,0.062,,-2.742,1790865904001,2026-10-01,10,False,False,True,True,True,False,False,True,False,False
1790865900000,1790866139159,DOWN,0.66,8.0,0.1257,,2.5943,1790866804007,2026-10-01,10,False,False,True,False,True,False,False,False,False,False
1790866800000,1790867059896,UP,0.8000000000000002,3.0,0.0336,,0.5664,1790867703999,2026-10-01,11,False,False,True,False,True,False,False,False,False,False
1790867700000,1790867950253,UP,0.84,3.0,0.0283,1790868488347,0.4388,1790868604003,2026-10-01,11,False,False,True,False,True,False,False,False,False,False
1790868600000,1790868847671,DOWN,0.86,3.0,0.0253,1790869342784,0.3722,1790869503999,2026-10-01,11,False,False,True,False,True,False,False,False,False,False
1790869500000,1790869747625,UP,0.941,3.0,0.0117,1790870167087,0.1428,1790870403997,2026-10-01,11,False,False,True,False,True,False,False,False,False,False
1790870400000,1790870649081,UP,0.84,3.0,0.0283,1790871220649,0.4484,1790871303998,2026-10-01,12,False,True,True,False,True,False,True,False,False,False
1790871300000,1790871545976,UP,0.61,4.0,0.0667,,1.4933,1790872204008,2026-10-01,12,False,True,True,False,False,False,True,True,False,False
1790872200000,1790872443547,UP,0.9,3.0,0.0189,,0.2811,1790873444004,2026-10-01,12,False,False,False,False,False,False,False,False,False,False
1790873100000,1790873393533,DOWN,0.64,4.0,0.0646,1790873780626,1.3369,1790874004009,2026-10-01,12,False,False,True,False,False,False,False,True,False,False
1790874000000,1790874239188,UP,0.91,3.0,0.0172,1790874657092,0.2303,1790874903998,2026-10-01,13,False,False,True,False,True,False,False,False,False,False
1790874900000,1790875149674,UP,0.85,3.0,0.0268,1790875509472,0.3975,1790875803996,2026-10-01,13,False,False,False,False,False,False,False,False,False,False
1790875800000,1790876046630,DOWN,0.61,4.0,0.0667,,-2.5067,1790876704002,2026-10-01,13,False,False,False,False,False,True,True,False,False,False
1790877600000,1790877841883,DOWN,0.83,3.0,0.0297,,-2.5197,1790878504009,2026-10-01,14,False,False,False,False,False,False,False,False,False,False
1790879400000,1790879665051,UP,0.6699999999999999,4.0,0.062,1790879917325,1.2109,1790880304004,2026-10-01,14,False,False,True,False,False,False,False,True,False,True
1790880300000,1790880544069,DOWN,0.89,3.0,0.0206,1790881042067,0.2869,1790881204004,2026-10-01,14,False,False,True,False,False,False,False,False,False,False
1790881200000,1790881445811,DOWN,0.59,4.0,0.0678,,1.5722,1790882104011,2026-10-01,15,False,False,True,False,False,False,False,True,False,False
1790882100000,1790882341446,DOWN,0.58,4.0,0.0683,1790882644502,1.5432,1790883004000,2026-10-01,15,False,True,True,False,False,False,True,True,False,False
1790883000000,1790883239673,UP,0.89,3.0,0.0206,,0.3094,1790883904009,2026-10-01,15,False,True,True,False,False,False,True,False,False,False
1790883900000,1790884148058,DOWN,0.51,4.0,0.07,,-2.11,1790884804012,2026-10-01,15,False,False,False,False,False,False,False,True,False,True
1790884800000,1790885046524,UP,0.82,3.0,0.031,1790885548390,0.4673,1790885704002,2026-10-01,16,False,False,True,False,False,False,False,False,False,True
1790885700000,1790886083649,UP,0.7,4.0,0.0588,,-2.8588,1790886604010,2026-10-01,16,False,True,True,False,False,False,True,True,False,True
1790887500000,1790887902907,UP,0.61,3.0,0.05,1790888328255,1.0206,1790888404013,2026-10-01,16,False,False,True,False,False,True,True,True,False,True
1790888400000,1790888815112,UP,0.6699999999999999,4.0,0.062,,1.258,1790889304015,2026-10-01,17,False,True,False,True,True,False,True,True,False,False
1790889300000,1790889546151,DOWN,0.66,4.0,0.0629,1790890116392,1.2329,1790890204013,2026-10-01,17,False,True,False,True,True,False,True,True,False,True
1790890200000,1790890467563,DOWN,0.64,4.0,0.0646,1790890918225,1.3369,1790891104009,2026-10-01,17,False,False,False,True,True,False,False,True,False,True
1790891100000,1790891348915,UP,0.76,4.0,0.0511,1790891917853,0.8875,1790892004015,2026-10-01,17,False,True,True,False,True,False,True,False,False,True
1790892000000,1790892248695,UP,0.89,3.0,0.0206,1790892646498,0.2869,1790892903996,2026-10-01,18,False,False,True,False,True,False,False,False,False,True
1790892900000,1790893147350,DOWN,0.71,4.0,0.0577,1790893699724,1.0638,1790893804012,2026-10-01,18,False,True,False,False,True,False,True,True,False,True
1790893800000,1790894047464,DOWN,0.7600000000000001,3.0,0.0384,,0.6816,1790894704015,2026-10-01,18,False,False,True,True,True,False,False,False,False,True
1790894700000,1790894944014,DOWN,0.67,4.0,0.062,,-2.742,1790895614053,2026-10-01,18,False,False,True,True,True,False,False,True,False,True
1790895600000,1790895974592,DOWN,0.77,3.0,0.0372,1790896379968,0.6367,1790896504007,2026-10-01,19,False,False,True,True,True,False,False,True,False,True
1790896500000,1790896748510,UP,0.84,3.0,0.0283,1790897207435,0.426,1790897413998,2026-10-01,19,False,False,True,True,True,False,False,False,False,True
1790897400000,1790897648079,UP,0.81,3.0,0.0324,1790898197816,0.5247,1790898304008,2026-10-01,19,False,False,True,True,True,False,False,False,False,True
1790898300000,1790898544105,DOWN,0.7600000000000001,3.0,0.0384,,-2.3184,1790899204013,2026-10-01,19,False,False,False,True,True,False,False,False,False,True
1790899200000,1790899442925,DOWN,0.85,3.0,0.0268,,-2.5768,1790900104009,2026-10-01,20,False,False,True,False,True,False,False,False,False,True
1790900100000,1790900580072,DOWN,0.8000000000000002,3.0,0.0336,1790900935541,0.5599,1790901004005,2026-10-01,20,False,True,False,False,False,False,True,False,False,True
1790901000000,1790901247530,DOWN,0.74,4.0,0.0539,,-3.0139,1790901904004,2026-10-01,20,False,False,True,False,True,False,False,False,False,True
1790901900000,1790902149373,DOWN,0.7,4.0,0.0588,1790902594371,1.0727,1790902804012,2026-10-01,20,False,False,True,False,True,False,False,True,False,True
1790902800000,1790903049969,DOWN,0.65,4.0,0.0637,1790903506541,1.2764,1790903704011,2026-10-01,21,False,False,True,False,True,False,False,True,False,True
1790903700000,1790903973134,DOWN,0.63,4.0,0.0653,1790904467139,1.3292,1790904604010,2026-10-01,21,False,False,False,True,True,False,False,True,False,True
1790904600000,1790904861248,UP,0.71,4.0,0.0577,,-2.8977,1790905504010,2026-10-01,21,False,True,True,True,True,False,True,False,False,True
1790905500000,1790905746653,UP,0.88,3.0,0.0222,1790906178689,0.3313,1790906404009,2026-10-01,21,False,False,True,False,True,False,False,False,False,True
1790906400000,1790906683534,UP,0.65,4.0,0.0637,1790906987618,1.2337,1790907304010,2026-10-01,22,False,False,False,False,True,False,False,True,False,False
1790907300000,1790907542795,DOWN,0.9010000000000001,3.0,0.0188,1790907944181,0.2397,1790908204006,2026-10-01,22,False,True,False,False,False,False,True,False,False,False
1790909100000,1790909344747,UP,0.78,4.0,0.0481,1790909767231,0.8019,1790910004051,2026-10-01,22,False,False,False,False,False,False,False,False,False,False
1790910000000,1790910241364,UP,0.9,3.0,0.0189,1790910834742,0.2746,1790910904017,2026-10-01,23,False,False,False,False,False,False,False,False,False,False
1790910900000,1790911146125,DOWN,0.7799999999999999,3.0,0.0361,1790911615476,0.5918,1790911804006,2026-10-01,23,False,False,False,False,False,False,False,False,False,False
1790911800000,1790912042551,UP,0.88,3.0,0.0222,1790912461001,0.3089,1790912704003,2026-10-01,23,False,False,False,False,False,False,False,False,False,False
1790912700000,1790913087606,DOWN,0.7,4.0,0.0588,,-2.8588,1790913604011,2026-10-01,23,False,True,False,False,False,False,True,True,False,False
1790913600000,1790913848296,UP,0.76,8.0,0.1022,,-6.1822,1790914504037,2026-10-02,0,False,False,True,False,False,False,False,False,False,False
1790914500000,1790914739325,UP,0.84,7.0,0.0659,1790915080301,0.9942,1790915404000,2026-10-02,0,False,False,False,False,False,False,False,False,False,False
1790915400000,1790915639977,DOWN,0.82,7.0,0.0724,1790916164997,1.1127,1790916304004,2026-10-02,0,False,False,False,False,False,True,True,False,False,False
1790916300000,1790916548834,UP,0.74,8.0,0.1078,1790917120372,1.908,1790917204001,2026-10-02,0,False,True,False,False,False,False,True,False,False,False
1790917200000,1790917479834,DOWN,0.67,9.0,0.1393,,2.8307,1790918104002,2026-10-02,1,False,True,False,False,False,False,True,True,False,False
1790918100000,1790918341060,DOWN,0.7,8.0,0.1176,1790918682592,2.1541,1790919004001,2026-10-02,1,False,True,False,False,False,False,True,True,False,False
1790919900000,1790920259404,DOWN,0.68,8.0,0.1219,1790920488111,2.25,1790920804002,2026-10-02,1,False,False,False,False,False,False,False,True,False,False
1790920800000,1790921042145,UP,0.7,9.0,0.1323,,-6.4323,1790921704001,2026-10-02,2,False,True,False,False,False,False,True,True,False,False
1790921700000,1790921943858,UP,0.65,8.0,0.1274,1790922479196,2.6127,1790922604000,2026-10-02,2,False,False,False,False,False,False,False,False,False,False
1790922600000,1790922878522,UP,0.66,9.0,0.1414,,-6.0814,1790923504000,2026-10-02,2,False,True,True,False,False,False,True,True,False,True
1790923500000,1790923883560,UP,0.52,7.0,0.1224,,3.2376,1790924403999,2026-10-02,2,False,True,True,False,False,False,True,False,False,True
1790924400000,1790924699408,DOWN,0.74,8.0,0.1078,,1.9722,1790925303988,2026-10-02,3,False,False,True,False,False,False,False,False,False,True
1790925300000,1790925629200,DOWN,0.64,9.0,0.1452,,3.0948,1790926203995,2026-10-02,3,False,False,True,True,True,False,False,True,False,True
1790926200000,1790926444149,DOWN,0.69,8.0,0.1198,1790926811323,2.2148,1790927103992,2026-10-02,3,False,False,True,True,True,False,False,False,False,True
1790927100000,1790927346354,UP,0.73,8.0,0.1104,1790927702447,1.9726,1790928004044,2026-10-02,3,False,False,True,False,False,False,False,False,False,True
1790928000000,1790928248810,UP,0.948,6.0,0.0208,1790928624739,0.2526,1790928903986,2026-10-02,4,False,False,False,False,False,False,False,False,False,False
1790928900000,1790929144673,UP,0.88,6.0,0.0444,1790929624702,0.6178,1790929803993,2026-10-02,4,False,False,False,False,False,False,False,False,False,False
1790929800000,1790930043885,DOWN,0.73,8.0,0.1104,,2.0496,1790930703982,2026-10-02,4,False,False,False,False,False,False,False,False,False,False
1790930700000,1790931035529,DOWN,0.63,4.0,0.0653,1790931491273,1.389,1790931603992,2026-10-02,4,False,False,False,False,False,False,False,True,False,False
1790931600000,1790931843480,DOWN,0.79,3.0,0.0349,,0.5951,1790932503992,2026-10-02,5,False,False,True,False,False,False,False,False,False,False
1790932500000,1790932976459,DOWN,0.68,4.0,0.061,1790933250234,1.1719,1790933403985,2026-10-02,5,False,True,False,False,False,False,True,True,False,True
1790933400000,1790933642174,UP,0.947,3.0,0.0106,1790934026075,0.1291,1790934303989,2026-10-02,5,False,False,True,False,False,False,False,False,False,True
1790934300000,1790934542158,DOWN,0.52,4.0,0.0699,,-2.1499,1790935203992,2026-10-02,5,False,False,True,False,False,False,False,True,False,True
1790935200000,1790935513773,UP,0.63,4.0,0.0653,,-2.5853,1790936103987,2026-10-02,6,False,True,False,False,False,False,True,True,False,True
1790937000000,1790937356423,UP,0.63,8.0,0.1306,1790937799952,2.7096,1790937903990,2026-10-02,6,False,False,True,False,False,False,False,True,False,True
1790937900000,1790938141285,DOWN,0.85,3.0,0.0268,1790938662244,0.4039,1790938803989,2026-10-02,6,False,True,True,False,False,False,True,False,False,True
1790938800000,1790939055727,UP,0.73,4.0,0.0552,1790939363077,0.9692,1790939703992,2026-10-02,7,False,True,True,False,False,False,True,False,False,True
1790939700000,1790940011531,UP,0.71,4.0,0.0577,,-2.8977,1790940603990,2026-10-02,7,False,False,True,False,False,False,False,False,False,True
1790940600000,1790940849033,UP,0.75,4.0,0.0525,1790941420690,0.9261,1790941503990,2026-10-02,7,False,False,True,False,False,False,False,False,False,False
1790941500000,1790941811955,UP,0.71,4.0,0.0577,,-2.8977,1790942404044,2026-10-02,7,False,False,False,False,False,False,False,False,False,True
1790942400000,1790942639325,DOWN,0.8200000000000001,7.0,0.0724,,1.1876,1790943304043,2026-10-02,8,False,False,True,True,True,False,False,False,False,True
1790943300000,1790943544072,UP,0.85,7.0,0.0625,1790943980041,0.935,1790944203996,2026-10-02,8,False,False,True,True,True,False,False,False,False,True
1790944200000,1790944441751,UP,0.69,4.0,0.0599,,-2.8199,1790945103991,2026-10-02,8,False,False,False,True,False,False,False,False,False,False
1790945100000,1790945340804,UP,0.85,7.0,0.0625,1790945718628,0.9276,1790946003989,2026-10-02,8,False,False,True,False,False,False,False,False,False,False
1790946000000,1790946242785,UP,0.7,8.0,0.1176,,-5.7176,1790946904002,2026-10-02,9,False,False,False,False,False,False,False,True,False,False
1790947800000,1790948044083,UP,0.86,6.0,0.0506,1790948395840,0.738,1790948703995,2026-10-02,9,False,False,True,False,False,False,False,False,False,False
1790948700000,1790948946620,DOWN,0.5,8.0,0.14,1790949322163,3.6207,1790949604003,2026-10-02,9,False,False,True,False,False,False,False,False,False,False
1790949600000,1790949846708,UP,0.67,8.0,0.1239,,-5.4839,1790950504003,2026-10-02,10,False,True,True,False,False,True,True,True,False,False
1790950500000,1790950740428,UP,0.66,8.0,0.1257,,-5.4057,1790951404001,2026-10-02,10,False,False,True,False,True,True,True,False,False,False
1790951400000,1790951641282,DOWN,0.72,8.0,0.1129,1790952213432,2.1099,1790952303999,2026-10-02,10,False,False,False,False,False,False,False,True,False,False
1790952300000,1790952546500,UP,0.76,8.0,0.1022,,-6.1822,1790953204000,2026-10-02,10,False,True,False,False,False,False,True,False,False,False
1790953200000,1790953462716,DOWN,0.67,9.0,0.1393,1790953965303,2.744,1790954104005,2026-10-02,11,False,False,False,False,False,False,False,True,False,False
1790954100000,1790954388091,DOWN,0.68,9.0,0.1371,1790954729912,2.637,1790955004013,2026-10-02,11,False,False,False,False,False,False,False,True,False,False
1790955000000,1790955496656,DOWN,0.68,8.0,0.1219,,2.4381,1790955904013,2026-10-02,11,False,True,False,False,False,False,True,False,False,False
1790955900000,1790956222199,UP,0.62,8.0,0.132,,-5.092,1790956804009,2026-10-02,11,False,False,False,False,False,False,False,True,False,False
1790956800000,1790957049479,UP,0.76,7.0,0.0894,,-5.4094,1790957704013,2026-10-02,12,False,False,True,False,False,False,False,False,False,True
1790957700000,1790957940594,UP,0.69,8.0,0.1198,,-5.6398,1790958604018,2026-10-02,12,False,False,True,False,False,True,True,True,False,True
1790959500000,1790959743008,UP,0.65,8.0,0.1274,,-5.3274,1790960404013,2026-10-02,12,False,False,True,False,False,False,False,True,False,True
1790960400000,1790960640077,UP,0.74,7.0,0.0943,,-5.2743,1790961304010,2026-10-02,13,False,False,True,False,False,False,False,False,False,True
1790961300000,1790961540323,DOWN,0.7,8.0,0.1176,1790962014997,2.2139,1790962204008,2026-10-02,13,False,False,False,False,False,False,False,False,False,False
1790962200000,1790962444488,UP,0.7,8.0,0.1176,,-5.7176,1790963104020,2026-10-02,13,False,False,False,False,False,True,True,False,False,False
1790963100000,1790963365464,UP,0.67,9.0,0.1393,1790963801671,2.7056,1790964004018,2026-10-02,13,False,True,False,False,False,True,True,True,False,False
1790964000000,1790964280664,UP,0.73,8.0,0.1104,1790964832778,2.0068,1790964904011,2026-10-02,14,False,False,False,False,False,False,False,True,False,False
1790964900000,1790965139731,DOWN,0.85,7.0,0.0625,1790965489209,0.935,1790965804007,2026-10-02,14,False,False,True,False,False,False,False,False,False,True
1790965800000,1790966048785,DOWN,0.74,8.0,0.1078,1790966379193,1.9123,1790966704009,2026-10-02,14,False,False,True,False,False,False,False,False,False,True
1790966700000,1790967054848,UP,0.65,9.0,0.1434,1790967319973,2.7534,1790967604010,2026-10-02,14,False,False,False,False,False,True,True,True,False,False
1790967600000,1790968016024,DOWN,0.72,8.0,0.1129,1790968346860,2.1014,1790968504008,2026-10-02,15,False,False,False,False,False,True,True,False,False,False
1790968500000,1790968741980,DOWN,0.62,9.0,0.1485,,-5.7285,1790969404017,2026-10-02,15,False,False,False,False,False,False,False,True,False,False
1790969400000,1790969803757,UP,0.71,9.0,0.1298,1790970150299,2.3551,1790970304010,2026-10-02,15,False,False,True,False,False,False,False,True,False,False
1790970300000,1790970643767,UP,0.66,8.0,0.1257,1790971074250,2.5173,1790971204010,2026-10-02,15,False,False,True,False,False,False,False,True,False,True
1790971200000,1790971444750,UP,0.73,8.0,0.1104,1790971948952,1.9726,1790972104015,2026-10-02,16,False,False,True,False,False,False,False,True,False,True
1790973000000,1790973248788,UP,0.8099999999999999,7.0,0.0755,,-5.7455,1790973904008,2026-10-02,16,False,False,False,False,False,False,False,False,False,False
1790973900000,1790974141952,UP,0.74,7.0,0.0943,1790974698187,1.7107,1790974804014,2026-10-02,16,False,False,True,False,False,False,False,False,False,True
1790974800000,1790975081816,UP,0.68,8.0,0.1219,,2.4381,1790975704018,2026-10-02,17,False,False,True,False,False,False,False,True,False,True
1790975700000,1790976235486,DOWN,0.56,9.0,0.1553,1790976476949,3.6796,1790976604012,2026-10-02,17,False,True,True,False,False,False,True,True,False,True
1790976600000,1790976978394,UP,0.71,8.0,0.1154,1790977334317,2.0848,1790977504014,2026-10-02,17,False,False,True,True,True,False,False,True,False,True
1790977500000,1790977957692,UP,0.69,8.0,0.1198,,2.3602,1790978404020,2026-10-02,17,False,False,True,True,True,False,False,True,False,True
1790978400000,1790978705532,DOWN,0.7,8.0,0.1176,,-5.7176,1790979304020,2026-10-02,18,False,True,True,True,True,False,True,False,False,True
1790982000000,1790982540874,DOWN,0.911,6.0,0.0341,1790982793100,0.4549,1790982904000,2026-10-02,19,False,False,True,False,False,False,False,False,False,True
1790982900000,1790983431076,UP,0.61,10.0,0.1666,1790983718242,3.6906,1790983804008,2026-10-02,19,False,False,True,True,True,False,False,True,False,True
1790983800000,1790984045262,DOWN,0.7700000000000001,7.0,0.0868,,1.5232,1790984704015,2026-10-02,19,False,False,True,True,True,False,False,False,False,False
1790984700000,1790985231104,DOWN,0.72,8.0,0.1129,1790985531383,2.1014,1790985604010,2026-10-02,19,False,False,True,True,True,False,False,False,False,False
1790985600000,1790985839274,DOWN,0.71,8.0,0.1154,,2.2046,1790986504022,2026-10-02,20,False,False,True,True,True,False,False,True,False,False
1790986500000,1790986741782,UP,0.69,8.0,0.1198,1790987317123,2.1721,1790987404017,2026-10-02,20,False,False,True,True,True,False,False,True,False,False
1790987400000,1790987644201,UP,0.7299999999999999,7.0,0.0966,1790988164811,1.6736,1790988304013,2026-10-02,20,False,False,False,True,False,False,False,False,False,False
1790988300000,1790988558280,UP,0.69,8.0,0.1198,,2.3602,1790989204061,2026-10-02,20,False,True,True,True,True,False,True,True,False,False
1790989200000,1790989445950,DOWN,0.73,8.0,0.1104,,2.0496,1790990104011,2026-10-02,21,False,True,False,True,True,False,True,False,False,False
1790990100000,1790990422192,DOWN,0.66,9.0,0.1414,,2.9186,1790991004016,2026-10-02,21,False,False,False,False,True,False,False,True,False,False
1790991000000,1790991243543,UP,0.68,8.0,0.1219,,2.4381,1790991904014,2026-10-02,21,False,True,True,False,True,False,True,True,False,False
1790991900000,1790992382853,DOWN,0.73,8.0,0.1104,,-5.9504,1790992804018,2026-10-02,21,False,False,True,False,True,False,False,False,False,False
1790993700000,1790994002142,UP,0.87,6.0,0.0476,,0.7324,1790994604008,2026-10-02,22,False,False,True,False,True,False,False,False,False,False
1790994600000,1790995130267,UP,0.58,9.0,0.1535,1790995439415,3.5206,1790995507307,2026-10-02,22,False,True,True,False,True,False,True,True,False,False
1790995500000,1790995746650,DOWN,0.8,8.0,,1790996296806,1.8778,1790996407157,2026-10-02,22,False,False,True,False,True,False,False,False,False,False
1790996400000,1790996645896,UP,0.61,8.0,0.1333,,-5.0133,1790997307211,2026-10-02,23,False,False,True,False,True,False,False,False,False,False
1790997300000,1790997541461,UP,0.87,6.0,0.0476,1790998073983,0.6746,1790998207159,2026-10-02,23,False,False,True,False,True,False,False,False,False,False
1790998200000,1790998449509,UP,0.72,8.0,0.1129,1790998954501,2.033,1790999107154,2026-10-02,23,False,True,True,False,True,False,True,False,False,False
1790999100000,1790999511491,UP,0.6499999999999999,9.0,0.1434,1790999833927,2.8334,1791000007213,2026-10-02,23,False,False,True,True,True,False,False,True,False,False
1791000000000,1791000243487,UP,0.68,33.0,0.5027,,-22.9427,1791000907206,2026-10-03,0,False,False,False,True,False,False,False,False,False,False
1791000900000,1791001140346,DOWN,0.84,29.0,0.27290000000000003,1791001590333,4.0879,1791001807149,2026-10-03,0,False,False,True,True,True,False,False,False,False,False
1791001800000,1791002043914,UP,0.7,33.0,0.4851,,9.4149,1791002707160,2026-10-03,0,False,False,True,True,True,False,False,False,False,False
1791002700000,1791002945732,UP,0.85,29.0,0.2589,,4.0911,1791003607203,2026-10-03,0,False,False,False,False,True,False,False,False,False,False
1791003600000,1791003839727,DOWN,0.77,32.0,0.39680000000000004,,6.9632,1791004507201,2026-10-03,1,False,False,False,True,True,False,False,False,False,False
1791004500000,1791004748459,UP,0.75,33.0,0.4332,1791005217472,7.4991,1791005407207,2026-10-03,1,False,False,True,True,True,False,False,False,False,False
1791005400000,1791005642854,UP,0.7,36.0,0.5292,,10.2708,1791006307151,2026-10-03,1,False,False,False,True,True,False,False,True,False,False
1791006300000,1791006541707,UP,0.7,35.0,0.5145,,-25.0145,1791007207208,2026-10-03,1,False,False,False,True,True,False,False,False,False,False
1791009900000,1791010193494,DOWN,0.85,29.0,0.2589,1791010632489,3.657,1791010807150,2026-10-03,2,False,True,True,True,True,False,True,True,False,False
1791010800000,1791011173172,UP,0.7700000000000001,34.0,0.4215,,7.3985,1791011707142,2026-10-03,3,False,False,True,True,True,False,False,False,False,False
1791011700000,1791011968779,DOWN,0.6599999999999999,38.0,0.597,,-25.677,1791012607144,2026-10-03,3,False,False,True,True,True,False,False,True,False,False
1791015300000,1791015662167,DOWN,0.9000000000000001,28.0,0.1764,1791016053899,2.4139,1791016207198,2026-10-03,4,False,False,True,True,True,False,False,True,False,False
1791016200000,1791016447568,DOWN,0.73,33.0,0.4554,,-24.5454,1791017107192,2026-10-03,4,False,False,True,True,True,False,False,False,False,False
1791029700000,1791029941950,UP,0.926,27.0,0.1296,1791030354852,1.6085,1791030607136,2026-10-03,8,False,False,False,False,True,False,False,False,False,False
1791030600000,1791030947699,UP,0.6,37.0,0.6216,,-22.8216,1791031507143,2026-10-03,8,False,False,False,False,False,False,False,True,False,False
1791031500000,1791032056092,UP,0.935,26.0,0.1107,1791032238896,1.3846,1791032407197,2026-10-03,8,False,False,False,False,False,False,False,False,False,False
1791032400000,1791032645392,DOWN,0.67,37.0,0.5727,1791033200014,11.0835,1791033307197,2026-10-03,9,False,False,False,False,False,False,False,True,False,False
1791033300000,1791033546812,DOWN,0.79,32.0,0.3717,1791034085904,6.1087,1791034207199,2026-10-03,9,False,True,True,False,False,False,True,False,False,False
1791034200000,1791034454134,UP,0.88,28.0,0.207,1791034889825,2.8867,1791035107145,2026-10-03,9,False,True,True,False,False,False,True,False,False,False
1791035100000,1791035361934,UP,0.67,37.0,0.5727,1791035864202,10.9255,1791036007189,2026-10-03,9,False,True,True,False,False,False,True,True,False,False
1791036000000,1791036248537,DOWN,0.9,28.0,0.1764,1791036730694,2.384,1791036907194,2026-10-03,10,False,False,True,False,False,False,False,False,False,False
1791036900000,1791037145017,UP,0.61,37.0,0.6162,1791037613530,13.1415,1791037807195,2026-10-03,10,False,True,True,False,False,False,True,True,False,False
1791037800000,1791038041977,DOWN,0.8,31.0,0.3472,1791038501895,5.6207,1791038707195,2026-10-03,10,False,False,True,False,False,False,False,False,False,False
1791038700000,1791038939964,UP,0.939,26.0,0.1043,1791039459755,1.3982,1791039607193,2026-10-03,10,False,False,False,False,False,False,False,False,False,False
1791039600000,1791039843536,DOWN,0.87,29.0,0.2296,,3.5404,1791040507246,2026-10-03,11,False,False,True,False,False,False,False,False,False,False
1791040500000,1791040837050,UP,0.7,35.0,0.5145,,9.9855,1791041407207,2026-10-03,11,False,False,True,True,True,False,False,False,False,False
1791041400000,1791041646357,DOWN,0.83,30.0,0.2964,,-25.1964,1791042307158,2026-10-03,11,False,False,True,True,True,False,False,False,False,False
1791044100000,1791044548760,DOWN,0.909,27.000000000000004,0.1564,1791044913495,2.1561,1791045007160,2026-10-03,12,False,False,True,True,True,False,False,True,False,False
1791045000000,1791045241012,UP,0.73,34.0,0.4691,,8.7109,1791045907202,2026-10-03,12,False,False,True,True,True,False,False,False,False,False
1791045900000,1791046148900,UP,0.71,35.0,0.5045,1791046690657,9.2338,1791046807214,2026-10-03,12,False,False,True,True,True,False,False,False,False,False
1791046800000,1791047270247,UP,0.71,34.0,0.4901,1791047630275,8.8247,1791047707164,2026-10-03,13,False,False,True,True,True,False,False,False,False,False
1791047700000,1791047942856,UP,0.8099999999999999,30.000000000000004,0.3232,,5.3768,1791048607208,2026-10-03,13,False,False,False,True,False,False,False,False,False,False
1791048600000,1791048848985,DOWN,0.8600000000000001,29.0,0.2445,,-25.1845,1791049507165,2026-10-03,13,False,False,True,True,True,False,False,False,False,False
1791052200000,1791052760665,DOWN,0.95,26.0,0.0865,1791052989904,1.13,1791053107168,2026-10-03,14,False,False,False,False,True,False,False,False,False,False
1791053100000,1791053498055,DOWN,0.72,36.0,0.5081,,-26.4281,1791054007213,2026-10-03,14,False,False,True,False,True,False,False,True,False,False
1791054000000,1791054241398,DOWN,0.927,27.0,0.1279,1791054748365,1.6409,1791054907206,2026-10-03,15,False,False,False,True,True,False,False,False,False,False
1791054900000,1791055186706,DOWN,0.62,37.0,0.6103,1791055707760,12.2248,1791055807867,2026-10-03,15,False,False,False,True,True,False,False,True,False,False
1791055800000,1791056046350,DOWN,0.76,32.0,0.40859999999999996,1791056506431,6.8608,1791056707160,2026-10-03,15,False,False,False,False,False,False,False,False,False,False
1791056700000,1791056948779,DOWN,0.77,32.0,0.3968,,-25.0368,1791057607369,2026-10-03,15,False,False,False,False,False,False,False,False,False,False
1791057600000,1791057839838,UP,0.8,29.0,0.3248,1791058417570,5.3201,1791058507216,2026-10-03,16,False,False,True,False,True,False,False,False,False,False
1791058500000,1791058813059,UP,0.63,36.0,0.5874999999999999,,12.7325,1791059407215,2026-10-03,16,False,True,True,False,True,False,True,True,False,False
1791059400000,1791059724530,DOWN,0.69,36.0,0.5391,1791060195994,10.3129,1791060307215,2026-10-03,16,False,True,False,False,True,False,True,True,False,False
1791061200000,1791061444795,DOWN,0.7,36.0,0.5292,1791061768491,9.5398,1791062107214,2026-10-03,17,False,False,False,False,False,False,False,True,False,False
1791062100000,1791062342362,UP,0.81,31.0,0.334,,5.556,1791063007216,2026-10-03,17,False,True,False,False,False,False,True,False,False,False
1791063000000,1791063275009,UP,0.7,38.0,0.5586,,-27.1586,1791063907218,2026-10-03,17,False,True,False,False,False,False,True,True,False,False
1791070200000,1791070678591,UP,0.9,28.0,0.1764,1791071021458,2.4738,1791071107262,2026-10-03,19,False,False,True,True,True,False,False,False,False,False
1791071100000,1791071416513,DOWN,0.65,38.0,0.6052,,12.6948,1791072007215,2026-10-03,19,False,False,True,True,True,False,False,True,False,False
1791072000000,1791072246693,UP,0.74,35.0,0.4714,1791072784839,7.9179,1791072907218,2026-10-03,20,False,False,True,True,True,False,False,False,False,False
1791072900000,1791073206450,UP,0.69,36.0,0.5391,,-25.3791,1791073807222,2026-10-03,20,False,False,False,True,True,False,False,True,False,False
1791076500000,1791076747715,DOWN,0.72,34.0,0.4799,1791077318703,8.8582,1791077407221,2026-10-03,21,False,False,False,False,True,False,False,False,False,False
1791077400000,1791077707530,UP,0.81,30.0,0.3232,1791078213493,5.1522,1791078307169,2026-10-03,21,False,False,False,False,True,False,False,False,False,False
1791078300000,1791078746582,UP,0.72,35.0,0.494,1791079136299,9.1936,1791079207212,2026-10-03,21,False,True,True,False,True,False,True,False,False,False
1791079200000,1791079440024,UP,0.81,31.0,0.334,1791080009262,5.2907,1791080107210,2026-10-03,22,False,False,True,False,True,False,False,False,False,False
1791080100000,1791080589052,UP,0.77,32.0,0.3968,,6.9632,1791081007213,2026-10-03,22,False,True,False,False,True,False,True,False,False,False
1791081000000,1791081249182,UP,0.68,37.0,0.5636,,-25.7236,1791081907164,2026-10-03,22,False,True,False,False,True,False,True,True,False,False
1791084600000,1791084909704,UP,0.935,26.0,0.1107,1791085419396,1.468,1791085507210,2026-10-03,23,False,False,True,False,True,False,False,False,False,False
1791085500000,1791085754228,DOWN,0.66,37.0,0.5812,1791086248260,11.3265,1791086407164,2026-10-03,23,False,False,False,False,False,False,False,True,False,False
1791086400000,1791086645806,UP,0.69,36.0,0.5391,,-25.3791,1791087307406,2026-10-04,0,False,False,False,False,True,False,False,True,False,False
1791094500000,1791094914544,UP,0.952,26.0,0.0832,,-24.8352,1791095407251,2026-10-04,2,False,False,False,False,False,False,False,True,False,False
1791095400000,1791095649930,UP,0.89,28.0,0.1919,,2.8881,1791096307202,2026-10-04,2,False,False,False,False,False,False,False,False,False,False
1791096300000,1791096540938,UP,0.8,31.0,0.3472,1791097093628,5.5213,1791097207191,2026-10-04,2,False,False,False,False,False,False,False,False,False,False
1791097200000,1791097643076,DOWN,0.69,36.0,0.5391,1791098024322,10.2359,1791098107197,2026-10-04,3,False,True,False,False,False,False,True,True,False,False
1791098100000,1791098349142,DOWN,0.9211692592592593,27.0,0.13733,,1.9911,1791099007144,2026-10-04,3,False,False,True,False,False,False,False,False,False,False
1791099000000,1791099247575,DOWN,0.85,29.0,0.2589,,4.0911,1791099907198,2026-10-04,3,False,False,False,False,False,False,False,False,False,False
1791099900000,1791100148987,UP,0.86,28.0,0.236,1791100677945,3.5641,1791100807197,2026-10-04,3,False,False,True,False,False,False,False,False,False,False
1791100800000,1791101074215,UP,0.67,36.0,0.5572,1791101535327,10.6302,1791101707188,2026-10-04,4,False,False,False,False,False,False,False,True,False,False
1791101700000,1791102009622,DOWN,0.78,34.0,0.4085,,-26.9285,1791102607184,2026-10-04,4,False,False,False,False,False,False,False,False,False,False
1791102600000,1791102841507,DOWN,0.912,27.0,0.1517,1791103363827,2.0221,1791103507189,2026-10-04,4,False,False,False,False,False,False,False,False,False,False
1791103500000,1791103747195,UP,0.79,32.0,0.3717,,6.3483,1791104407192,2026-10-04,4,False,False,True,False,False,False,False,False,False,False
1791104400000,1791104639418,DOWN,0.82,30.0,0.31,,-24.91,1791105307135,2026-10-04,5,False,False,True,False,False,False,False,False,False,False
1791105300000,1791105789524,UP,0.946,26.0,0.093,1791106021102,1.1163,1791106207142,2026-10-04,5,False,False,True,False,False,False,False,False,False,False
1791106200000,1791106440715,DOWN,0.68,34.0,0.5179,,-23.6379,1791107107184,2026-10-04,5,False,False,False,False,False,True,True,False,False,False
1791107100000,1791107388196,UP,0.82,31.0,0.3203,,-25.7403,1791108007141,2026-10-04,5,False,False,False,False,False,False,False,False,False,False
1791108900000,1791109140403,UP,0.939,27.0,0.1083,1791109567850,1.2788,1791109807138,2026-10-04,6,False,False,False,False,False,False,False,False,False,False
1791109800000,1791110046251,DOWN,0.7,35.0,0.5145,1791110463632,9.6112,1791110707136,2026-10-04,6,False,False,True,False,False,False,False,False,False,False
1791110700000,1791111238902,DOWN,0.62,40.0,0.6597,1791111491279,13.8135,1791111607137,2026-10-04,6,False,False,True,False,False,False,False,True,False,False
1791111600000,1791111841715,DOWN,0.82,30.0,0.31,,5.09,1791112507189,2026-10-04,7,False,False,True,False,False,False,False,False,False,False
1791112500000,1791112743879,UP,0.6600000000000001,36.0,0.5655,1791113194269,11.0588,1791113407134,2026-10-04,7,False,False,True,False,False,False,False,True,False,False
1791113400000,1791113746455,DOWN,0.68,38.0,0.5789,,11.5811,1791114307130,2026-10-04,7,False,False,True,False,False,False,False,True,False,False
1791114300000,1791114645423,UP,0.68,35.0,0.5332,1791115108156,10.4421,1791115207143,2026-10-04,7,False,False,False,False,False,False,False,False,False,False
1791115200000,1791115444523,UP,0.72,35.0,0.494,1791115835136,8.7074,1791116107138,2026-10-04,8,False,False,False,True,True,False,False,False,False,False
1791116100000,1791116368776,DOWN,0.52,38.0,0.664,,-20.424,1791117007136,2026-10-04,8,False,False,True,True,True,False,False,True,False,False
1791117900000,1791118145231,DOWN,0.81,31.0,0.334,1791118639926,5.2907,1791118807144,2026-10-04,8,False,False,False,True,False,False,False,False,False,False
1791118800000,1791119226774,UP,0.63,35.0,0.5711,,12.3789,1791119707192,2026-10-04,9,False,True,False,False,True,False,True,False,False,False
1791119700000,1791119939264,UP,0.71,35.0,0.5045,1791120392505,9.0469,1791120607190,2026-10-04,9,False,False,True,False,True,False,False,False,False,False
1791120600000,1791120842511,UP,0.76,33.0,0.4214,,7.4986,1791121507198,2026-10-04,9,False,False,True,True,True,False,False,False,False,False
1791121500000,1791121743150,UP,0.85,30.0,0.2678,,4.2322,1791122407145,2026-10-04,9,False,True,False,True,True,False,True,False,False,False
1791123300000,1791123547669,DOWN,0.75,34.0,0.4463,,8.0537,1791124207149,2026-10-04,10,False,False,True,True,True,False,False,False,False,False
1791124200000,1791124643451,DOWN,0.82,30.0,0.31,1791125007110,4.9937,1791125107200,2026-10-04,10,False,False,True,True,True,False,False,False,False,False
1791125100000,1791125340060,DOWN,0.74,33.0,0.4445,,-24.8645,1791126007198,2026-10-04,10,False,False,False,True,True,False,False,False,False,False
1791126000000,1791126269088,UP,0.87,29.0,0.2296,,3.5404,1791126907196,2026-10-04,11,False,False,True,True,True,False,False,False,False,False
1791126900000,1791127146780,UP,0.6799999999999999,35.0,0.5332,,-24.3332,1791127807150,2026-10-04,11,False,True,False,True,True,False,True,False,False,False
1791129600000,1791129840430,DOWN,0.87,28.0,0.2217,,3.4183,1791130507154,2026-10-04,12,False,False,True,True,True,False,False,False,False,False
1791132300000,1791132569232,UP,0.83,29.0,0.2865,1791133129098,4.4884,1791133207317,2026-10-04,12,False,False,True,True,True,False,False,False,False,False
1791133200000,1791133460713,UP,0.68,36.0,0.5484,,-25.0284,1791134107307,2026-10-04,13,False,False,False,True,True,False,False,True,False,False
1791134100000,1791134765868,UP,0.977,25.0,0.0394,1791134822722,0.2949,1791135007793,2026-10-04,13,False,False,False,False,True,False,False,True,False,False
1791135000000,1791135291282,DOWN,0.67,38.0,0.5882,1791135749018,11.6673,1791135907212,2026-10-04,13,False,False,False,False,True,False,False,True,False,False
1791135900000,1791136345271,DOWN,0.77,33.0,0.4092,1791136702423,7.0395,1791136807202,2026-10-04,13,False,False,False,False,True,False,False,False,False,False
1791136800000,1791137067718,UP,0.65,36.0,0.5733,,-23.9733,1791137707209,2026-10-04,14,False,False,True,False,True,True,True,True,False,False
1791140400000,1791140703877,UP,0.85,28.0,0.2499,1791141215311,3.7704,1791141307210,2026-10-04,15,False,True,True,False,True,False,True,False,False,False
1791141300000,1791141693060,UP,0.67,38.0,0.5882,1791142083671,11.6266,1791142207210,2026-10-04,15,False,True,False,False,True,False,True,True,False,False
1791142200000,1791142448196,UP,0.87,30.0,0.2376,,-26.3376,1791143107203,2026-10-04,15,False,False,False,False,False,False,False,False,False,False
1791144900000,1791145145307,UP,0.8,31.0,0.3472,,5.8528,1791145807912,2026-10-04,16,False,False,False,False,True,False,False,False,False,False
1791145800000,1791146055648,UP,0.79,31.0,0.3601,1791146560090,6.0835,1791146707170,2026-10-04,16,False,True,True,False,True,False,True,False,False,False
1791146700000,1791146944535,UP,0.73,34.0,0.4691,1791147529176,8.4927,1791147607171,2026-10-04,16,False,False,False,False,False,False,False,False,False,False
1791147600000,1791147949160,UP,0.64,37.0,0.5968,1791148283694,12.0509,1791148507171,2026-10-04,17,False,True,False,False,False,False,True,True,False,False
1791148500000,1791148845524,DOWN,0.84,31.0,0.2917,1791149268856,4.5025,1791149407174,2026-10-04,17,False,False,False,False,False,True,True,False,False,False
1791149400000,1791149672683,UP,0.66,38.0,0.597,1791150045216,11.5514,1791150307213,2026-10-04,17,False,False,False,False,False,True,True,True,False,False
1791150300000,1791150585877,DOWN,0.72,35.0,0.494,1791151080702,8.9317,1791151207220,2026-10-04,17,False,False,True,False,False,True,True,False,False,False
1791151200000,1791151443921,UP,0.88,28.0,0.207,1791151772327,2.8535,1791152107205,2026-10-04,18,False,False,False,False,False,False,False,False,False,False
1791152100000,1791152342746,UP,0.89,28.0,0.1919,,-25.1119,1791153007219,2026-10-04,18,False,False,False,False,False,False,False,False,False,False
1791153000000,1791153245491,UP,0.7100000000000001,36.0,0.5189,1791153742960,9.1132,1791153907216,2026-10-04,18,False,False,False,False,False,True,True,True,False,False
1791153900000,1791154141917,DOWN,0.66,38.0,0.597,,-25.677,1791154807209,2026-10-04,18,False,True,False,False,False,False,True,True,False,False
1791154800000,1791155107601,UP,0.71,37.0,0.5333,1791155556369,9.5639,1791155707162,2026-10-04,19,False,True,False,False,False,False,True,True,False,False
1791155700000,1791156238983,UP,0.6,40.0,0.672,1791156468259,14.8148,1791156607214,2026-10-04,19,False,False,True,False,False,False,False,True,False,False
1791157500000,1791157874838,UP,0.66,37.0,0.5812,,11.9988,1791158407919,2026-10-04,19,False,False,True,False,False,False,False,True,False,False
1791158400000,1791158647263,DOWN,0.75,32.0,0.42,1791159191626,7.3404,1791159307222,2026-10-04,20,False,False,True,False,False,False,False,False,False,False
1791159300000,1791159540238,UP,0.67,36.0,0.5572,,-24.6772,1791160207217,2026-10-04,20,False,True,True,False,False,False,True,True,False,False
1791160200000,1791160765275,UP,0.83,30.0,0.2964,1791160914203,4.7073,1791161107216,2026-10-04,20,False,False,False,False,False,True,True,False,False,False
1791161100000,1791161496952,UP,0.64,34.0,0.5484,1791161922699,11.5097,1791162007213,2026-10-04,20,False,False,True,False,False,False,False,False,False,False
1791162000000,1791162242348,DOWN,0.84,29.0,0.2729,,-24.6329,1791162907162,2026-10-04,21,False,False,True,False,False,False,False,False,False,False
1791162900000,1791163174493,UP,0.73,34.0,0.4691,1791163676372,8.3473,1791163807214,2026-10-04,21,False,False,False,False,False,False,False,False,False,False
1791163800000,1791164047782,DOWN,0.8699999999999999,30.0,0.2376,1791164588580,3.5019,1791164707169,2026-10-04,21,False,False,False,False,False,False,False,False,False,False
1791164700000,1791165056935,DOWN,0.78,32.0,0.3844,1791165515856,6.3456,1791165607215,2026-10-04,21,False,True,True,False,False,False,True,False,False,False
1791165600000,1791165866111,UP,0.75,35.0,0.4594,1791166438249,8.2157,1791166507316,2026-10-04,22,False,False,True,False,False,True,True,False,False,False
1791166500000,1791166741717,DOWN,0.76,32.0,0.4086,1791167296575,7.1687,1791167409806,2026-10-04,22,False,True,True,False,False,False,True,False,False,False
1791167400000,1791167646084,DOWN,0.47,36.0,0.6278,,-17.5478,1791168307211,2026-10-04,22,False,False,False,False,False,False,False,True,False,False
1791168300000,1791168544650,DOWN,0.73,32.0,0.4416,1791169108453,7.9588,1791169207261,2026-10-04,22,False,False,True,False,False,True,True,False,False,False
1791169200000,1791169533882,DOWN,0.69,36.0,0.5391,1791170028035,10.2744,1791170107219,2026-10-04,23,False,False,True,True,True,False,False,True,False,False
1791170100000,1791170339235,DOWN,0.77,33.0,0.4092,,7.1808,1791171007570,2026-10-04,23,False,False,True,False,True,False,False,False,False,False
1791171000000,1791171240257,DOWN,0.78,32.0,0.38439999999999996,1791171748420,6.4502,1791171907156,2026-10-04,23,False,False,True,False,True,False,False,False,False,False
1791171900000,1791172155617,UP,0.68,36.0,0.5484,,-25.0284,1791172807169,2026-10-04,23,False,False,False,False,True,False,False,True,False,False
1791172800000,1791173199069,UP,0.72,35.0,0.494,,-25.694,1791173707170,2026-10-05,0,False,False,False,False,False,True,True,False,False,False
1791173700000,1791173943829,DOWN,0.78,31.0,0.3724,1791174487604,6.2486,1791174607202,2026-10-05,0,False,False,False,False,False,False,False,False,False,False
1791174600000,1791174847883,DOWN,0.83,30.0,0.2964,1791175285545,4.5469,1791175507199,2026-10-05,0,False,False,False,False,False,False,False,False,False,False
1791175500000,1791175750669,UP,0.71,35.0,0.5045,,-25.3545,1791176407154,2026-10-05,0,False,False,False,False,False,False,False,False,False,False
1791177300000,1791177548377,DOWN,0.66,32.0,0.5027,,-21.6227,1791178207206,2026-10-05,1,False,False,False,False,False,False,False,False,False,False
1791180000000,1791180240772,UP,0.84,27.0,0.2541,1791180775753,3.9503,1791180907305,2026-10-05,2,False,False,False,False,False,False,False,False,False,False
1791180900000,1791181149248,UP,0.84,30.0,0.2823,,-25.4823,1791181807198,2026-10-05,2,False,False,False,False,False,False,False,False,False,False
1791181800000,1791182141696,DOWN,0.7,37.0,0.5439,1791182624477,10.0616,1791182707197,2026-10-05,2,False,False,False,False,False,False,False,True,False,False
1791182700000,1791182942153,UP,0.9320000000000002,26.0,0.1154,1791183301139,1.3745,1791183607197,2026-10-05,2,False,False,False,False,False,False,False,False,False,False
1791183600000,1791184115658,UP,0.82,31.0,0.3203,,5.2597,1791184507187,2026-10-05,3,False,False,False,False,False,False,False,False,False,False
1791184500000,1791184748790,UP,0.65,36.0,0.5733,,-23.9733,1791185407142,2026-10-05,3,False,True,False,False,True,False,True,True,False,False
1791185400000,1791185652192,UP,0.6200000000000001,38.0,0.6267,1791186196226,13.4881,1791186307190,2026-10-05,3,False,False,False,False,True,True,True,True,False,False
1791186300000,1791186546902,DOWN,0.73,34.0,0.46909999999999996,1791186983795,8.1872,1791187207135,2026-10-05,3,False,False,True,False,True,False,False,False,False,False
1791187200000,1791187441194,UP,0.87,29.0,0.2296,1791187814161,3.2303,1791188107132,2026-10-05,4,False,False,True,False,True,False,False,False,False,False
1791188100000,1791188349286,DOWN,0.85,30.0,0.2678,,-25.7678,1791189007134,2026-10-05,4,False,False,True,False,True,False,False,False,False,False
1791189000000,1791189280712,DOWN,0.84,30.0,0.2823,1791189767105,4.3251,1791189907188,2026-10-05,4,False,False,True,False,True,False,False,False,False,False
1791189900000,1791190141359,DOWN,0.84,27.000000000000004,0.2541,,4.0659,1791190807183,2026-10-05,4,False,False,False,False,False,False,False,False,False,False
1791191700000,1791191946120,DOWN,0.89,28.0,0.1919,1791192526163,2.7084,1791192607185,2026-10-05,5,False,False,False,False,False,False,False,False,False,False
1791192600000,1791193110328,UP,0.83,31.0,0.3062,,4.9638,1791193507180,2026-10-05,5,False,True,False,False,False,False,True,False,False,False
1791193500000,1791193796222,UP,0.66,37.0,0.5812,,11.9988,1791194407133,2026-10-05,5,False,False,True,False,False,False,False,True,False,False
1791194400000,1791194648134,UP,0.79,31.0,0.3601,,6.1499,1791195307187,2026-10-05,6,False,False,True,False,False,False,False,False,False,False
1791195300000,1791195549046,UP,0.71,35.0,0.5045,1791195979087,9.0469,1791196207137,2026-10-05,6,False,False,False,False,False,False,False,False,False,False
1791196200000,1791196448606,DOWN,0.68,29.0,0.4418,1791196922593,8.0637,1791197107136,2026-10-05,6,False,False,False,False,False,False,False,False,False,False
1791197100000,1791197343594,UP,0.87,28.0,0.2217,1791197770493,3.1787,1791198007136,2026-10-05,6,False,False,False,False,False,False,False,False,False,False
1791198000000,1791198245410,DOWN,0.87,29.0,0.22959999999999997,1791198674130,3.3212,1791198907184,2026-10-05,7,False,False,True,False,False,False,False,False,False,False
1791198900000,1791199143571,UP,0.79,32.0,0.3717,1791199615180,6.0745,1791199807132,2026-10-05,7,False,False,True,False,False,False,False,False,False,False
1791200700000,1791201114689,DOWN,0.8,31.0,0.3472,,-25.1472,1791201607186,2026-10-05,7,False,True,True,True,True,False,True,False,False,False
1791201600000,1791201848130,DOWN,0.7458411764705883,34.0,0.4512,1791202392802,7.7176,1791202507185,2026-10-05,8,False,False,True,True,True,True,True,False,False,False
1791202500000,1791202856004,DOWN,0.58,37.0,0.631,1791203303895,14.3947,1791203407140,2026-10-05,8,False,True,True,True,True,False,True,True,False,False
1791203400000,1791203642338,DOWN,0.81,32.0,0.3448,1791204092879,5.4614,1791204307185,2026-10-05,8,False,False,False,True,True,False,False,False,False,False
1791204300000,1791204546558,DOWN,0.79,32.0,0.3717,,6.3483,1791205207144,2026-10-05,8,False,False,False,True,True,False,False,False,False,False
1791205200000,1791205444623,UP,0.934,26.0,0.1122,1791205825125,1.4091,1791206107193,2026-10-05,9,False,False,True,True,True,False,False,False,False,False
1791206100000,1791206347201,UP,0.69,34.0,0.5091,,-23.9691,1791207007201,2026-10-05,9,False,False,True,True,True,False,False,False,False,False
1791207000000,1791207243353,DOWN,0.8,30.0,0.336,1791207829188,5.6319,1791207907155,2026-10-05,9,False,False,True,True,True,False,False,False,False,False
1791207900000,1791208145061,UP,0.9,27.0,0.1701,1791208555582,2.3566,1791208807143,2026-10-05,9,False,False,False,True,True,False,False,False,False,False
1791208800000,1791209057044,DOWN,0.73,34.0,0.4691,,-25.2891,1791209707148,2026-10-05,10,False,True,True,True,True,False,True,False,False,False
1791210600000,1791210843654,DOWN,0.975,25.0,0.0427,1791211169969,0.4218,1791211507148,2026-10-05,10,False,False,True,False,True,False,False,False,False,False
1791211500000,1791211739250,DOWN,0.82999375,32.0,0.31610000000000005,,5.1241,1791212407191,2026-10-05,10,False,False,False,False,False,False,False,False,False,False
1791212400000,1791212689581,DOWN,0.6,38.0,0.6384,,14.5616,1791213307203,2026-10-05,11,False,True,False,False,False,False,True,True,False,False
1791213300000,1791213833017,DOWN,0.58,44.0,0.7503,,17.7297,1791214207202,2026-10-05,11,False,True,False,False,False,False,True,True,False,False
1791214200000,1791214445122,DOWN,0.9160000000000001,26.0,0.1401,,2.0439,1791215107153,2026-10-05,11,False,False,False,False,False,False,False,False,False,False
1791215100000,1791215348651,UP,0.5599999999999999,37.0,0.6382,,-21.3582,1791216007206,2026-10-05,11,False,True,True,False,False,False,True,True,False,True
1791216000000,1791216258995,DOWN,0.61,35.0,0.5829,,13.0671,1791216907156,2026-10-05,12,False,False,False,False,False,False,False,False,False,True
1791216900000,1791217142141,DOWN,0.77,34.0,0.4215,,7.3985,1791217807202,2026-10-05,12,False,False,False,False,False,False,False,False,False,False
1791217800000,1791218044991,UP,0.71,37.0,0.5333,,10.1967,1791218707154,2026-10-05,12,False,True,True,False,False,False,True,True,False,True
1791218700000,1791218967077,UP,0.71,34.0,0.4901,,9.3699,1791219607150,2026-10-05,12,False,False,False,False,False,False,False,False,False,True
1791219600000,1791219839965,DOWN,0.76,29.0,0.3703,,6.5897,1791220507200,2026-10-05,13,False,False,True,False,False,False,False,False,False,True
1791220500000,1791220749005,UP,0.83,29.0,0.2865,,4.6435,1791221407205,2026-10-05,13,False,False,False,False,False,False,False,False,False,True
1791221400000,1791221646466,DOWN,0.79,33.0,0.3833,,6.5467,1791222307157,2026-10-05,13,False,False,True,False,False,False,False,False,False,True
1791222300000,1791222540404,DOWN,0.8,30.0,0.336,,-24.336,1791223207317,2026-10-05,13,False,False,True,False,False,False,False,False,False,True
1791223200000,1791223527961,DOWN,0.72,34.0,0.4799,,-24.9599,1791224107213,2026-10-05,14,False,False,False,False,False,True,True,False,False,True
1791224100000,1791224404040,UP,0.7,34.0,0.4998,,9.7002,1791225007156,2026-10-05,14,False,False,False,False,False,False,False,True,False,True
1791225000000,1791225310772,UP,0.73,40.0,0.5519,,10.2481,1791225907161,2026-10-05,14,False,False,False,False,False,False,False,True,False,False
1791225900000,1791226390145,DOWN,0.65,38.0,0.6052,,-25.3052,1791226807159,2026-10-05,14,False,True,False,False,False,False,True,True,False,False
1791226800000,1791227041780,DOWN,0.84,37.0,0.3481,,-31.4281,1791227707208,2026-10-05,15,False,False,False,False,False,False,False,False,False,True
1791227700000,1791227948333,UP,0.84,37.0,0.3481,,5.5719,1791228607157,2026-10-05,15,False,False,False,False,False,False,False,False,False,False
1791228600000,1791228841675,UP,0.72,44.0,0.621,,-32.301,1791229507166,2026-10-05,15,False,False,False,False,False,False,False,True,False,True
1791229500000,1791230138330,DOWN,0.79,34.0,0.3949,,-27.2549,1791230407210,2026-10-05,15,False,True,True,False,False,False,True,True,False,True
1791230400000,1791230751765,DOWN,0.81,37.0,0.3987,,6.6313,1791231307163,2026-10-05,16,False,False,True,False,False,False,False,False,False,True
1791231300000,1791231543940,UP,0.85,35.0,0.3124,,4.9376,1791232207159,2026-10-05,16,False,True,True,False,False,False,True,False,False,True
1791232200000,1791232538647,DOWN,0.71,31.0,0.4469,,-22.4569,1791233107958,2026-10-05,16,False,True,True,False,False,False,True,False,False,True
1791233100000,1791233446510,UP,0.76,38.0,0.4852,,8.6348,1791234007168,2026-10-05,16,False,False,False,False,False,False,False,True,False,True
1791234000000,1791234245022,DOWN,0.83,36.0,0.3556,,5.7644,1791234907166,2026-10-05,17,False,False,True,False,False,False,False,False,False,True
1791234900000,1791235145631,UP,0.86,30.0,0.2529,,3.9471,1791235807163,2026-10-05,17,False,False,True,False,False,False,False,False,False,True
1791235800000,1791236047320,UP,0.73,36.0,0.4967,,9.2233,1791236707154,2026-10-05,17,False,False,True,False,False,False,False,True,False,True
1791236700000,1791237027097,UP,0.67,37.0,0.5727,,11.6373,1791237607154,2026-10-05,17,False,False,True,False,True,False,False,True,False,True
1791237600000,1791237902298,UP,0.66,36.0,0.5655,,11.6745,1791238507221,2026-10-05,18,False,False,False,False,True,False,False,True,False,False
1791238500000,1791238764860,UP,0.67,35.0,0.5417,,11.0083,1791239407160,2026-10-05,18,False,False,False,False,True,False,False,False,False,False
1791239400000,1791239651371,DOWN,0.65,38.0,0.6052,,12.6948,1791240307214,2026-10-05,18,False,False,True,False,True,False,False,True,False,True
1791240300000,1791240565598,DOWN,0.65,38.0,0.6052,,12.6948,1791241207212,2026-10-05,18,False,True,True,True,True,False,True,True,False,True
1791241200000,1791241448304,UP,0.88,28.0,0.207,,-24.847,1791242107209,2026-10-05,19,False,False,True,True,True,False,False,False,False,True
1791242100000,1791242509806,UP,0.77,40.0,0.4959,,8.7041,1791243007224,2026-10-05,19,False,False,True,False,True,True,True,True,False,True
1791243000000,1791243241195,DOWN,0.78,40.0,0.4805,,8.3195,1791243907266,2026-10-05,19,False,True,True,False,True,False,True,False,False,False
1791243900000,1791244146412,DOWN,0.8,30.0,0.336,,5.664,1791244807164,2026-10-05,19,False,False,False,True,False,False,False,False,False,False
1791244800000,1791245040716,UP,0.73,32.0,0.4416,,8.1984,1791245707255,2026-10-05,20,False,False,False,True,True,False,False,False,False,False
1791245700000,1791245988885,UP,0.63,37.0,0.6038,,-23.9138,1791246607213,2026-10-05,20,False,True,True,True,True,False,True,True,False,False
1791246600000,1791246841747,UP,0.58,41.0,0.6992,,-24.4792,1791247507267,2026-10-05,20,False,False,True,True,True,False,False,False,False,False
1791247500000,1791247852638,UP,0.8,39.0,0.4368,,7.3632,1791248407206,2026-10-05,20,False,False,True,True,True,False,False,True,False,False
1791248400000,1791248645060,UP,0.85,33.0,0.2946,,4.6554,1791249307212,2026-10-05,21,False,False,False,True,True,False,False,False,False,False
1791249300000,1791249545568,DOWN,0.9,27.0,0.1701,,2.5299,1791250207214,2026-10-05,21,False,False,True,True,True,False,False,False,False,False
1791250200000,1791250447553,DOWN,0.85,30.0,0.26780000000000004,,4.2322,1791251107202,2026-10-05,21,False,False,True,True,True,False,False,False,False,False
1791251100000,1791251340302,UP,0.59,37.0,0.6266,,-22.4566,1791252007910,2026-10-05,21,False,False,True,True,True,True,True,True,False,False
1791252000000,1791252302350,DOWN,0.73,41.0,0.5657,,10.5043,1791252907366,2026-10-05,22,False,False,False,True,False,False,False,False,False,False
1791252900000,1791253147460,UP,0.7,44.0,0.6468,,12.5532,1791253807210,2026-10-05,22,False,False,False,False,False,False,False,True,False,False
1791253800000,1791254078421,DOWN,0.75,35.0,0.4594,,8.2906,1791254707169,2026-10-05,22,False,False,False,False,True,True,True,False,False,False
1791254700000,1791254947167,DOWN,0.74,35.0,0.4714,,8.6286,1791255607209,2026-10-05,22,False,False,False,False,False,False,False,False,False,False
1791255600000,1791255848869,UP,0.75,32.0,0.42,,7.58,1791256507166,2026-10-05,23,False,False,True,False,False,False,False,False,False,False
1791256500000,1791256745738,UP,0.67,37.0,0.5727,,-25.3627,1791257407164,2026-10-05,23,False,True,True,False,False,False,True,True,False,False
1791257400000,1791257643994,DOWN,0.88,33.0,0.244,,3.716,1791258307220,2026-10-05,23,False,False,False,False,False,False,False,False,False,False
1791258300000,1791258542026,UP,0.75,40.0,0.525,,9.475,1791259207214,2026-10-05,23,False,False,True,False,False,False,False,False,False,False
1791259200000,1791259447168,UP,0.78,31.0,0.3724,,6.4476,1791260107159,2026-10-06,0,False,False,True,False,False,False,False,False,False,False
1791260100000,1791260362527,DOWN,0.64,37.0,0.5968,,12.7232,1791261007213,2026-10-06,0,False,False,True,False,False,False,False,True,False,False
1791261000000,1791261311073,DOWN,0.73,36.0,0.4967,,-26.7767,1791261907208,2026-10-06,0,False,True,False,False,False,False,True,True,False,False
1791263700000,1791264141509,DOWN,0.87,35.0,0.2771,,4.2729,1791264607301,2026-10-06,1,False,False,True,True,True,True,True,True,False,False
1791264600000,1791264901188,DOWN,0.72,41.0,0.5786,,10.9014,1791265507153,2026-10-06,1,False,True,True,True,True,False,True,False,False,False
1791265500000,1791265740815,DOWN,0.75,34.0,0.4463,,8.0537,1791266407143,2026-10-06,1,False,False,True,True,False,False,False,False,False,False
1791266400000,1791266647694,DOWN,0.9,27.0,0.1701,,2.5299,1791267307197,2026-10-06,2,False,False,False,True,False,False,False,False,False,False
1791267300000,1791267544823,UP,0.89,28.0,0.19190000000000002,,2.8881,1791268207148,2026-10-06,2,False,False,False,False,False,True,True,False,False,False
1791268200000,1791268439950,UP,0.79,33.0,0.3833,,6.5467,1791269107141,2026-10-06,2,False,False,False,False,False,False,False,False,False,False
1791269100000,1791269345868,UP,0.79,32.0,0.3717,,-25.6517,1791270007138,2026-10-06,2,False,False,False,False,True,False,False,False,False,False
1791270900000,1791271337081,DOWN,0.81,37.0,0.3987,,6.6313,1791271807192,2026-10-06,3,False,True,True,False,True,False,True,False,False,False
1791271800000,1791272046518,UP,0.91,34.0,0.195,,2.865,1791272707192,2026-10-06,3,False,False,True,False,True,False,False,False,False,False
1791272700000,1791272941768,UP,0.84,30.0,0.2823,,4.5177,1791273607134,2026-10-06,3,False,False,False,False,True,False,False,False,False,False
1791273600000,1791273846774,UP,0.78,33.0,0.3964,,6.8636,1791274507137,2026-10-06,4,False,False,False,False,True,False,False,False,False,False
1791274500000,1791274839928,UP,0.6200000000000001,38.0,0.6267,,13.8133,1791275407138,2026-10-06,4,False,False,False,False,False,False,False,True,False,False
1791275400000,1791275645368,DOWN,0.64,38.0,0.6129,,-24.9329,1791276307137,2026-10-06,4,False,False,False,False,False,False,False,True,False,False
1791276300000,1791276548070,UP,0.73,41.0,0.5657,,10.5043,1791277207133,2026-10-06,4,False,False,False,False,False,False,False,False,False,False
1791277200000,1791277574739,DOWN,0.73,41.0,0.5657,,10.5043,1791278107179,2026-10-06,5,False,False,False,False,False,False,False,False,False,False
1791278100000,1791278340887,UP,0.84,29.0,0.2729,,-24.6329,1791279007184,2026-10-06,5,False,True,False,False,False,False,True,False,False,False
1791279000000,1791279241958,UP,0.85,34.0,0.3035,,4.7965,1791279907131,2026-10-06,5,False,False,True,False,False,False,False,False,False,False
1791279900000,1791280146708,UP,0.81,37.0,0.3987,,6.6313,1791280807186,2026-10-06,5,False,True,True,False,False,False,True,False,False,False
1791280800000,1791281263812,UP,0.59,37.0,0.6266,,14.5434,1791281707184,2026-10-06,6,False,True,True,False,False,True,True,True,False,False
1791281700000,1791281949476,DOWN,0.73,34.0,0.46909999999999996,,8.7109,1791282607190,2026-10-06,6,False,False,True,False,False,False,False,False,False,False
1791282600000,1791282844885,DOWN,0.76,35.0,0.4469,,-27.0469,1791283507144,2026-10-06,6,False,True,True,False,False,False,True,False,False,False
1791283500000,1791283979530,UP,0.72,40.0,0.5645,,-29.3645,1791284407140,2026-10-06,6,False,False,False,False,False,False,False,True,False,False
1791284400000,1791284642159,UP,0.67,39.0,0.6036999999999999,,12.2663,1791285307187,2026-10-06,7,False,False,True,False,False,False,False,False,False,False
1791285300000,1791285545360,UP,0.917,32.0,0.17049999999999998,,2.4855,1791286207148,2026-10-06,7,False,False,False,False,False,False,False,False,False,False
1791286200000,1791286439412,UP,0.85,30.0,0.2678,,4.2322,1791287107187,2026-10-06,7,False,False,True,False,False,False,False,False,False,False
1791287100000,1791287344770,UP,0.66,38.0,0.597,,-25.677,1791288007137,2026-10-06,7,False,True,True,False,False,False,True,True,False,False
1791288000000,1791288353021,UP,0.78,37.0,0.4445,,7.6955,1791288907191,2026-10-06,8,False,False,True,False,False,False,False,True,False,False
1791288900000,1791289146373,DOWN,0.83,37.0,0.3655,,5.9245,1791289807142,2026-10-06,8,False,False,True,False,False,False,False,False,False,False
1791289800000,1791290043816,UP,0.51,38.0,0.6648,,17.9552,1791290707194,2026-10-06,8,False,True,True,False,False,False,True,True,False,False
1791290700000,1791290940951,DOWN,0.81,31.0,0.334,,5.556,1791291607146,2026-10-06,8,False,False,True,False,False,False,False,False,False,False
1791291600000,1791291846198,DOWN,0.66,38.0,0.597,,12.323,1791292507196,2026-10-06,9,False,False,True,False,False,False,False,True,False,False
1791292500000,1791292744252,DOWN,0.72,32.0,0.4516,,8.5084,1791293407152,2026-10-06,9,False,False,False,False,False,False,False,False,False,False
1791293400000,1791293640427,UP,0.9300000000000002,27.0,0.1231,,1.7669,1791294307142,2026-10-06,9,False,False,True,True,True,False,False,False,False,False
1791294300000,1791294638582,UP,0.84,30.0,0.2823,,-25.4823,1791295207197,2026-10-06,9,False,True,True,False,True,False,True,True,False,False
1791295200000,1791295567042,DOWN,0.77,39.0,0.4835,,-30.5135,1791296107146,2026-10-06,10,False,False,True,False,True,False,False,True,False,False
1791296100000,1791296349569,DOWN,0.85,35.0,0.3124,,4.9376,1791297007153,2026-10-06,10,False,False,True,True,True,False,False,False,False,False
1791297000000,1791297267243,UP,0.69,43.0,0.6439,,12.6861,1791297907202,2026-10-06,10,False,True,True,True,True,False,True,True,False,False
1791297900000,1791298297475,UP,0.77,32.0,0.3968,,6.9632,1791298807200,2026-10-06,10,False,False,True,True,True,False,False,False,False,False
1791298800000,1791299337265,DOWN,0.54,41.0,0.713,,-22.853,1791299707209,2026-10-06,11,False,True,False,False,False,True,True,True,False,False
1791299700000,1791300018348,DOWN,0.71,42.0,0.6054,,11.5746,1791300607195,2026-10-06,11,False,True,False,False,False,False,True,False,False,False
1791300600000,1791300846512,UP,0.8,37.0,0.4144,,-30.0144,1791301507208,2026-10-06,11,False,False,False,False,True,True,True,False,False,False
1791301500000,1791301764743,DOWN,0.71,40.0,0.5766,,11.0234,1791302407201,2026-10-06,11,False,False,True,True,True,False,False,True,False,False
1791302400000,1791302648378,UP,0.71,42.0,0.6053999999999999,,11.5746,1791303307165,2026-10-06,12,False,False,False,False,False,True,True,False,False,False
1791303300000,1791303655551,DOWN,0.72,35.0,0.494,,9.306,1791304207217,2026-10-06,12,False,True,False,False,False,False,True,False,False,False
1791304200000,1791304443835,DOWN,0.75,33.0,0.4332,,7.8168,1791305107159,2026-10-06,12,False,True,False,False,False,False,True,False,False,False
1791305100000,1791305368904,DOWN,0.65,38.0,0.6052,,12.6948,1791306007201,2026-10-06,12,False,False,False,False,False,False,False,True,False,False
1791306000000,1791306532126,UP,0.59,39.0,0.6604,,-23.6704,1791306907159,2026-10-06,13,False,False,False,False,False,False,False,True,False,True
1791307800000,1791308230246,DOWN,0.71,42.0,0.6054,,11.5746,1791308707213,2026-10-06,13,False,False,True,False,False,False,False,True,False,True
1791308700000,1791308939799,DOWN,0.68,46.0,0.7007,,-31.9807,1791309607207,2026-10-06,13,False,True,True,False,False,False,True,True,False,True
1791309600000,1791309841920,UP,0.8,36.0,0.4032,,6.7968,1791310507206,2026-10-06,14,False,False,False,False,False,False,False,False,False,True
1791310500000,1791310761767,DOWN,0.63,45.0,0.7343,,15.9157,1791311407208,2026-10-06,14,False,False,False,False,False,False,False,True,False,True
1791311400000,1791311649961,DOWN,0.88,28.0,0.207,,3.153,1791312307199,2026-10-06,14,False,False,True,False,False,False,False,False,False,True
1791312300000,1791312549853,DOWN,0.87,29.0,0.2296,,3.5404,1791313207259,2026-10-06,14,False,False,True,False,False,False,False,False,False,True
1791313200000,1791313498551,UP,0.66,37.0,0.5812,,-25.0012,1791314107206,2026-10-06,15,False,True,False,False,False,False,True,True,False,False
1791315000000,1791315246077,UP,0.73,34.0,0.4691,,-25.2891,1791315907217,2026-10-06,15,False,False,True,False,False,False,False,False,False,True
1791315900000,1791316141685,UP,0.89,33.0,0.2262,,3.4038,1791316807151,2026-10-06,15,False,False,True,False,False,False,False,False,False,True
1791316800000,1791317276871,DOWN,0.66,45.0,0.7069,,14.5931,1791317707203,2026-10-06,16,False,False,True,True,True,False,False,True,False,True
1791317700000,1791317942460,UP,0.7,36.0,0.5292,,-25.7292,1791318607160,2026-10-06,16,False,False,False,True,True,False,False,True,False,True
1791320400000,1791320640274,DOWN,0.85,36.0,0.3213,,5.0787,1791321307168,2026-10-06,17,False,False,True,True,True,False,False,False,False,True
1791321300000,1791321540919,DOWN,0.75,41.0,0.5382,,-31.2882,1791322207211,2026-10-06,17,False,False,False,True,True,False,False,False,False,True
1791322200000,1791322831991,UP,0.9259943750000001,32.0,0.15358,,2.2146,1791323107215,2026-10-06,17,False,False,True,True,True,False,False,False,False,True
1791323100000,1791323621292,DOWN,0.66,46.0,0.7226,,-31.0826,1791324007209,2026-10-06,17,False,False,True,True,True,False,False,True,False,True
1791324000000,1791324610389,UP,0.89,33.0,0.2262,,-29.5962,1791324907218,2026-10-06,18,False,False,True,True,True,False,False,False,False,True
1791325800000,1791326482512,UP,0.88,34.0,0.2514,,3.8286,1791326707212,2026-10-06,18,False,False,False,True,True,False,False,False,False,True
1791326700000,1791326944297,UP,0.73,41.0,0.5657,,-30.4957,1791327607214,2026-10-06,18,False,False,True,True,True,False,False,False,False,True
1791329400000,1791329642427,DOWN,0.82,37.0,0.3823,,-30.7223,1791330307166,2026-10-06,19,False,False,False,False,True,False,False,False,False,False
1791330300000,1791330685251,UP,0.71,42.0,0.6054,,-30.4254,1791331207162,2026-10-06,19,False,False,True,False,True,False,False,True,False,True
1791331200000,1791331488994,DOWN,0.73,41.0,0.5657,,-30.4957,1791332107215,2026-10-06,20,False,False,True,True,True,False,False,True,False,True
1791332100000,1791332463865,DOWN,0.78,40.0,0.4805,,8.3195,1791333007214,2026-10-06,20,False,True,True,True,True,False,True,False,False,False
1791333000000,1791333324547,UP,0.79,37.0,0.4297,,7.3403,1791333907206,2026-10-06,20,False,False,True,True,True,True,True,False,False,False
1791333900000,1791334143513,UP,0.69,36.0,0.5391,,10.6209,1791334807216,2026-10-06,20,False,False,True,True,True,False,False,True,False,False
1791334800000,1791335044040,DOWN,0.72,34.0,0.4799,,9.0401,1791335707164,2026-10-06,21,False,False,True,True,True,False,False,False,False,False
1791335700000,1791335944684,DOWN,0.71,36.0,0.5189,,9.9211,1791336607214,2026-10-06,21,False,False,False,True,True,False,False,True,False,False
1791336600000,1791336846951,UP,0.7,32.0,0.4704,,9.1296,1791337507163,2026-10-06,21,False,False,True,True,True,False,False,False,False,False
1791337500000,1791337932062,DOWN,0.87,28.0,0.22169999999999998,,3.4183,1791338407315,2026-10-06,21,False,False,False,False,False,False,False,True,False,False
1791338400000,1791338648282,DOWN,0.919,26.0,0.1355,,1.9705,1791339307164,2026-10-06,22,False,False,False,False,False,False,False,False,False,False
1791339300000,1791339539601,UP,0.7,36.0,0.5292,,-25.7292,1791340307167,2026-10-06,22,False,True,False,False,False,False,True,True,False,False
1791340200000,1791340494076,UP,0.6799999999999999,45.0,0.6855,,-31.2855,1791341107218,2026-10-06,22,False,False,False,False,False,True,True,True,False,False
1791341100000,1791341349243,UP,0.68,42.0,0.6398,,12.8002,1791342007166,2026-10-06,22,False,False,False,False,False,False,False,False,False,False
1791342000000,1791342247722,UP,0.9,33.0,0.2079,,3.0921,1791342907209,2026-10-06,23,False,False,False,False,False,False,False,False,False,False
1791342900000,1791343147307,UP,0.8600000000000001,29.0,0.2445,,3.8155,1791343807211,2026-10-06,23,False,False,False,False,False,False,False,False,False,False
1791343800000,1791344048412,UP,0.7599999999999999,33.0,0.4214,,7.4986,1791344707154,2026-10-06,23,False,False,True,False,False,False,False,False,False,False
1791344700000,1791344940160,UP,0.78,32.0,0.3844,,-25.3444,1791345607406,2026-10-06,23,False,False,False,False,False,False,False,False,False,False
1791345600000,1791345841178,UP,0.77,32.0,0.3968,,6.9632,1791346507213,2026-10-07,0,False,False,True,False,False,False,False,False,False,False
1791346500000,1791346749880,DOWN,0.71,35.0,0.5045,,-25.3545,1791347407157,2026-10-07,0,False,False,True,False,False,False,False,False,False,False
1791347400000,1791347646482,DOWN,0.76,39.0,0.498,,8.862,1791348307157,2026-10-07,0,False,False,True,False,False,False,False,False,False,False
1791348300000,1791348548487,UP,0.75,40.0,0.525,,9.475,1791349207156,2026-10-07,0,False,True,True,False,False,False,True,True,False,False
1791349200000,1791349446395,UP,0.59,38.0,0.6435,,14.9365,1791350108058,2026-10-07,1,False,False,True,False,False,False,False,True,False,False
1791350100000,1791350428221,UP,0.68,36.0,0.5484,,10.9716,1791351007254,2026-10-07,1,False,False,True,False,False,False,False,True,False,False
1791351000000,1791351248426,UP,0.75,34.0,0.44630000000000003,,8.0537,1791351907210,2026-10-07,1,False,False,False,False,False,False,False,False,False,False
1791351900000,1791352140091,UP,0.74,33.0,0.4445,,8.1355,1791352807149,2026-10-07,1,False,True,False,False,False,False,True,True,False,False
1791352800000,1791353179457,DOWN,0.69,36.0,0.5391,,10.6209,1791353707156,2026-10-07,2,False,False,False,False,False,False,False,True,False,False
1791373500000,1791373817493,DOWN,,0.0,,,0.5125,1791374407194,2026-10-07,7,False,False,True,False,False,False,False,True,False,False
1791387900000,1791388267835,UP,,0.0,,,0.4326,1791388807153,2026-10-07,11,False,False,False,False,False,False,False,False,False,False
1791388800000,1791389078777,UP,,0.0,,,-0.4472,1791389707206,2026-10-07,12,False,False,False,False,False,False,False,True,False,False
