day,rule,rate,net,dd,trades,wins,hit,skips
2026-09-23,baseline,0.03,43.8944,24.7286,9,8,2026-09-23T02:04:15.634000-04:00,{'target': 87}
2026-09-24,baseline,0.03,48.7842,48.1208,13,10,2026-09-24T05:15:33.933000-04:00,{'target': 74}
2026-09-25,baseline,0.03,34.0988,0.0,4,4,2026-09-25T01:01:08.456000-04:00,{'target': 91}
2026-09-26,baseline,0.03,4.492,116.1083,68,52,,{'no_cushion': 28}
2026-09-27,baseline,0.03,32.5702,25.0284,12,10,2026-09-27T03:18:18.287000-04:00,"{'no_cushion': 1, 'target': 83}"
2026-09-28,baseline,0.03,34.6684,121.5101,62,46,2026-09-28T16:00:08.735000-04:00,"{'no_cushion': 1, 'existing_trend_skip': 1, 'target': 32}"
2026-09-29,baseline,0.03,36.3587,28.78,14,11,2026-09-29T03:30:09.403000-04:00,{'target': 82}
2026-09-30,baseline,0.03,33.3425,25.0145,7,6,2026-09-30T01:47:06.224000-04:00,{'target': 89}
2026-10-01,baseline,0.03,42.6238,25.1832,10,9,2026-10-01T06:04:36.166000-04:00,{'target': 71}
2026-10-02,baseline,0.03,32.8704,25.1832,7,6,2026-10-02T01:47:25.846000-04:00,{'target': 89}
2026-10-03,baseline,0.03,34.7173,68.7941,32,26,2026-10-03T13:20:22.629000-04:00,"{'no_cushion': 21, 'target': 43}"
2026-10-04,baseline,0.03,-23.1041,113.6266,78,59,,{'no_cushion': 18}
2026-10-05,baseline,0.03,36.8903,114.0605,54,43,2026-10-05T13:45:19.375000-04:00,"{'no_cushion': 1, 'target': 41}"
2026-10-06,baseline,0.03,33.7913,25.0284,9,8,2026-10-06T02:45:12.040000-04:00,"{'no_cushion': 2, 'target': 85}"
2026-10-07,baseline,0.03,37.7703,25.3545,7,6,2026-10-07T01:45:15.597000-04:00,{'target': 66}
2026-09-23,baseline,0.05,54.5153,24.7286,10,9,2026-09-23T02:35:09.400000-04:00,{'target': 86}
2026-09-24,baseline,0.05,58.7697,48.1208,14,11,2026-09-24T05:33:23.545000-04:00,{'target': 73}
2026-09-25,baseline,0.05,56.8172,25.3627,13,11,2026-09-25T03:18:12.132000-04:00,{'target': 82}
2026-09-26,baseline,0.05,4.492,116.1083,68,52,,{'no_cushion': 28}
2026-09-27,baseline,0.05,53.3621,38.2722,27,22,2026-09-27T07:03:16.194000-04:00,"{'no_cushion': 1, 'target': 68}"
2026-09-28,baseline,0.05,75.0344,121.5101,65,49,2026-09-28T16:45:10.681000-04:00,"{'no_cushion': 1, 'existing_trend_skip': 1, 'target': 29}"
2026-09-29,baseline,0.05,59.4722,28.78,20,16,2026-09-29T05:00:11.957000-04:00,{'target': 76}
2026-09-30,baseline,0.05,67.1098,25.0145,11,10,2026-09-30T02:35:27.840000-04:00,{'target': 85}
2026-10-01,baseline,0.05,52.8849,25.1832,16,14,2026-10-01T07:46:26.051000-04:00,{'target': 65}
2026-10-02,baseline,0.05,53.3861,44.7324,18,15,2026-10-02T04:20:12.862000-04:00,{'target': 78}
2026-10-03,baseline,0.05,51.3251,68.7941,58,46,2026-10-03T22:05:42.396000-04:00,"{'no_cushion': 30, 'target': 8}"
2026-10-04,baseline,0.05,-23.1041,113.6266,78,59,,{'no_cushion': 18}
2026-10-05,baseline,0.05,-36.3149,143.9823,95,72,,{'no_cushion': 1}
2026-10-06,baseline,0.05,50.5324,64.8829,36,29,2026-10-06T09:45:13.463000-04:00,"{'no_cushion': 3, 'target': 57}"
2026-10-07,baseline,0.05,60.39,25.3545,9,8,2026-10-07T02:15:13.678000-04:00,{'target': 64}
2026-09-23,baseline,0.08,92.9625,24.7286,14,13,2026-09-23T03:19:09.641000-04:00,{'target': 82}
2026-09-24,baseline,0.08,83.2093,62.5916,46,36,2026-09-24T13:33:38.731000-04:00,{'target': 41}
2026-09-25,baseline,0.08,80.6326,25.3627,18,16,2026-09-25T04:30:38.838000-04:00,{'target': 77}
2026-09-26,baseline,0.08,4.492,116.1083,68,52,,{'no_cushion': 28}
2026-09-27,baseline,0.08,80.1404,38.2722,31,26,2026-09-27T08:03:37.027000-04:00,"{'no_cushion': 1, 'target': 64}"
2026-09-28,baseline,0.08,86.9954,121.5101,70,53,2026-09-28T18:00:11.784000-04:00,"{'no_cushion': 1, 'existing_trend_skip': 1, 'target': 24}"
2026-09-29,baseline,0.08,81.0119,28.78,24,20,2026-09-29T06:02:47.391000-04:00,{'target': 72}
2026-09-30,baseline,0.08,84.737,25.0145,13,12,2026-09-30T03:16:17.430000-04:00,{'target': 83}
2026-10-01,baseline,0.08,80.8367,62.3015,38,32,2026-10-01T13:17:24.878000-04:00,{'target': 43}
2026-10-02,baseline,0.08,82.6418,44.7324,21,18,2026-10-02T05:15:16.304000-04:00,{'target': 75}
2026-10-03,baseline,0.08,51.9118,68.7941,63,50,,{'no_cushion': 33}
2026-10-04,baseline,0.08,-23.1041,113.6266,78,59,,{'no_cushion': 18}
2026-10-05,baseline,0.08,-36.3149,143.9823,95,72,,{'no_cushion': 1}
2026-10-06,baseline,0.08,-231.5772,296.4309,86,60,,{'no_cushion': 10}
2026-10-07,baseline,0.08,84.6338,25.3545,17,15,2026-10-07T04:17:03.183000-04:00,{'target': 56}
2026-09-23,baseline,0,81.8929,143.3582,96,73,,{}
2026-09-24,baseline,0,74.3271,98.2357,85,65,,{'no_cushion': 2}
2026-09-25,baseline,0,82.2048,153.5648,92,71,,{'no_cushion': 3}
2026-09-26,baseline,0,4.492,116.1083,68,52,,{'no_cushion': 28}
2026-09-27,baseline,0,152.8313,91.2435,94,77,,"{'no_cushion': 1, 'existing_trend_skip': 1}"
2026-09-28,baseline,0,11.8991,121.5101,93,68,,"{'no_cushion': 2, 'existing_trend_skip': 1}"
2026-09-29,baseline,0,38.8937,188.7685,91,70,,"{'existing_trend_skip': 1, 'no_cushion': 4}"
2026-09-30,baseline,0,115.4895,106.5377,93,74,,{'no_cushion': 3}
2026-10-01,baseline,0,39.7426,83.0531,79,62,,"{'no_cushion': 1, 'existing_trend_skip': 1}"
2026-10-02,baseline,0,-11.9049,272.2994,91,67,,"{'existing_trend_skip': 1, 'no_cushion': 4}"
2026-10-03,baseline,0,51.9118,68.7941,63,50,,{'no_cushion': 33}
2026-10-04,baseline,0,-23.1041,113.6266,78,59,,{'no_cushion': 18}
2026-10-05,baseline,0,-36.3149,143.9823,95,72,,{'no_cushion': 1}
2026-10-06,baseline,0,-231.5772,296.4309,86,60,,{'no_cushion': 10}
2026-10-07,baseline,0,-29.0766,187.6642,70,52,,"{'no_cushion': 2, 'existing_trend_skip': 1}"
2026-09-23,chop_0.25_3,0.03,35.6062,24.7286,8,7,2026-09-23T02:46:08.099000-04:00,"{'regime': 3, 'target': 85}"
2026-09-24,chop_0.25_3,0.03,34.3884,61.5305,12,9,2026-09-24T05:33:23.545000-04:00,"{'regime': 2, 'target': 73}"
2026-09-25,chop_0.25_3,0.03,35.1009,25.3052,7,6,2026-09-25T03:18:12.132000-04:00,"{'regime': 6, 'target': 82}"
2026-09-26,chop_0.25_3,0.03,-32.2447,106.2278,53,40,,"{'no_cushion': 21, 'regime': 22}"
2026-09-27,chop_0.25_3,0.03,30.1302,34.1771,22,18,2026-09-27T07:03:16.194000-04:00,"{'no_cushion': 1, 'regime': 5, 'target': 68}"
2026-09-28,chop_0.25_3,0.03,32.1079,77.8785,37,28,2026-09-28T13:01:44.979000-04:00,"{'regime': 14, 'no_cushion': 1, 'target': 44}"
2026-09-29,chop_0.25_3,0.03,30.9238,29.096,15,12,2026-09-29T05:16:48.581000-04:00,"{'regime': 6, 'target': 75}"
2026-09-30,chop_0.25_3,0.03,34.2175,0.0,4,4,2026-09-30T01:31:44.766000-04:00,"{'regime': 2, 'target': 90}"
2026-10-01,chop_0.25_3,0.03,32.0029,25.1832,9,8,2026-10-01T06:04:36.166000-04:00,"{'regime': 1, 'target': 71}"
2026-10-02,chop_0.25_3,0.03,30.9281,25.1832,7,6,2026-10-02T03:15:07.632000-04:00,"{'regime': 6, 'target': 83}"
2026-10-03,chop_0.25_3,0.03,-27.6308,90.8415,48,37,,"{'regime': 25, 'no_cushion': 23}"
2026-10-04,chop_0.25_3,0.03,-60.7623,161.5116,66,49,,"{'no_cushion': 10, 'regime': 20}"
2026-10-05,chop_0.25_3,0.03,35.8243,74.6271,28,23,2026-10-05T08:17:07.496000-04:00,"{'no_cushion': 1, 'regime': 4, 'target': 63}"
2026-10-06,chop_0.25_3,0.03,29.886,25.3444,13,11,2026-10-06T04:30:16.430000-04:00,"{'regime': 3, 'no_cushion': 2, 'target': 78}"
2026-10-07,chop_0.25_3,0.03,36.4707,25.3545,7,6,2026-10-07T02:15:13.678000-04:00,"{'regime': 2, 'target': 64}"
2026-09-23,chop_0.25_3,0.05,62.4161,24.7286,11,10,2026-09-23T03:19:09.641000-04:00,"{'regime': 3, 'target': 82}"
2026-09-24,chop_0.25_3,0.05,56.7361,61.5305,23,18,2026-09-24T09:34:47.948000-04:00,"{'regime': 8, 'target': 56}"
2026-09-25,chop_0.25_3,0.05,54.5492,25.3052,11,10,2026-09-25T04:05:11.704000-04:00,"{'regime': 6, 'target': 78}"
2026-09-26,chop_0.25_3,0.05,-32.2447,106.2278,53,40,,"{'no_cushion': 21, 'regime': 22}"
2026-09-27,chop_0.25_3,0.05,56.9085,34.1771,26,22,2026-09-27T08:03:37.027000-04:00,"{'no_cushion': 1, 'regime': 5, 'target': 64}"
2026-09-28,chop_0.25_3,0.05,50.323,77.8785,42,32,2026-09-28T14:45:06.812000-04:00,"{'regime': 16, 'no_cushion': 1, 'target': 37}"
2026-09-29,chop_0.25_3,0.05,54.2915,29.096,20,17,2026-09-29T06:50:15.378000-04:00,"{'regime': 7, 'target': 69}"
2026-09-30,chop_0.25_3,0.05,61.7034,0.0,7,7,2026-09-30T02:35:27.840000-04:00,"{'regime': 4, 'target': 85}"
2026-10-01,chop_0.25_3,0.05,-20.3243,126.908,57,44,,"{'regime': 22, 'no_cushion': 1, 'existing_trend_skip': 1}"
2026-10-02,chop_0.25_3,0.05,61.9525,25.1832,10,9,2026-10-02T03:49:39.330000-04:00,"{'regime': 6, 'target': 80}"
2026-10-03,chop_0.25_3,0.05,-27.6308,90.8415,48,37,,"{'regime': 25, 'no_cushion': 23}"
2026-10-04,chop_0.25_3,0.05,-60.7623,161.5116,66,49,,"{'no_cushion': 10, 'regime': 20}"
2026-10-05,chop_0.25_3,0.05,51.4033,74.6271,31,26,2026-10-05T09:18:00.791000-04:00,"{'no_cushion': 1, 'regime': 5, 'target': 59}"
2026-10-06,chop_0.25_3,0.05,51.1735,25.3444,25,21,2026-10-06T09:01:02.280000-04:00,"{'regime': 9, 'no_cushion': 2, 'target': 60}"
2026-10-07,chop_0.25_3,0.05,50.729,25.3545,14,12,2026-10-07T04:17:03.183000-04:00,"{'regime': 3, 'target': 56}"
2026-09-23,chop_0.25_3,0.08,92.7381,24.7286,14,13,2026-09-23T04:04:11.517000-04:00,"{'regime': 3, 'target': 79}"
2026-09-24,chop_0.25_3,0.08,14.8377,118.3522,69,52,,"{'regime': 16, 'no_cushion': 2}"
2026-09-25,chop_0.25_3,0.08,82.9035,119.9882,51,41,2026-09-25T17:17:35.274000-04:00,"{'regime': 18, 'target': 26}"
2026-09-26,chop_0.25_3,0.08,-32.2447,106.2278,53,40,,"{'no_cushion': 21, 'regime': 22}"
2026-09-27,chop_0.25_3,0.08,82.2185,34.1771,29,25,2026-09-27T09:15:24.432000-04:00,"{'no_cushion': 1, 'regime': 7, 'target': 59}"
2026-09-28,chop_0.25_3,0.08,84.6593,77.8785,47,37,2026-09-28T16:30:07.143000-04:00,"{'regime': 18, 'no_cushion': 1, 'target': 30}"
2026-09-29,chop_0.25_3,0.08,85.3367,31.0273,40,33,2026-09-29T14:32:22.778000-04:00,"{'regime': 18, 'target': 38}"
2026-09-30,chop_0.25_3,0.08,90.3022,0.0,10,10,2026-09-30T03:47:02.514000-04:00,"{'regime': 5, 'target': 81}"
2026-10-01,chop_0.25_3,0.08,-20.3243,126.908,57,44,,"{'regime': 22, 'no_cushion': 1, 'existing_trend_skip': 1}"
2026-10-02,chop_0.25_3,0.08,87.6083,25.1832,14,13,2026-10-02T05:00:56.016000-04:00,"{'regime': 6, 'target': 76}"
2026-10-03,chop_0.25_3,0.08,-27.6308,90.8415,48,37,,"{'regime': 25, 'no_cushion': 23}"
2026-10-04,chop_0.25_3,0.08,-60.7623,161.5116,66,49,,"{'no_cushion': 10, 'regime': 20}"
2026-10-05,chop_0.25_3,0.08,80.6895,74.6271,41,35,2026-10-05T13:00:15.244000-04:00,"{'no_cushion': 1, 'regime': 10, 'target': 44}"
2026-10-06,chop_0.25_3,0.08,83.0202,37.3717,39,32,2026-10-06T14:30:14.571000-04:00,"{'regime': 17, 'no_cushion': 2, 'target': 38}"
2026-10-07,chop_0.25_3,0.08,99.4101,58.5945,37,30,2026-10-07T13:46:22.133000-04:00,"{'regime': 15, 'no_cushion': 2, 'existing_trend_skip': 1, 'target': 18}"
2026-09-23,chop_0.25_3,0,186.1865,83.8483,70,57,,{'regime': 26}
2026-09-24,chop_0.25_3,0,14.8377,118.3522,69,52,,"{'regime': 16, 'no_cushion': 2}"
2026-09-25,chop_0.25_3,0,26.5779,123.0871,69,53,,"{'regime': 23, 'no_cushion': 3}"
2026-09-26,chop_0.25_3,0,-32.2447,106.2278,53,40,,"{'no_cushion': 21, 'regime': 22}"
2026-09-27,chop_0.25_3,0,115.7775,66.4332,75,62,,"{'no_cushion': 1, 'regime': 20}"
2026-09-28,chop_0.25_3,0,82.177,86.0088,70,54,,"{'regime': 25, 'no_cushion': 1}"
2026-09-29,chop_0.25_3,0,122.4616,59.4165,67,54,,"{'regime': 27, 'no_cushion': 2}"
2026-09-30,chop_0.25_3,0,178.0366,73.2159,68,57,,"{'regime': 25, 'no_cushion': 3}"
2026-10-01,chop_0.25_3,0,-20.3243,126.908,57,44,,"{'regime': 22, 'no_cushion': 1, 'existing_trend_skip': 1}"
2026-10-02,chop_0.25_3,0,-1.3875,212.7249,70,52,,"{'regime': 22, 'existing_trend_skip': 1, 'no_cushion': 3}"
2026-10-03,chop_0.25_3,0,-27.6308,90.8415,48,37,,"{'regime': 25, 'no_cushion': 23}"
2026-10-04,chop_0.25_3,0,-60.7623,161.5116,66,49,,"{'no_cushion': 10, 'regime': 20}"
2026-10-05,chop_0.25_3,0,135.8938,79.4357,77,64,,"{'no_cushion': 1, 'regime': 18}"
2026-10-06,chop_0.25_3,0,-121.0675,232.234,66,48,,"{'regime': 23, 'no_cushion': 6, 'existing_trend_skip': 1}"
2026-10-07,chop_0.25_3,0,154.5555,58.5945,49,41,,"{'regime': 21, 'no_cushion': 2, 'existing_trend_skip': 1}"
2026-09-23,hour_chop,0.03,31.8956,24.7286,8,7,2026-09-23T02:15:10.160000-04:00,"{'regime': 1, 'target': 87}"
2026-09-24,hour_chop,0.03,-70.5359,122.0091,45,32,,"{'regime': 41, 'no_cushion': 1}"
2026-09-25,hour_chop,0.03,32.9097,0.0,4,4,2026-09-25T04:45:52.712000-04:00,"{'regime': 15, 'target': 76}"
2026-09-26,hour_chop,0.03,35.5816,24.6329,7,6,2026-09-26T04:16:55.915000-04:00,"{'regime': 9, 'no_cushion': 1, 'target': 79}"
2026-09-27,hour_chop,0.03,35.6646,25.3627,15,12,2026-09-27T08:34:19.488000-04:00,"{'regime': 18, 'no_cushion': 1, 'target': 62}"
2026-09-28,hour_chop,0.03,41.004,105.555,42,32,2026-09-28T22:01:35.151000-04:00,"{'regime': 46, 'target': 8}"
2026-09-29,hour_chop,0.03,37.1911,25.1472,7,6,2026-09-29T03:15:15.139000-04:00,"{'regime': 6, 'target': 83}"
2026-09-30,hour_chop,0.03,38.175,25.1832,13,11,2026-09-30T06:33:53.101000-04:00,"{'regime': 13, 'target': 70}"
2026-10-01,hour_chop,0.03,41.0445,25.1832,9,8,2026-10-01T06:04:36.166000-04:00,"{'regime': 1, 'target': 71}"
2026-10-02,hour_chop,0.03,32.5871,0.0,4,4,2026-10-02T01:15:08.891000-04:00,"{'regime': 1, 'target': 91}"
2026-10-03,hour_chop,0.03,-87.9254,87.9254,27,19,,"{'regime': 52, 'no_cushion': 17}"
2026-10-04,hour_chop,0.03,-147.5525,187.2876,43,29,,"{'regime': 43, 'no_cushion': 10}"
2026-10-05,hour_chop,0.03,37.8872,98.4717,29,24,2026-10-05T13:00:15.244000-04:00,"{'no_cushion': 2, 'regime': 21, 'target': 44}"
2026-10-06,hour_chop,0.03,-179.6488,179.6488,40,25,,"{'regime': 51, 'no_cushion': 5}"
2026-10-07,hour_chop,0.03,31.6598,0.0,3,3,2026-10-07T02:15:13.678000-04:00,"{'regime': 6, 'target': 64}"
2026-09-23,hour_chop,0.05,54.1538,24.7286,10,9,2026-09-23T02:46:08.099000-04:00,"{'regime': 1, 'target': 85}"
2026-09-24,hour_chop,0.05,-70.5359,122.0091,45,32,,"{'regime': 41, 'no_cushion': 1}"
2026-09-25,hour_chop,0.05,61.9223,58.8298,25,20,2026-09-25T15:20:19.902000-04:00,"{'regime': 37, 'target': 33}"
2026-09-26,hour_chop,0.05,63.3261,24.6329,10,9,2026-09-26T05:18:18.179000-04:00,"{'regime': 10, 'no_cushion': 1, 'target': 75}"
2026-09-27,hour_chop,0.05,63.9645,25.3627,18,15,2026-09-27T09:05:13.256000-04:00,"{'regime': 18, 'no_cushion': 1, 'target': 59}"
2026-09-28,hour_chop,0.05,48.8208,105.555,43,33,,{'regime': 53}
2026-09-29,hour_chop,0.05,52.2666,25.1472,9,8,2026-09-29T05:16:48.581000-04:00,"{'regime': 12, 'target': 75}"
2026-09-30,hour_chop,0.05,50.8698,25.1832,14,12,2026-09-30T07:04:18.052000-04:00,"{'regime': 15, 'target': 67}"
2026-10-01,hour_chop,0.05,51.7981,25.1832,11,10,2026-10-01T09:17:49.047000-04:00,"{'regime': 11, 'target': 59}"
2026-10-02,hour_chop,0.05,54.8453,0.0,6,6,2026-10-02T02:02:42.354000-04:00,"{'regime': 2, 'target': 88}"
2026-10-03,hour_chop,0.05,-87.9254,87.9254,27,19,,"{'regime': 52, 'no_cushion': 17}"
2026-10-04,hour_chop,0.05,-147.5525,187.2876,43,29,,"{'regime': 43, 'no_cushion': 10}"
2026-10-05,hour_chop,0.05,48.9821,98.4717,48,39,,"{'no_cushion': 2, 'regime': 46}"
2026-10-06,hour_chop,0.05,-179.6488,179.6488,40,25,,"{'regime': 51, 'no_cushion': 5}"
2026-10-07,hour_chop,0.05,-12.3689,107.5668,31,23,,"{'regime': 40, 'no_cushion': 2}"
2026-09-23,hour_chop,0.08,85.3962,24.7286,13,12,2026-09-23T05:19:27.688000-04:00,"{'regime': 8, 'target': 75}"
2026-09-24,hour_chop,0.08,-70.5359,122.0091,45,32,,"{'regime': 41, 'no_cushion': 1}"
2026-09-25,hour_chop,0.08,-22.4945,136.0684,41,30,,"{'regime': 51, 'no_cushion': 3}"
2026-09-26,hour_chop,0.08,90.6909,36.0652,21,18,2026-09-26T11:05:24.079000-04:00,"{'regime': 18, 'no_cushion': 5, 'target': 52}"
2026-09-27,hour_chop,0.08,79.7599,25.3627,20,17,2026-09-27T10:31:47.933000-04:00,"{'regime': 21, 'no_cushion': 1, 'target': 54}"
2026-09-28,hour_chop,0.08,48.8208,105.555,43,33,,{'regime': 53}
2026-09-29,hour_chop,0.08,87.1016,25.1472,14,13,2026-09-29T07:01:15.339000-04:00,"{'regime': 14, 'target': 68}"
2026-09-30,hour_chop,0.08,84.1996,41.9306,31,26,2026-09-30T13:46:14.334000-04:00,"{'regime': 23, 'no_cushion': 1, 'target': 41}"
2026-10-01,hour_chop,0.08,-40.5729,101.3762,31,23,,"{'regime': 47, 'no_cushion': 3}"
2026-10-02,hour_chop,0.08,-47.4598,154.7354,36,25,,"{'regime': 59, 'no_cushion': 1}"
2026-10-03,hour_chop,0.08,-87.9254,87.9254,27,19,,"{'regime': 52, 'no_cushion': 17}"
2026-10-04,hour_chop,0.08,-147.5525,187.2876,43,29,,"{'regime': 43, 'no_cushion': 10}"
2026-10-05,hour_chop,0.08,48.9821,98.4717,48,39,,"{'no_cushion': 2, 'regime': 46}"
2026-10-06,hour_chop,0.08,-179.6488,179.6488,40,25,,"{'regime': 51, 'no_cushion': 5}"
2026-10-07,hour_chop,0.08,-12.3689,107.5668,31,23,,"{'regime': 40, 'no_cushion': 2}"
2026-09-23,hour_chop,0,159.8373,25.9253,38,32,,{'regime': 58}
2026-09-24,hour_chop,0,-70.5359,122.0091,45,32,,"{'regime': 41, 'no_cushion': 1}"
2026-09-25,hour_chop,0,-22.4945,136.0684,41,30,,"{'regime': 51, 'no_cushion': 3}"
2026-09-26,hour_chop,0,87.7166,85.5405,43,35,,"{'regime': 41, 'no_cushion': 12}"
2026-09-27,hour_chop,0,73.1494,64.7238,46,37,,"{'regime': 49, 'no_cushion': 1}"
2026-09-28,hour_chop,0,48.8208,105.555,43,33,,{'regime': 53}
2026-09-29,hour_chop,0,44.671,135.9556,41,32,,{'regime': 55}
2026-09-30,hour_chop,0,84.9998,62.2827,47,38,,"{'regime': 48, 'no_cushion': 1}"
2026-10-01,hour_chop,0,-40.5729,101.3762,31,23,,"{'regime': 47, 'no_cushion': 3}"
2026-10-02,hour_chop,0,-47.4598,154.7354,36,25,,"{'regime': 59, 'no_cushion': 1}"
2026-10-03,hour_chop,0,-87.9254,87.9254,27,19,,"{'regime': 52, 'no_cushion': 17}"
2026-10-04,hour_chop,0,-147.5525,187.2876,43,29,,"{'regime': 43, 'no_cushion': 10}"
2026-10-05,hour_chop,0,48.9821,98.4717,48,39,,"{'no_cushion': 2, 'regime': 46}"
2026-10-06,hour_chop,0,-179.6488,179.6488,40,25,,"{'regime': 51, 'no_cushion': 5}"
2026-10-07,hour_chop,0,-12.3689,107.5668,31,23,,"{'regime': 40, 'no_cushion': 2}"
2026-09-23,ohlc_chop,0.03,43.8944,24.7286,9,8,2026-09-23T02:04:15.634000-04:00,{'target': 87}
2026-09-24,ohlc_chop,0.03,-76.6883,188.9233,69,50,,"{'regime': 17, 'no_cushion': 1}"
2026-09-25,ohlc_chop,0.03,34.0988,0.0,4,4,2026-09-25T01:01:08.456000-04:00,{'target': 91}
2026-09-26,ohlc_chop,0.03,34.3323,92.8432,46,36,2026-09-26T23:02:09.556000-04:00,"{'regime': 27, 'no_cushion': 19, 'target': 4}"
2026-09-27,ohlc_chop,0.03,34.9969,0.0,4,4,2026-09-27T02:17:07.369000-04:00,"{'regime': 5, 'target': 87}"
2026-09-28,ohlc_chop,0.03,30.6951,121.5101,62,46,2026-09-28T16:15:16.285000-04:00,"{'no_cushion': 1, 'existing_trend_skip': 1, 'regime': 1, 'target': 31}"
2026-09-29,ohlc_chop,0.03,37.2375,25.2064,8,7,2026-09-29T02:16:45.534000-04:00,"{'regime': 1, 'target': 87}"
2026-09-30,ohlc_chop,0.03,30.8994,0.0,4,4,2026-09-30T03:47:02.514000-04:00,"{'regime': 11, 'target': 81}"
2026-10-01,ohlc_chop,0.03,42.6238,25.1832,10,9,2026-10-01T06:04:36.166000-04:00,{'target': 71}
2026-10-02,ohlc_chop,0.03,32.8704,25.1832,7,6,2026-10-02T01:47:25.846000-04:00,{'target': 89}
2026-10-03,ohlc_chop,0.03,36.1633,25.0012,12,11,2026-10-03T10:31:55.086000-04:00,"{'regime': 30, 'target': 54}"
2026-10-04,ohlc_chop,0.03,34.2396,113.6266,57,44,2026-10-04T22:31:23.278000-04:00,"{'no_cushion': 14, 'regime': 19, 'target': 6}"
2026-10-05,ohlc_chop,0.03,32.4497,114.0605,40,32,2026-10-05T13:00:15.244000-04:00,"{'no_cushion': 1, 'regime': 11, 'target': 44}"
2026-10-06,ohlc_chop,0.03,-183.8825,209.4664,60,41,,"{'no_cushion': 5, 'regime': 30, 'existing_trend_skip': 1}"
2026-10-07,ohlc_chop,0.03,37.7703,25.3545,7,6,2026-10-07T01:45:15.597000-04:00,{'target': 66}
2026-09-23,ohlc_chop,0.05,54.5153,24.7286,10,9,2026-09-23T02:35:09.400000-04:00,{'target': 86}
2026-09-24,ohlc_chop,0.05,-76.6883,188.9233,69,50,,"{'regime': 17, 'no_cushion': 1}"
2026-09-25,ohlc_chop,0.05,50.7213,25.3627,15,13,2026-09-25T04:45:52.712000-04:00,"{'regime': 4, 'target': 76}"
2026-09-26,ohlc_chop,0.05,59.7435,92.8432,49,39,2026-09-27T00:03:22.006000-04:00,"{'regime': 28, 'no_cushion': 19}"
2026-09-27,ohlc_chop,0.05,52.7176,38.2722,22,18,2026-09-27T06:48:09.787000-04:00,"{'regime': 5, 'target': 69}"
2026-09-28,ohlc_chop,0.05,63.7897,121.5101,64,48,2026-09-28T16:45:10.681000-04:00,"{'no_cushion': 1, 'existing_trend_skip': 1, 'regime': 1, 'target': 29}"
2026-09-29,ohlc_chop,0.05,56.9876,25.2064,13,11,2026-09-29T03:30:09.403000-04:00,"{'regime': 1, 'target': 82}"
2026-09-30,ohlc_chop,0.05,57.9163,25.1832,12,11,2026-09-30T06:33:53.101000-04:00,"{'regime': 14, 'target': 70}"
2026-10-01,ohlc_chop,0.05,52.8849,25.1832,16,14,2026-10-01T07:46:26.051000-04:00,{'target': 65}
2026-10-02,ohlc_chop,0.05,53.3861,44.7324,18,15,2026-10-02T05:00:56.016000-04:00,"{'regime': 2, 'target': 76}"
2026-10-03,ohlc_chop,0.05,30.0612,81.37,38,31,,"{'regime': 51, 'no_cushion': 7}"
2026-10-04,ohlc_chop,0.05,8.8247,113.6266,62,47,,"{'no_cushion': 14, 'regime': 20}"
2026-10-05,ohlc_chop,0.05,25.6042,143.9823,72,56,,"{'no_cushion': 1, 'regime': 23}"
2026-10-06,ohlc_chop,0.05,-183.8825,209.4664,60,41,,"{'no_cushion': 5, 'regime': 30, 'existing_trend_skip': 1}"
2026-10-07,ohlc_chop,0.05,60.39,25.3545,9,8,2026-10-07T02:15:13.678000-04:00,{'target': 64}
2026-09-23,ohlc_chop,0.08,92.9625,24.7286,14,13,2026-09-23T03:19:09.641000-04:00,{'target': 82}
2026-09-24,ohlc_chop,0.08,-76.6883,188.9233,69,50,,"{'regime': 17, 'no_cushion': 1}"
2026-09-25,ohlc_chop,0.08,-10.949,153.5648,80,60,,"{'regime': 12, 'no_cushion': 3}"
2026-09-26,ohlc_chop,0.08,59.7435,92.8432,49,39,,"{'regime': 28, 'no_cushion': 19}"
2026-09-27,ohlc_chop,0.08,85.3487,38.2722,27,23,2026-09-27T08:03:37.027000-04:00,"{'regime': 5, 'target': 64}"
2026-09-28,ohlc_chop,0.08,87.388,121.5101,70,53,2026-09-28T18:15:11.905000-04:00,"{'no_cushion': 1, 'existing_trend_skip': 1, 'regime': 1, 'target': 23}"
2026-09-29,ohlc_chop,0.08,80.1011,25.3545,19,16,2026-09-29T05:00:11.957000-04:00,"{'regime': 1, 'target': 76}"
2026-09-30,ohlc_chop,0.08,79.7727,77.1966,39,32,2026-09-30T13:46:14.334000-04:00,"{'regime': 14, 'no_cushion': 2, 'target': 41}"
2026-10-01,ohlc_chop,0.08,85.9094,25.1832,28,24,2026-10-01T11:35:28.161000-04:00,"{'regime': 4, 'target': 49}"
2026-10-02,ohlc_chop,0.08,-133.0508,259.0182,75,52,,"{'regime': 17, 'existing_trend_skip': 1, 'no_cushion': 3}"
2026-10-03,ohlc_chop,0.08,30.0612,81.37,38,31,,"{'regime': 51, 'no_cushion': 7}"
2026-10-04,ohlc_chop,0.08,8.8247,113.6266,62,47,,"{'no_cushion': 14, 'regime': 20}"
2026-10-05,ohlc_chop,0.08,25.6042,143.9823,72,56,,"{'no_cushion': 1, 'regime': 23}"
2026-10-06,ohlc_chop,0.08,-183.8825,209.4664,60,41,,"{'no_cushion': 5, 'regime': 30, 'existing_trend_skip': 1}"
2026-10-07,ohlc_chop,0.08,84.6338,25.3545,17,15,2026-10-07T04:17:03.183000-04:00,{'target': 56}
2026-09-23,ohlc_chop,0,140.7691,73.8611,77,61,,{'regime': 19}
2026-09-24,ohlc_chop,0,-76.6883,188.9233,69,50,,"{'regime': 17, 'no_cushion': 1}"
2026-09-25,ohlc_chop,0,-10.949,153.5648,80,60,,"{'regime': 12, 'no_cushion': 3}"
2026-09-26,ohlc_chop,0,59.7435,92.8432,49,39,,"{'regime': 28, 'no_cushion': 19}"
2026-09-27,ohlc_chop,0,70.1641,102.6302,78,62,,"{'regime': 17, 'existing_trend_skip': 1}"
2026-09-28,ohlc_chop,0,13.753,121.5101,89,65,,"{'no_cushion': 2, 'existing_trend_skip': 1, 'regime': 4}"
2026-09-29,ohlc_chop,0,23.3252,188.7685,81,62,,"{'regime': 11, 'existing_trend_skip': 1, 'no_cushion': 3}"
2026-09-30,ohlc_chop,0,95.267,87.8852,69,55,,"{'regime': 24, 'no_cushion': 3}"
2026-10-01,ohlc_chop,0,84.9152,60.8805,64,52,,"{'regime': 15, 'no_cushion': 1, 'existing_trend_skip': 1}"
2026-10-02,ohlc_chop,0,-133.0508,259.0182,75,52,,"{'regime': 17, 'existing_trend_skip': 1, 'no_cushion': 3}"
2026-10-03,ohlc_chop,0,30.0612,81.37,38,31,,"{'regime': 51, 'no_cushion': 7}"
2026-10-04,ohlc_chop,0,8.8247,113.6266,62,47,,"{'no_cushion': 14, 'regime': 20}"
2026-10-05,ohlc_chop,0,25.6042,143.9823,72,56,,"{'no_cushion': 1, 'regime': 23}"
2026-10-06,ohlc_chop,0,-183.8825,209.4664,60,41,,"{'no_cushion': 5, 'regime': 30, 'existing_trend_skip': 1}"
2026-10-07,ohlc_chop,0,-29.2872,187.6642,57,42,,"{'no_cushion': 2, 'existing_trend_skip': 1, 'regime': 13}"
2026-09-23,ohlc_lock,0.03,43.8944,24.7286,9,8,2026-09-23T02:04:15.634000-04:00,{'target': 87}
2026-09-24,ohlc_lock,0.03,30.1057,59.4234,15,12,2026-09-24T07:45:56.999000-04:00,"{'regime': 8, 'target': 64}"
2026-09-25,ohlc_lock,0.03,-12.4287,55.5179,20,15,,{'regime': 75}
2026-09-26,ohlc_lock,0.03,34.7077,0.0,4,4,2026-09-26T06:35:30.148000-04:00,"{'regime': 22, 'target': 70}"
2026-09-27,ohlc_lock,0.03,33.1722,38.2722,17,14,2026-09-27T07:48:25.027000-04:00,"{'regime': 14, 'target': 65}"
2026-09-28,ohlc_lock,0.03,48.9384,121.5101,54,41,2026-09-28T16:45:10.681000-04:00,"{'no_cushion': 1, 'existing_trend_skip': 1, 'regime': 11, 'target': 29}"
2026-09-29,ohlc_lock,0.03,37.7267,45.3596,15,12,2026-09-29T05:32:06.315000-04:00,"{'regime': 7, 'target': 74}"
2026-09-30,ohlc_lock,0.03,34.7602,0.0,5,5,2026-09-30T06:03:19.874000-04:00,"{'regime': 19, 'target': 72}"
2026-10-01,ohlc_lock,0.03,31.2259,25.1832,9,8,2026-10-01T07:00:37.778000-04:00,"{'regime': 4, 'target': 68}"
2026-10-02,ohlc_lock,0.03,32.8704,25.1832,7,6,2026-10-02T01:47:25.846000-04:00,{'target': 89}
2026-10-03,ohlc_lock,0.03,31.9378,24.8645,11,10,2026-10-03T11:15:19.334000-04:00,"{'regime': 33, 'no_cushion': 1, 'target': 51}"
2026-10-04,ohlc_lock,0.03,39.2915,25.0284,10,9,2026-10-04T04:19:58.640000-04:00,"{'regime': 7, 'target': 79}"
2026-10-05,ohlc_lock,0.03,36.1381,109.791,32,26,2026-10-05T12:45:11.715000-04:00,"{'no_cushion': 1, 'regime': 18, 'target': 45}"
2026-10-06,ohlc_lock,0.03,30.7077,28.6281,16,13,2026-10-06T06:30:08.971000-04:00,"{'no_cushion': 2, 'regime': 8, 'target': 70}"
2026-10-07,ohlc_lock,0.03,37.7703,25.3545,7,6,2026-10-07T01:45:15.597000-04:00,{'target': 66}
2026-09-23,ohlc_lock,0.05,54.5153,24.7286,10,9,2026-09-23T02:35:09.400000-04:00,{'target': 86}
2026-09-24,ohlc_lock,0.05,53.1343,59.4234,26,21,2026-09-24T12:46:47.038000-04:00,"{'regime': 17, 'target': 44}"
2026-09-25,ohlc_lock,0.05,-12.4287,55.5179,20,15,,{'regime': 75}
2026-09-26,ohlc_lock,0.05,54.2409,55.5341,14,12,2026-09-26T11:15:25.373000-04:00,"{'regime': 24, 'no_cushion': 7, 'target': 51}"
2026-09-27,ohlc_lock,0.05,53.2491,38.2722,20,17,2026-09-27T09:30:40.185000-04:00,"{'regime': 18, 'target': 58}"
2026-09-28,ohlc_lock,0.05,60.8994,121.5101,59,45,2026-09-28T18:00:11.784000-04:00,"{'no_cushion': 1, 'existing_trend_skip': 1, 'regime': 11, 'target': 24}"
2026-09-29,ohlc_lock,0.05,54.9445,45.3596,19,16,2026-09-29T06:33:35.739000-04:00,"{'regime': 7, 'target': 70}"
2026-09-30,ohlc_lock,0.05,51.8817,0.0,7,7,2026-09-30T06:33:53.101000-04:00,"{'regime': 19, 'target': 70}"
2026-10-01,ohlc_lock,0.05,56.2637,25.1832,12,11,2026-10-01T07:46:26.051000-04:00,"{'regime': 4, 'target': 65}"
2026-10-02,ohlc_lock,0.05,53.3861,44.7324,18,15,2026-10-02T05:00:56.016000-04:00,"{'regime': 2, 'target': 76}"
2026-10-03,ohlc_lock,0.05,-9.614,56.4527,22,17,,"{'regime': 69, 'no_cushion': 5}"
2026-10-04,ohlc_lock,0.05,52.1867,101.6025,31,25,2026-10-04T18:00:58.625000-04:00,"{'regime': 40, 'no_cushion': 1, 'target': 24}"
2026-10-05,ohlc_lock,0.05,53.0848,109.791,35,29,2026-10-05T13:31:16.743000-04:00,"{'no_cushion': 1, 'regime': 18, 'target': 42}"
2026-10-06,ohlc_lock,0.05,56.3728,64.8829,34,27,2026-10-06T13:00:19.760000-04:00,"{'no_cushion': 2, 'regime': 16, 'target': 44}"
2026-10-07,ohlc_lock,0.05,60.39,25.3545,9,8,2026-10-07T02:15:13.678000-04:00,{'target': 64}
2026-09-23,ohlc_lock,0.08,92.9625,24.7286,14,13,2026-09-23T03:19:09.641000-04:00,{'target': 82}
2026-09-24,ohlc_lock,0.08,75.5968,59.4234,36,29,,{'regime': 51}
2026-09-25,ohlc_lock,0.08,-12.4287,55.5179,20,15,,{'regime': 75}
2026-09-26,ohlc_lock,0.08,43.9535,55.5341,25,20,,"{'regime': 59, 'no_cushion': 12}"
2026-09-27,ohlc_lock,0.08,86.3234,38.2722,28,24,2026-09-27T12:30:43.998000-04:00,"{'regime': 22, 'target': 46}"
2026-09-28,ohlc_lock,0.08,82.1822,121.5101,61,47,2026-09-28T18:30:10.741000-04:00,"{'no_cushion': 1, 'existing_trend_skip': 1, 'regime': 11, 'target': 22}"
2026-09-29,ohlc_lock,0.08,84.7305,45.3596,22,19,2026-09-29T07:16:16.467000-04:00,"{'regime': 7, 'target': 67}"
2026-09-30,ohlc_lock,0.08,83.3836,77.1966,35,29,2026-09-30T14:00:07.771000-04:00,"{'regime': 19, 'no_cushion': 2, 'target': 40}"
2026-10-01,ohlc_lock,0.08,89.1771,25.1832,23,20,2026-10-01T13:02:13.499000-04:00,"{'regime': 14, 'target': 44}"
2026-10-02,ohlc_lock,0.08,-143.9309,259.0182,67,46,,"{'regime': 28, 'existing_trend_skip': 1}"
2026-10-03,ohlc_lock,0.08,-9.614,56.4527,22,17,,"{'regime': 69, 'no_cushion': 5}"
2026-10-04,ohlc_lock,0.08,61.7993,101.6025,51,40,,"{'regime': 44, 'no_cushion': 1}"
2026-10-05,ohlc_lock,0.08,-23.5884,143.9823,60,46,,"{'no_cushion': 1, 'regime': 35}"
2026-10-06,ohlc_lock,0.08,-48.735,107.0759,53,39,,"{'no_cushion': 4, 'regime': 39}"
2026-10-07,ohlc_lock,0.08,84.6338,25.3545,17,15,2026-10-07T04:17:03.183000-04:00,{'target': 56}
2026-09-23,ohlc_lock,0,117.3535,99.6595,67,53,,{'regime': 29}
2026-09-24,ohlc_lock,0,75.5968,59.4234,36,29,,{'regime': 51}
2026-09-25,ohlc_lock,0,-12.4287,55.5179,20,15,,{'regime': 75}
2026-09-26,ohlc_lock,0,43.9535,55.5341,25,20,,"{'regime': 59, 'no_cushion': 12}"
2026-09-27,ohlc_lock,0,146.7194,55.0564,55,46,,"{'regime': 40, 'existing_trend_skip': 1}"
2026-09-28,ohlc_lock,0,-15.9007,122.284,78,57,,"{'no_cushion': 2, 'existing_trend_skip': 1, 'regime': 15}"
2026-09-29,ohlc_lock,0,-5.0134,146.5772,64,48,,"{'regime': 31, 'no_cushion': 1}"
2026-09-30,ohlc_lock,0,60.5878,98.1216,65,51,,"{'regime': 28, 'no_cushion': 3}"
2026-10-01,ohlc_lock,0,62.439,60.8805,43,35,,"{'regime': 36, 'no_cushion': 1, 'existing_trend_skip': 1}"
2026-10-02,ohlc_lock,0,-143.9309,259.0182,67,46,,"{'regime': 28, 'existing_trend_skip': 1}"
2026-10-03,ohlc_lock,0,-9.614,56.4527,22,17,,"{'regime': 69, 'no_cushion': 5}"
2026-10-04,ohlc_lock,0,61.7993,101.6025,51,40,,"{'regime': 44, 'no_cushion': 1}"
2026-10-05,ohlc_lock,0,-23.5884,143.9823,60,46,,"{'no_cushion': 1, 'regime': 35}"
2026-10-06,ohlc_lock,0,-48.735,107.0759,53,39,,"{'no_cushion': 4, 'regime': 39}"
2026-10-07,ohlc_lock,0,-44.7805,187.6642,55,40,,"{'no_cushion': 2, 'existing_trend_skip': 1, 'regime': 15}"
2026-09-23,trend_always,0.03,32.9228,24.7286,8,7,2026-09-23T02:04:15.634000-04:00,"{'regime': 1, 'target': 87}"
2026-09-24,trend_always,0.03,48.7842,48.1208,13,10,2026-09-24T05:15:33.933000-04:00,{'target': 74}
2026-09-25,trend_always,0.03,34.0988,0.0,4,4,2026-09-25T01:01:08.456000-04:00,{'target': 91}
2026-09-26,trend_always,0.03,28.2564,92.8432,66,51,,"{'regime': 3, 'no_cushion': 27}"
2026-09-27,trend_always,0.03,32.5702,25.0284,12,10,2026-09-27T03:18:18.287000-04:00,"{'no_cushion': 1, 'target': 83}"
2026-09-28,trend_always,0.03,31.17,73.9625,34,25,2026-09-28T09:47:53.407000-04:00,"{'regime': 4, 'no_cushion': 1, 'target': 57}"
2026-09-29,trend_always,0.03,38.0143,28.78,11,9,2026-09-29T03:02:59.705000-04:00,"{'regime': 1, 'target': 84}"
2026-09-30,trend_always,0.03,33.3425,25.0145,7,6,2026-09-30T01:47:06.224000-04:00,{'target': 89}
2026-10-01,trend_always,0.03,42.6238,25.1832,10,9,2026-10-01T06:04:36.166000-04:00,{'target': 71}
2026-10-02,trend_always,0.03,39.4512,25.1832,7,6,2026-10-02T02:02:42.354000-04:00,"{'regime': 1, 'target': 88}"
2026-10-03,trend_always,0.03,34.7173,68.7941,32,26,2026-10-03T13:20:22.629000-04:00,"{'no_cushion': 21, 'target': 43}"
2026-10-04,trend_always,0.03,-7.9373,83.6122,72,55,,"{'no_cushion': 15, 'regime': 9}"
2026-10-05,trend_always,0.03,-29.2016,113.9649,86,66,,"{'regime': 9, 'no_cushion': 1}"
2026-10-06,trend_always,0.03,41.2997,74.3402,43,34,2026-10-06T13:00:19.760000-04:00,"{'no_cushion': 3, 'regime': 6, 'target': 44}"
2026-10-07,trend_always,0.03,37.7703,25.3545,7,6,2026-10-07T01:45:15.597000-04:00,{'target': 66}
2026-09-23,trend_always,0.05,55.181,24.7286,10,9,2026-09-23T02:46:08.099000-04:00,"{'regime': 1, 'target': 85}"
2026-09-24,trend_always,0.05,58.7697,48.1208,14,11,2026-09-24T05:33:23.545000-04:00,{'target': 73}
2026-09-25,trend_always,0.05,56.8172,25.3627,13,11,2026-09-25T03:18:12.132000-04:00,{'target': 82}
2026-09-26,trend_always,0.05,28.2564,92.8432,66,51,,"{'regime': 3, 'no_cushion': 27}"
2026-09-27,trend_always,0.05,52.7371,49.364,28,23,2026-09-27T07:48:25.027000-04:00,"{'no_cushion': 1, 'regime': 2, 'target': 65}"
2026-09-28,trend_always,0.05,75.7952,81.8919,57,43,2026-09-28T16:45:10.681000-04:00,"{'regime': 9, 'no_cushion': 1, 'target': 29}"
2026-09-29,trend_always,0.05,57.0399,28.78,13,11,2026-09-29T03:30:09.403000-04:00,"{'regime': 1, 'target': 82}"
2026-09-30,trend_always,0.05,67.1098,25.0145,11,10,2026-09-30T02:35:27.840000-04:00,{'target': 85}
2026-10-01,trend_always,0.05,52.8849,25.1832,16,14,2026-10-01T07:46:26.051000-04:00,{'target': 65}
2026-10-02,trend_always,0.05,58.3151,44.7324,18,15,2026-10-02T04:45:05.568000-04:00,"{'regime': 1, 'target': 77}"
2026-10-03,trend_always,0.05,51.3251,68.7941,58,46,2026-10-03T22:05:42.396000-04:00,"{'no_cushion': 30, 'target': 8}"
2026-10-04,trend_always,0.05,-7.9373,83.6122,72,55,,"{'no_cushion': 15, 'regime': 9}"
2026-10-05,trend_always,0.05,-29.2016,113.9649,86,66,,"{'regime': 9, 'no_cushion': 1}"
2026-10-06,trend_always,0.05,-197.3728,278.1256,78,55,,"{'no_cushion': 10, 'regime': 8}"
2026-10-07,trend_always,0.05,60.39,25.3545,9,8,2026-10-07T02:15:13.678000-04:00,{'target': 64}
2026-09-23,trend_always,0.08,88.6465,24.7286,14,13,2026-09-23T03:34:15.446000-04:00,"{'regime': 1, 'target': 81}"
2026-09-24,trend_always,0.08,80.7956,55.0388,36,28,2026-09-24T11:45:21.768000-04:00,"{'regime': 3, 'target': 48}"
2026-09-25,trend_always,0.08,23.7592,178.0416,86,65,,"{'regime': 6, 'no_cushion': 3}"
2026-09-26,trend_always,0.08,28.2564,92.8432,66,51,,"{'regime': 3, 'no_cushion': 27}"
2026-09-27,trend_always,0.08,91.3577,49.364,32,27,2026-09-27T08:49:34.193000-04:00,"{'no_cushion': 1, 'regime': 2, 'target': 61}"
2026-09-28,trend_always,0.08,87.7562,81.8919,62,47,2026-09-28T18:00:11.784000-04:00,"{'regime': 9, 'no_cushion': 1, 'target': 24}"
2026-09-29,trend_always,0.08,80.1534,28.78,19,16,2026-09-29T05:00:11.957000-04:00,"{'regime': 1, 'target': 76}"
2026-09-30,trend_always,0.08,84.737,25.0145,13,12,2026-09-30T03:16:17.430000-04:00,{'target': 83}
2026-10-01,trend_always,0.08,83.3528,25.1832,23,20,2026-10-01T09:48:21.782000-04:00,"{'regime': 1, 'target': 57}"
2026-10-02,trend_always,0.08,88.5569,44.7324,21,18,2026-10-02T05:31:11.150000-04:00,"{'regime': 1, 'target': 74}"
2026-10-03,trend_always,0.08,51.9118,68.7941,63,50,,{'no_cushion': 33}
2026-10-04,trend_always,0.08,-7.9373,83.6122,72,55,,"{'no_cushion': 15, 'regime': 9}"
2026-10-05,trend_always,0.08,-29.2016,113.9649,86,66,,"{'regime': 9, 'no_cushion': 1}"
2026-10-06,trend_always,0.08,-197.3728,278.1256,78,55,,"{'no_cushion': 10, 'regime': 8}"
2026-10-07,trend_always,0.08,84.6338,25.3545,17,15,2026-10-07T04:17:03.183000-04:00,{'target': 56}
2026-09-23,trend_always,0,39.888,165.9256,89,67,,{'regime': 7}
2026-09-24,trend_always,0,172.1525,55.1544,76,61,,"{'regime': 10, 'no_cushion': 1}"
2026-09-25,trend_always,0,23.7592,178.0416,86,65,,"{'regime': 6, 'no_cushion': 3}"
2026-09-26,trend_always,0,28.2564,92.8432,66,51,,"{'regime': 3, 'no_cushion': 27}"
2026-09-27,trend_always,0,111.9255,94.2626,84,68,,"{'no_cushion': 2, 'regime': 10}"
2026-09-28,trend_always,0,-33.8994,155.472,82,59,,"{'regime': 11, 'no_cushion': 3}"
2026-09-29,trend_always,0,72.031,165.5238,87,68,,"{'regime': 5, 'no_cushion': 4}"
2026-09-30,trend_always,0,133.8777,115.0153,85,69,,"{'regime': 8, 'no_cushion': 3}"
2026-10-01,trend_always,0,80.1982,83.0531,76,61,,{'regime': 5}
2026-10-02,trend_always,0,34.5122,198.9722,84,63,,"{'regime': 8, 'no_cushion': 4}"
2026-10-03,trend_always,0,51.9118,68.7941,63,50,,{'no_cushion': 33}
2026-10-04,trend_always,0,-7.9373,83.6122,72,55,,"{'no_cushion': 15, 'regime': 9}"
2026-10-05,trend_always,0,-29.2016,113.9649,86,66,,"{'regime': 9, 'no_cushion': 1}"
2026-10-06,trend_always,0,-197.3728,278.1256,78,55,,"{'no_cushion': 10, 'regime': 8}"
2026-10-07,trend_always,0,-46.8953,187.6642,68,50,,"{'no_cushion': 2, 'regime': 3}"
2026-09-23,chop_and_trend,0.03,30.4874,24.7286,8,7,2026-09-23T03:01:14.881000-04:00,"{'regime': 4, 'target': 84}"
2026-09-24,chop_and_trend,0.03,34.3884,61.5305,12,9,2026-09-24T05:33:23.545000-04:00,"{'regime': 2, 'target': 73}"
2026-09-25,chop_and_trend,0.03,35.1009,25.3052,7,6,2026-09-25T03:18:12.132000-04:00,"{'regime': 6, 'target': 82}"
2026-09-26,chop_and_trend,0.03,-14.08,104.9831,51,39,,"{'regime': 25, 'no_cushion': 20}"
2026-09-27,chop_and_trend,0.03,31.114,34.1771,22,18,2026-09-27T07:33:01.557000-04:00,"{'no_cushion': 1, 'regime': 7, 'target': 66}"
2026-09-28,chop_and_trend,0.03,38.9702,48.8707,15,12,2026-09-28T05:46:30.893000-04:00,"{'regime': 7, 'no_cushion': 1, 'target': 73}"
2026-09-29,chop_and_trend,0.03,35.8501,24.6232,8,7,2026-09-29T03:15:15.139000-04:00,"{'regime': 5, 'target': 83}"
2026-09-30,chop_and_trend,0.03,34.2175,0.0,4,4,2026-09-30T01:31:44.766000-04:00,"{'regime': 2, 'target': 90}"
2026-10-01,chop_and_trend,0.03,32.0029,25.1832,9,8,2026-10-01T06:04:36.166000-04:00,"{'regime': 1, 'target': 71}"
2026-10-02,chop_and_trend,0.03,38.6139,25.1832,7,6,2026-10-02T03:30:11.569000-04:00,"{'regime': 7, 'target': 82}"
2026-10-03,chop_and_trend,0.03,-27.6308,90.8415,48,37,,"{'regime': 25, 'no_cushion': 23}"
2026-10-04,chop_and_trend,0.03,-77.75,94.5838,58,43,,"{'no_cushion': 9, 'regime': 29}"
2026-10-05,chop_and_trend,0.03,32.2786,62.7173,25,21,2026-10-05T08:47:46.257000-04:00,"{'regime': 9, 'no_cushion': 1, 'target': 61}"
2026-10-06,chop_and_trend,0.03,35.7117,34.1513,23,19,2026-10-06T09:01:02.280000-04:00,"{'regime': 11, 'no_cushion': 2, 'target': 60}"
2026-10-07,chop_and_trend,0.03,36.4707,25.3545,7,6,2026-10-07T02:15:13.678000-04:00,"{'regime': 2, 'target': 64}"
2026-09-23,chop_and_trend,0.05,58.1001,24.7286,11,10,2026-09-23T03:34:15.446000-04:00,"{'regime': 4, 'target': 81}"
2026-09-24,chop_and_trend,0.05,56.7361,61.5305,23,18,2026-09-24T09:34:47.948000-04:00,"{'regime': 8, 'target': 56}"
2026-09-25,chop_and_trend,0.05,51.3962,25.3052,10,9,2026-09-25T04:15:22.464000-04:00,"{'regime': 7, 'target': 78}"
2026-09-26,chop_and_trend,0.05,-14.08,104.9831,51,39,,"{'regime': 25, 'no_cushion': 20}"
2026-09-27,chop_and_trend,0.05,50.4178,34.1771,25,21,2026-09-27T08:18:56.769000-04:00,"{'no_cushion': 1, 'regime': 7, 'target': 63}"
2026-09-28,chop_and_trend,0.05,50.4299,48.8707,23,18,2026-09-28T09:47:53.407000-04:00,"{'regime': 15, 'no_cushion': 1, 'target': 57}"
2026-09-29,chop_and_trend,0.05,52.4163,25.3545,14,12,2026-09-29T05:16:48.581000-04:00,"{'regime': 7, 'target': 75}"
2026-09-30,chop_and_trend,0.05,61.7034,0.0,7,7,2026-09-30T02:35:27.840000-04:00,"{'regime': 4, 'target': 85}"
2026-10-01,chop_and_trend,0.05,51.4299,34.4283,26,22,2026-10-01T13:17:24.878000-04:00,"{'regime': 12, 'target': 43}"
2026-10-02,chop_and_trend,0.05,59.341,25.1832,10,9,2026-10-02T04:04:54.868000-04:00,"{'regime': 7, 'target': 79}"
2026-10-03,chop_and_trend,0.05,-27.6308,90.8415,48,37,,"{'regime': 25, 'no_cushion': 23}"
2026-10-04,chop_and_trend,0.05,-77.75,94.5838,58,43,,"{'no_cushion': 9, 'regime': 29}"
2026-10-05,chop_and_trend,0.05,53.005,62.7173,35,30,2026-10-05T12:30:10.964000-04:00,"{'regime': 14, 'no_cushion': 1, 'target': 46}"
2026-10-06,chop_and_trend,0.05,55.6779,34.1513,25,21,2026-10-06T09:31:14.360000-04:00,"{'regime': 11, 'no_cushion': 2, 'target': 58}"
2026-10-07,chop_and_trend,0.05,50.729,25.3545,14,12,2026-10-07T04:17:03.183000-04:00,"{'regime': 3, 'target': 56}"
2026-09-23,chop_and_trend,0.08,82.1114,55.3458,30,25,2026-09-23T10:02:07.710000-04:00,"{'regime': 10, 'target': 56}"
2026-09-24,chop_and_trend,0.08,83.2876,61.5305,27,22,2026-09-24T12:16:06.801000-04:00,"{'regime': 14, 'target': 46}"
2026-09-25,chop_and_trend,0.08,-31.8677,154.3925,63,47,,"{'regime': 29, 'no_cushion': 3}"
2026-09-26,chop_and_trend,0.08,-14.08,104.9831,51,39,,"{'regime': 25, 'no_cushion': 20}"
2026-09-27,chop_and_trend,0.08,82.3724,34.1771,38,32,2026-09-27T14:32:26.693000-04:00,"{'no_cushion': 1, 'regime': 19, 'target': 38}"
2026-09-28,chop_and_trend,0.08,86.5866,48.8707,39,31,2026-09-28T16:15:16.285000-04:00,"{'regime': 25, 'no_cushion': 1, 'target': 31}"
2026-09-29,chop_and_trend,0.08,82.2891,25.3545,21,19,2026-09-29T08:01:57.383000-04:00,"{'regime': 11, 'target': 64}"
2026-09-30,chop_and_trend,0.08,90.3022,0.0,10,10,2026-09-30T03:47:02.514000-04:00,"{'regime': 5, 'target': 81}"
2026-10-01,chop_and_trend,0.08,28.4891,101.6127,54,43,,{'regime': 27}
2026-10-02,chop_and_trend,0.08,83.2953,25.1832,13,12,2026-10-02T05:00:56.016000-04:00,"{'regime': 7, 'target': 76}"
2026-10-03,chop_and_trend,0.08,-27.6308,90.8415,48,37,,"{'regime': 25, 'no_cushion': 23}"
2026-10-04,chop_and_trend,0.08,-77.75,94.5838,58,43,,"{'no_cushion': 9, 'regime': 29}"
2026-10-05,chop_and_trend,0.08,85.8401,62.7173,51,43,2026-10-05T18:00:13.465000-04:00,"{'regime': 20, 'no_cushion': 1, 'target': 24}"
2026-10-06,chop_and_trend,0.08,81.3772,34.1513,36,30,2026-10-06T14:46:11.803000-04:00,"{'regime': 21, 'no_cushion': 2, 'target': 37}"
2026-10-07,chop_and_trend,0.08,99.4101,58.5945,37,30,2026-10-07T13:46:22.133000-04:00,"{'regime': 16, 'no_cushion': 2, 'target': 18}"
2026-09-23,chop_and_trend,0,144.7745,97.6873,63,51,,{'regime': 33}
2026-09-24,chop_and_trend,0,118.553,61.5305,61,49,,"{'regime': 25, 'no_cushion': 1}"
2026-09-25,chop_and_trend,0,-31.8677,154.3925,63,47,,"{'regime': 29, 'no_cushion': 3}"
2026-09-26,chop_and_trend,0,-14.08,104.9831,51,39,,"{'regime': 25, 'no_cushion': 20}"
2026-09-27,chop_and_trend,0,76.6939,54.1474,65,53,,"{'no_cushion': 2, 'regime': 29}"
2026-09-28,chop_and_trend,0,78.7425,85.3268,59,46,,"{'regime': 34, 'no_cushion': 3}"
2026-09-29,chop_and_trend,0,108.6748,59.4165,63,51,,"{'regime': 31, 'no_cushion': 2}"
2026-09-30,chop_and_trend,0,199.8008,55.3189,60,52,,"{'regime': 33, 'no_cushion': 3}"
2026-10-01,chop_and_trend,0,28.4891,101.6127,54,43,,{'regime': 27}
2026-10-02,chop_and_trend,0,21.1094,174.5393,65,49,,"{'regime': 28, 'no_cushion': 3}"
2026-10-03,chop_and_trend,0,-27.6308,90.8415,48,37,,"{'regime': 25, 'no_cushion': 23}"
2026-10-04,chop_and_trend,0,-77.75,94.5838,58,43,,"{'no_cushion': 9, 'regime': 29}"
2026-10-05,chop_and_trend,0,150.5281,62.7173,68,58,,"{'regime': 27, 'no_cushion': 1}"
2026-10-06,chop_and_trend,0,-103.4216,232.234,61,45,,"{'regime': 29, 'no_cushion': 6}"
2026-10-07,chop_and_trend,0,145.5154,58.5945,48,40,,"{'regime': 23, 'no_cushion': 2}"
2026-09-23,ask_floor_70,0.03,33.293,24.8501,15,13,2026-09-23T08:31:03.261000-04:00,"{'regime': 19, 'target': 62}"
2026-09-24,ask_floor_70,0.03,31.7159,51.6297,21,17,2026-09-24T10:47:28.309000-04:00,"{'regime': 14, 'target': 52}"
2026-09-25,ask_floor_70,0.03,35.2943,0.0,4,4,2026-09-25T01:31:27.973000-04:00,"{'regime': 2, 'target': 89}"
2026-09-26,ask_floor_70,0.03,31.296,24.6329,10,9,2026-09-26T06:20:09.113000-04:00,"{'regime': 15, 'target': 71}"
2026-09-27,ask_floor_70,0.03,34.3672,0.0,5,5,2026-09-27T01:31:05.094000-04:00,"{'regime': 1, 'target': 90}"
2026-09-28,ask_floor_70,0.03,-26.3726,151.0742,52,40,,{'regime': 44}
2026-09-29,ask_floor_70,0.03,32.7657,27.6652,18,15,2026-09-29T06:15:13.566000-04:00,"{'regime': 7, 'target': 71}"
2026-09-30,ask_floor_70,0.03,35.7365,25.1832,17,15,2026-09-30T06:18:48.446000-04:00,"{'regime': 8, 'target': 71}"
2026-10-01,ask_floor_70,0.03,30.9958,29.084,15,13,2026-10-01T09:17:49.047000-04:00,"{'regime': 7, 'target': 59}"
2026-10-02,ask_floor_70,0.03,41.417,25.1832,9,8,2026-10-02T03:49:39.330000-04:00,"{'regime': 7, 'target': 80}"
2026-10-03,ask_floor_70,0.03,30.226,25.0145,13,11,2026-10-03T10:47:06.544000-04:00,"{'regime': 17, 'no_cushion': 13, 'target': 53}"
2026-10-04,ask_floor_70,0.03,30.2017,0.0,5,5,2026-10-04T02:46:15.173000-04:00,"{'regime': 6, 'target': 85}"
2026-10-05,ask_floor_70,0.03,-53.261,110.6123,65,51,,{'regime': 31}
2026-10-06,ask_floor_70,0.03,31.9544,0.0,5,5,2026-10-06T02:30:14.563000-04:00,"{'regime': 5, 'target': 86}"
2026-10-07,ask_floor_70,0.03,31.2166,25.3545,9,8,2026-10-07T03:46:39.406000-04:00,"{'regime': 6, 'target': 58}"
2026-09-23,ask_floor_70,0.05,49.8244,24.8501,18,16,2026-09-23T10:02:07.710000-04:00,"{'regime': 22, 'target': 56}"
2026-09-24,ask_floor_70,0.05,52.0986,51.6297,24,20,2026-09-24T11:45:21.768000-04:00,"{'regime': 15, 'target': 48}"
2026-09-25,ask_floor_70,0.05,53.9907,0.0,6,6,2026-09-25T02:32:41.609000-04:00,"{'regime': 4, 'target': 85}"
2026-09-26,ask_floor_70,0.05,50.2819,51.4031,22,19,2026-09-26T11:45:51.551000-04:00,"{'regime': 24, 'no_cushion': 1, 'target': 49}"
2026-09-27,ask_floor_70,0.05,50.924,0.0,8,8,2026-09-27T03:03:06.265000-04:00,"{'regime': 4, 'target': 84}"
2026-09-28,ask_floor_70,0.05,-26.3726,151.0742,52,40,,{'regime': 44}
2026-09-29,ask_floor_70,0.05,50.7975,27.6652,22,19,2026-09-29T08:01:57.383000-04:00,"{'regime': 10, 'target': 64}"
2026-09-30,ask_floor_70,0.05,52.0305,49.6386,30,26,2026-09-30T11:47:31.103000-04:00,"{'regime': 17, 'target': 49}"
2026-10-01,ask_floor_70,0.05,54.6253,29.084,25,22,2026-10-01T12:16:13.324000-04:00,"{'regime': 9, 'target': 47}"
2026-10-02,ask_floor_70,0.05,55.074,25.1832,12,11,2026-10-02T04:45:05.568000-04:00,"{'regime': 7, 'target': 77}"
2026-10-03,ask_floor_70,0.05,-7.3632,67.1444,39,31,,"{'regime': 39, 'no_cushion': 18}"
2026-10-04,ask_floor_70,0.05,55.3902,101.6025,57,47,2026-10-04T23:48:18.330000-04:00,"{'regime': 37, 'no_cushion': 1, 'target': 1}"
2026-10-05,ask_floor_70,0.05,-53.261,110.6123,65,51,,{'regime': 31}
2026-10-06,ask_floor_70,0.05,56.2533,25.3444,13,12,2026-10-06T05:15:17.689000-04:00,"{'regime': 8, 'target': 75}"
2026-10-07,ask_floor_70,0.05,50.1781,25.3545,17,15,2026-10-07T08:31:27.185000-04:00,"{'regime': 17, 'target': 39}"
2026-09-23,ask_floor_70,0.08,85.1911,31.0434,31,27,2026-09-23T14:32:00.042000-04:00,"{'regime': 27, 'target': 38}"
2026-09-24,ask_floor_70,0.08,61.2333,51.6297,54,44,,{'regime': 33}
2026-09-25,ask_floor_70,0.08,80.0946,0.0,11,11,2026-09-25T04:15:22.464000-04:00,"{'regime': 6, 'target': 78}"
2026-09-26,ask_floor_70,0.08,83.1884,51.4031,32,28,2026-09-26T18:47:47.049000-04:00,"{'regime': 42, 'no_cushion': 1, 'target': 21}"
2026-09-27,ask_floor_70,0.08,79.7401,24.9599,16,15,2026-09-27T05:47:18.825000-04:00,"{'regime': 7, 'target': 73}"
2026-09-28,ask_floor_70,0.08,-26.3726,151.0742,52,40,,{'regime': 44}
2026-09-29,ask_floor_70,0.08,42.7781,62.7177,63,51,,"{'regime': 32, 'existing_trend_skip': 1}"
2026-09-30,ask_floor_70,0.08,80.9299,49.6386,53,45,2026-09-30T21:16:04.374000-04:00,"{'regime': 32, 'target': 11}"
2026-10-01,ask_floor_70,0.08,1.7924,90.3992,48,40,,"{'regime': 32, 'no_cushion': 1}"
2026-10-02,ask_floor_70,0.08,-150.8171,226.3031,51,36,,"{'regime': 44, 'no_cushion': 1}"
2026-10-03,ask_floor_70,0.08,-7.3632,67.1444,39,31,,"{'regime': 39, 'no_cushion': 18}"
2026-10-04,ask_floor_70,0.08,55.3902,101.6025,57,47,,"{'regime': 38, 'no_cushion': 1}"
2026-10-05,ask_floor_70,0.08,-53.261,110.6123,65,51,,{'regime': 31}
2026-10-06,ask_floor_70,0.08,86.8648,30.9123,28,25,2026-10-06T11:30:11.480000-04:00,"{'regime': 18, 'target': 50}"
2026-10-07,ask_floor_70,0.08,51.4883,85.1528,44,36,,"{'regime': 28, 'existing_trend_skip': 1}"
2026-09-23,ask_floor_70,0,-24.0902,120.1827,52,40,,{'regime': 44}
2026-09-24,ask_floor_70,0,61.2333,51.6297,54,44,,{'regime': 33}
2026-09-25,ask_floor_70,0,184.0649,42.6518,45,41,,{'regime': 50}
2026-09-26,ask_floor_70,0,119.6506,51.4031,46,40,,"{'regime': 49, 'no_cushion': 1}"
2026-09-27,ask_floor_70,0,211.814,65.4193,67,60,,"{'regime': 28, 'existing_trend_skip': 1}"
2026-09-28,ask_floor_70,0,-26.3726,151.0742,52,40,,{'regime': 44}
2026-09-29,ask_floor_70,0,42.7781,62.7177,63,51,,"{'regime': 32, 'existing_trend_skip': 1}"
2026-09-30,ask_floor_70,0,53.1537,49.6386,59,49,,{'regime': 37}
2026-10-01,ask_floor_70,0,1.7924,90.3992,48,40,,"{'regime': 32, 'no_cushion': 1}"
2026-10-02,ask_floor_70,0,-150.8171,226.3031,51,36,,"{'regime': 44, 'no_cushion': 1}"
2026-10-03,ask_floor_70,0,-7.3632,67.1444,39,31,,"{'regime': 39, 'no_cushion': 18}"
2026-10-04,ask_floor_70,0,55.3902,101.6025,57,47,,"{'regime': 38, 'no_cushion': 1}"
2026-10-05,ask_floor_70,0,-53.261,110.6123,65,51,,{'regime': 31}
2026-10-06,ask_floor_70,0,13.4509,125.953,54,44,,"{'regime': 40, 'no_cushion': 2}"
2026-10-07,ask_floor_70,0,51.4883,85.1528,44,36,,"{'regime': 28, 'existing_trend_skip': 1}"
2026-09-23,no_loss_boost,0.03,41.8004,24.7286,9,8,2026-09-23T02:04:15.634000-04:00,{'target': 87}
2026-09-24,no_loss_boost,0.03,42.6286,48.388,13,10,2026-09-24T05:15:33.933000-04:00,{'target': 74}
2026-09-25,no_loss_boost,0.03,34.0988,0.0,4,4,2026-09-25T01:01:08.456000-04:00,{'target': 91}
2026-09-26,no_loss_boost,0.03,-2.1605,115.7445,68,52,,{'no_cushion': 28}
2026-09-27,no_loss_boost,0.03,32.5304,25.0284,17,14,2026-09-27T04:30:30.826000-04:00,"{'no_cushion': 1, 'target': 78}"
2026-09-28,no_loss_boost,0.03,51.8256,115.9349,65,49,2026-09-28T16:45:10.681000-04:00,"{'no_cushion': 1, 'existing_trend_skip': 1, 'target': 29}"
2026-09-29,no_loss_boost,0.03,35.9484,32.3673,15,12,2026-09-29T03:45:14.331000-04:00,{'target': 81}
2026-09-30,no_loss_boost,0.03,34.9657,25.0145,8,7,2026-09-30T02:02:56.582000-04:00,{'target': 88}
2026-10-01,no_loss_boost,0.03,40.0429,25.1832,10,9,2026-10-01T06:04:36.166000-04:00,{'target': 71}
2026-10-02,no_loss_boost,0.03,30.7196,25.1832,7,6,2026-10-02T01:47:25.846000-04:00,{'target': 89}
2026-10-03,no_loss_boost,0.03,32.7454,69.5516,50,40,2026-10-03T18:46:22.642000-04:00,"{'no_cushion': 25, 'target': 21}"
2026-10-04,no_loss_boost,0.03,-24.774,102.0356,78,59,,{'no_cushion': 18}
2026-10-05,no_loss_boost,0.03,-43.7735,131.9464,95,72,,{'no_cushion': 1}
2026-10-06,no_loss_boost,0.03,31.1514,25.0284,9,8,2026-10-06T02:45:12.040000-04:00,"{'no_cushion': 2, 'target': 85}"
2026-10-07,no_loss_boost,0.03,33.5854,25.3545,7,6,2026-10-07T01:45:15.597000-04:00,{'target': 66}
2026-09-23,no_loss_boost,0.05,52.4213,24.7286,10,9,2026-09-23T02:35:09.400000-04:00,{'target': 86}
2026-09-24,no_loss_boost,0.05,52.6141,48.388,14,11,2026-09-24T05:33:23.545000-04:00,{'target': 73}
2026-09-25,no_loss_boost,0.05,50.6134,25.3627,13,11,2026-09-25T03:18:12.132000-04:00,{'target': 82}
2026-09-26,no_loss_boost,0.05,-2.1605,115.7445,68,52,,{'no_cushion': 28}
2026-09-27,no_loss_boost,0.05,50.6088,40.4875,28,23,2026-09-27T07:18:29.124000-04:00,"{'no_cushion': 1, 'target': 67}"
2026-09-28,no_loss_boost,0.05,51.8256,115.9349,65,49,2026-09-28T16:45:10.681000-04:00,"{'no_cushion': 1, 'existing_trend_skip': 1, 'target': 29}"
2026-09-29,no_loss_boost,0.05,58.6947,32.3673,22,18,2026-09-29T05:32:06.315000-04:00,{'target': 74}
2026-09-30,no_loss_boost,0.05,62.0774,25.0145,11,10,2026-09-30T02:35:27.840000-04:00,{'target': 85}
2026-10-01,no_loss_boost,0.05,57.3088,25.1832,20,17,2026-10-01T08:45:11.719000-04:00,{'target': 61}
2026-10-02,no_loss_boost,0.05,51.5819,41.2663,18,15,2026-10-02T04:30:28.629000-04:00,{'target': 78}
2026-10-03,no_loss_boost,0.05,29.3079,69.5516,63,50,,{'no_cushion': 33}
2026-10-04,no_loss_boost,0.05,-24.774,102.0356,78,59,,{'no_cushion': 18}
2026-10-05,no_loss_boost,0.05,-43.7735,131.9464,95,72,,{'no_cushion': 1}
2026-10-06,no_loss_boost,0.05,-205.8226,260.535,86,60,,{'no_cushion': 10}
2026-10-07,no_loss_boost,0.05,56.2051,25.3545,9,8,2026-10-07T02:15:13.678000-04:00,{'target': 64}
2026-09-23,no_loss_boost,0.08,90.8685,24.7286,14,13,2026-09-23T03:19:09.641000-04:00,{'target': 82}
2026-09-24,no_loss_boost,0.08,55.0879,93.3833,85,65,,{'no_cushion': 2}
2026-09-25,no_loss_boost,0.08,87.1236,25.3627,19,17,2026-09-25T04:45:52.712000-04:00,{'target': 76}
2026-09-26,no_loss_boost,0.08,-2.1605,115.7445,68,52,,{'no_cushion': 28}
2026-09-27,no_loss_boost,0.08,87.6974,40.4875,33,28,2026-09-27T08:34:19.488000-04:00,"{'no_cushion': 1, 'target': 62}"
2026-09-28,no_loss_boost,0.08,82.6309,115.9349,72,55,2026-09-28T18:30:10.741000-04:00,"{'no_cushion': 1, 'existing_trend_skip': 1, 'target': 22}"
2026-09-29,no_loss_boost,0.08,82.0624,32.3673,27,23,2026-09-29T06:50:15.378000-04:00,{'target': 69}
2026-09-30,no_loss_boost,0.08,79.7046,25.0145,13,12,2026-09-30T03:16:17.430000-04:00,{'target': 83}
2026-10-01,no_loss_boost,0.08,86.5789,60.7741,55,45,2026-10-01T18:02:21.079000-04:00,"{'no_cushion': 1, 'existing_trend_skip': 1, 'target': 24}"
2026-10-02,no_loss_boost,0.08,80.8376,41.2663,21,18,2026-10-02T05:15:16.304000-04:00,{'target': 75}
2026-10-03,no_loss_boost,0.08,29.3079,69.5516,63,50,,{'no_cushion': 33}
2026-10-04,no_loss_boost,0.08,-24.774,102.0356,78,59,,{'no_cushion': 18}
2026-10-05,no_loss_boost,0.08,-43.7735,131.9464,95,72,,{'no_cushion': 1}
2026-10-06,no_loss_boost,0.08,-205.8226,260.535,86,60,,{'no_cushion': 10}
2026-10-07,no_loss_boost,0.08,-24.1564,168.2491,70,52,,"{'no_cushion': 2, 'existing_trend_skip': 1}"
2026-09-23,no_loss_boost,0,58.3089,140.0123,96,73,,{}
2026-09-24,no_loss_boost,0,55.0879,93.3833,85,65,,{'no_cushion': 2}
2026-09-25,no_loss_boost,0,74.7768,141.6405,92,71,,{'no_cushion': 3}
2026-09-26,no_loss_boost,0,-2.1605,115.7445,68,52,,{'no_cushion': 28}
2026-09-27,no_loss_boost,0,143.9633,84.3677,94,77,,"{'no_cushion': 1, 'existing_trend_skip': 1}"
2026-09-28,no_loss_boost,0,-5.2332,115.9349,93,68,,"{'no_cushion': 2, 'existing_trend_skip': 1}"
2026-09-29,no_loss_boost,0,36.8889,162.5455,91,70,,"{'existing_trend_skip': 1, 'no_cushion': 4}"
2026-09-30,no_loss_boost,0,89.5828,106.6005,93,74,,{'no_cushion': 3}
2026-10-01,no_loss_boost,0,27.3443,79.7603,79,62,,"{'no_cushion': 1, 'existing_trend_skip': 1}"
2026-10-02,no_loss_boost,0,-3.4569,243.9689,91,67,,"{'existing_trend_skip': 1, 'no_cushion': 4}"
2026-10-03,no_loss_boost,0,29.3079,69.5516,63,50,,{'no_cushion': 33}
2026-10-04,no_loss_boost,0,-24.774,102.0356,78,59,,{'no_cushion': 18}
2026-10-05,no_loss_boost,0,-43.7735,131.9464,95,72,,{'no_cushion': 1}
2026-10-06,no_loss_boost,0,-205.8226,260.535,86,60,,{'no_cushion': 10}
2026-10-07,no_loss_boost,0,-24.1564,168.2491,70,52,,"{'no_cushion': 2, 'existing_trend_skip': 1}"
2026-09-23,postshock,0.03,43.8944,24.7286,9,8,2026-09-23T02:04:15.634000-04:00,{'target': 87}
2026-09-24,postshock,0.03,48.7842,48.1208,13,10,2026-09-24T05:15:33.933000-04:00,{'target': 74}
2026-09-25,postshock,0.03,34.0988,0.0,4,4,2026-09-25T01:01:08.456000-04:00,{'target': 91}
2026-09-26,postshock,0.03,4.492,116.1083,68,52,,{'no_cushion': 28}
2026-09-27,postshock,0.03,32.5702,25.0284,12,10,2026-09-27T03:18:18.287000-04:00,"{'no_cushion': 1, 'target': 83}"
2026-09-28,postshock,0.03,37.1792,55.286,14,11,2026-09-28T07:48:59.381000-04:00,"{'regime': 16, 'no_cushion': 1, 'target': 65}"
2026-09-29,postshock,0.03,38.372,28.78,14,11,2026-09-29T05:00:11.957000-04:00,"{'regime': 6, 'target': 76}"
2026-09-30,postshock,0.03,33.3425,25.0145,7,6,2026-09-30T01:47:06.224000-04:00,{'target': 89}
2026-10-01,postshock,0.03,42.6238,25.1832,10,9,2026-10-01T06:04:36.166000-04:00,{'target': 71}
2026-10-02,postshock,0.03,31.8129,25.1832,7,6,2026-10-02T02:02:42.354000-04:00,"{'regime': 1, 'target': 88}"
2026-10-03,postshock,0.03,34.7173,68.7941,32,26,2026-10-03T13:20:22.629000-04:00,"{'no_cushion': 21, 'target': 43}"
2026-10-04,postshock,0.03,-23.1041,113.6266,78,59,,{'no_cushion': 18}
2026-10-05,postshock,0.03,33.7527,114.0605,53,42,2026-10-05T19:45:10.836000-04:00,"{'no_cushion': 1, 'regime': 25, 'target': 17}"
2026-10-06,postshock,0.03,33.7913,25.0284,9,8,2026-10-06T02:45:12.040000-04:00,"{'no_cushion': 2, 'target': 85}"
2026-10-07,postshock,0.03,37.7703,25.3545,7,6,2026-10-07T01:45:15.597000-04:00,{'target': 66}
2026-09-23,postshock,0.05,54.5153,24.7286,10,9,2026-09-23T02:35:09.400000-04:00,{'target': 86}
2026-09-24,postshock,0.05,58.7697,48.1208,14,11,2026-09-24T05:33:23.545000-04:00,{'target': 73}
2026-09-25,postshock,0.05,56.8172,25.3627,13,11,2026-09-25T03:18:12.132000-04:00,{'target': 82}
2026-09-26,postshock,0.05,4.492,116.1083,68,52,,{'no_cushion': 28}
2026-09-27,postshock,0.05,53.3621,38.2722,27,22,2026-09-27T07:03:16.194000-04:00,"{'no_cushion': 1, 'target': 68}"
2026-09-28,postshock,0.05,58.2427,55.286,23,18,2026-09-28T10:03:25.770000-04:00,"{'regime': 16, 'no_cushion': 1, 'target': 56}"
2026-09-29,postshock,0.05,53.4475,28.78,16,13,2026-09-29T05:32:06.315000-04:00,"{'regime': 6, 'target': 74}"
2026-09-30,postshock,0.05,67.1098,25.0145,11,10,2026-09-30T02:35:27.840000-04:00,{'target': 85}
2026-10-01,postshock,0.05,52.8849,25.1832,16,14,2026-10-01T07:46:26.051000-04:00,{'target': 65}
2026-10-02,postshock,0.05,51.0329,25.1832,14,12,2026-10-02T05:15:16.304000-04:00,"{'regime': 7, 'target': 75}"
2026-10-03,postshock,0.05,51.3251,68.7941,58,46,2026-10-03T22:05:42.396000-04:00,"{'no_cushion': 30, 'target': 8}"
2026-10-04,postshock,0.05,-23.1041,113.6266,78,59,,{'no_cushion': 18}
2026-10-05,postshock,0.05,22.8884,114.0605,70,55,,"{'no_cushion': 1, 'regime': 25}"
2026-10-06,postshock,0.05,50.5324,64.8829,36,29,2026-10-06T09:45:13.463000-04:00,"{'no_cushion': 3, 'target': 57}"
2026-10-07,postshock,0.05,60.39,25.3545,9,8,2026-10-07T02:15:13.678000-04:00,{'target': 64}
2026-09-23,postshock,0.08,92.9625,24.7286,14,13,2026-09-23T03:19:09.641000-04:00,{'target': 82}
2026-09-24,postshock,0.08,9.802,150.6491,71,53,,"{'regime': 15, 'no_cushion': 1}"
2026-09-25,postshock,0.08,80.6326,25.3627,18,16,2026-09-25T04:30:38.838000-04:00,{'target': 77}
2026-09-26,postshock,0.08,4.492,116.1083,68,52,,{'no_cushion': 28}
2026-09-27,postshock,0.08,80.1404,38.2722,31,26,2026-09-27T08:03:37.027000-04:00,"{'no_cushion': 1, 'target': 64}"
2026-09-28,postshock,0.08,83.9004,55.286,44,34,2026-09-28T18:15:11.905000-04:00,"{'regime': 28, 'no_cushion': 1, 'target': 23}"
2026-09-29,postshock,0.08,67.9609,82.0221,53,42,,"{'regime': 41, 'no_cushion': 2}"
2026-09-30,postshock,0.08,84.737,25.0145,13,12,2026-09-30T03:16:17.430000-04:00,{'target': 83}
2026-10-01,postshock,0.08,80.8367,62.3015,38,32,2026-10-01T13:17:24.878000-04:00,{'target': 43}
2026-10-02,postshock,0.08,3.6455,125.392,54,40,,"{'regime': 39, 'no_cushion': 3}"
2026-10-03,postshock,0.08,51.9118,68.7941,63,50,,{'no_cushion': 33}
2026-10-04,postshock,0.08,-23.1041,113.6266,78,59,,{'no_cushion': 18}
2026-10-05,postshock,0.08,22.8884,114.0605,70,55,,"{'no_cushion': 1, 'regime': 25}"
2026-10-06,postshock,0.08,-9.183,74.284,66,50,,"{'no_cushion': 4, 'regime': 26}"
2026-10-07,postshock,0.08,84.6338,25.3545,17,15,2026-10-07T04:17:03.183000-04:00,{'target': 56}
2026-09-23,postshock,0,148.5352,61.5548,67,53,,{'regime': 29}
2026-09-24,postshock,0,9.802,150.6491,71,53,,"{'regime': 15, 'no_cushion': 1}"
2026-09-25,postshock,0,-18.4184,164.145,73,55,,"{'regime': 19, 'no_cushion': 3}"
2026-09-26,postshock,0,4.492,116.1083,68,52,,{'no_cushion': 28}
2026-09-27,postshock,0,189.7667,91.2435,90,75,,"{'no_cushion': 1, 'regime': 5}"
2026-09-28,postshock,0,8.359,91.9939,59,43,,"{'regime': 35, 'no_cushion': 2}"
2026-09-29,postshock,0,67.9609,82.0221,53,42,,"{'regime': 41, 'no_cushion': 2}"
2026-09-30,postshock,0,136.2714,77.1966,73,59,,"{'regime': 22, 'no_cushion': 1}"
2026-10-01,postshock,0,58.471,62.3015,54,44,,"{'no_cushion': 1, 'regime': 26}"
2026-10-02,postshock,0,3.6455,125.392,54,40,,"{'regime': 39, 'no_cushion': 3}"
2026-10-03,postshock,0,51.9118,68.7941,63,50,,{'no_cushion': 33}
2026-10-04,postshock,0,-23.1041,113.6266,78,59,,{'no_cushion': 18}
2026-10-05,postshock,0,22.8884,114.0605,70,55,,"{'no_cushion': 1, 'regime': 25}"
2026-10-06,postshock,0,-9.183,74.284,66,50,,"{'no_cushion': 4, 'regime': 26}"
2026-10-07,postshock,0,-29.0766,187.6642,70,52,,"{'no_cushion': 2, 'existing_trend_skip': 1}"
