at,type,high,low,buffer,side
1790191800000,lock,84440.73716666669,84132.05199999985,21.340192725252344,
1790192880000,release,84440.73716666669,84132.05199999985,,UP
1790193840000,false_breakout,84440.73716666669,84132.05199999985,,
1790199480000,release,84440.73716666669,84132.05199999985,,UP
1790199600000,lock,84483.36500000009,84219.44933333334,14.840692261108538,
1790201340000,release,84483.36500000009,84219.44933333334,,UP
1790201400000,lock,84639.80433333333,84230.56699999995,17.12023734978008,
1790214240000,release,84639.80433333333,84230.56699999995,,DOWN
1790217240000,false_breakout,84639.80433333333,84230.56699999995,,
1790217420000,release,84639.80433333333,84230.56699999995,,DOWN
1790217600000,false_breakout,84639.80433333333,84230.56699999995,,
1790220120000,release,84639.80433333333,84230.56699999995,,DOWN
1790221500000,lock,84447.8068333333,83905.24100000001,22.477479140975383,
1790222280000,release,84447.8068333333,83905.24100000001,,DOWN
1790222460000,false_breakout,84447.8068333333,83905.24100000001,,
1790222640000,release,84447.8068333333,83905.24100000001,,DOWN
1790223000000,false_breakout,84447.8068333333,83905.24100000001,,
1790223180000,release,84447.8068333333,83905.24100000001,,DOWN
1790225820000,false_breakout,84447.8068333333,83905.24100000001,,
1790240520000,release,84447.8068333333,83905.24100000001,,DOWN
1790256780000,false_breakout,84447.8068333333,83905.24100000001,,
1790260080000,release,84447.8068333333,83905.24100000001,,UP
1790261040000,false_breakout,84447.8068333333,83905.24100000001,,
1790261520000,release,84447.8068333333,83905.24100000001,,DOWN
1790262960000,false_breakout,84447.8068333333,83905.24100000001,,
1790266680000,release,84447.8068333333,83905.24100000001,,UP
1790269260000,false_breakout,84447.8068333333,83905.24100000001,,
1790276340000,release,84447.8068333333,83905.24100000001,,UP
1790276400000,lock,84508.8841666667,83899.17716666669,29.870734611337674,
1790277360000,release,84508.8841666667,83899.17716666669,,UP
1790278740000,false_breakout,84508.8841666667,83899.17716666669,,
1790295000000,release,84508.8841666667,83899.17716666669,,UP
1790299800000,false_breakout,84508.8841666667,83899.17716666669,,
1790301120000,release,84508.8841666667,83899.17716666669,,UP
1790301360000,false_breakout,84508.8841666667,83899.17716666669,,
1790301660000,release,84508.8841666667,83899.17716666669,,UP
1790303880000,false_breakout,84508.8841666667,83899.17716666669,,
1790320260000,release,84508.8841666667,83899.17716666669,,DOWN
1790320740000,false_breakout,84508.8841666667,83899.17716666669,,
1790321760000,release,84508.8841666667,83899.17716666669,,DOWN
1790322360000,false_breakout,84508.8841666667,83899.17716666669,,
1790327220000,release,84508.8841666667,83899.17716666669,,UP
1790330580000,false_breakout,84508.8841666667,83899.17716666669,,
1790332020000,release,84508.8841666667,83899.17716666669,,UP
1790338440000,false_breakout,84508.8841666667,83899.17716666669,,
1790344080000,release,84508.8841666667,83899.17716666669,,DOWN
1790344500000,false_breakout,84508.8841666667,83899.17716666669,,
1790345040000,release,84508.8841666667,83899.17716666669,,DOWN
1790348220000,false_breakout,84508.8841666667,83899.17716666669,,
1790348760000,release,84508.8841666667,83899.17716666669,,DOWN
1790349000000,false_breakout,84508.8841666667,83899.17716666669,,
1790349120000,release,84508.8841666667,83899.17716666669,,DOWN
1790349240000,false_breakout,84508.8841666667,83899.17716666669,,
1790349660000,release,84508.8841666667,83899.17716666669,,DOWN
1790352180000,false_breakout,84508.8841666667,83899.17716666669,,
1790354220000,release,84508.8841666667,83899.17716666669,,DOWN
1790354280000,false_breakout,84508.8841666667,83899.17716666669,,
1790354940000,release,84508.8841666667,83899.17716666669,,DOWN
1790355900000,lock,84077.62633333336,83473.21033333341,33.91471750557042,
1790368860000,release,84077.62633333336,83473.21033333341,,UP
1790368980000,false_breakout,84077.62633333336,83473.21033333341,,
1790377020000,release,84077.62633333336,83473.21033333341,,UP
1790377200000,false_breakout,84077.62633333336,83473.21033333341,,
1790411580000,release,84077.62633333336,83473.21033333341,,UP
1790414040000,false_breakout,84077.62633333336,83473.21033333341,,
1790417940000,release,84077.62633333336,83473.21033333341,,UP
1790423700000,lock,84188.81283333323,84129.3135,6.154192123742804,
1790424360000,release,84188.81283333323,84129.3135,,DOWN
1790424420000,false_breakout,84188.81283333323,84129.3135,,
1790424840000,release,84188.81283333323,84129.3135,,DOWN
1790424960000,false_breakout,84188.81283333323,84129.3135,,
1790425440000,release,84188.81283333323,84129.3135,,DOWN
1790426100000,lock,84187.07766666675,84090.19266666677,8.080815390840764,
1790426400000,release,84187.07766666675,84090.19266666677,,DOWN
1790428080000,false_breakout,84187.07766666675,84090.19266666677,,
1790428260000,release,84187.07766666675,84090.19266666677,,DOWN
1790436780000,false_breakout,84187.07766666675,84090.19266666677,,
1790437860000,release,84187.07766666675,84090.19266666677,,DOWN
1790437980000,false_breakout,84187.07766666675,84090.19266666677,,
1790442480000,release,84187.07766666675,84090.19266666677,,DOWN
1790444700000,false_breakout,84187.07766666675,84090.19266666677,,
1790446680000,release,84187.07766666675,84090.19266666677,,DOWN
1790450700000,lock,84087.35399999999,83989.7735,5.1337167749040935,
1790451600000,release,84087.35399999999,83989.7735,,DOWN
1790451840000,false_breakout,84087.35399999999,83989.7735,,
1790455320000,release,84087.35399999999,83989.7735,,DOWN
1790456100000,false_breakout,84087.35399999999,83989.7735,,
1790457300000,release,84087.35399999999,83989.7735,,UP
1790457600000,lock,84136.27949999996,83837.35233333342,10.703194644529594,
1790458140000,release,84136.27949999996,83837.35233333342,,UP
1790458200000,lock,84162.35833333335,83837.35233333342,10.831541130574779,
1790458320000,release,84162.35833333335,83837.35233333342,,UP
1790458500000,lock,84214.44200000001,83837.35233333342,11.029559026009508,
1790460420000,release,84214.44200000001,83837.35233333342,,UP
1790460600000,lock,84349.98566666669,84015.11466666666,12.182318168694339,
1790464740000,release,84349.98566666669,84015.11466666666,,UP
1790465280000,false_breakout,84349.98566666669,84015.11466666666,,
1790465520000,release,84349.98566666669,84015.11466666666,,UP
1790466240000,false_breakout,84349.98566666669,84015.11466666666,,
1790466480000,release,84349.98566666669,84015.11466666666,,UP
1790467500000,false_breakout,84349.98566666669,84015.11466666666,,
1790471640000,release,84349.98566666669,84015.11466666666,,UP
1790471700000,lock,84366.44449999995,84247.95816666669,9.137078652324655,
1790471820000,release,84366.44449999995,84247.95816666669,,UP
1790471880000,false_breakout,84366.44449999995,84247.95816666669,,
1790473500000,release,84366.44449999995,84247.95816666669,,UP
1790473800000,lock,84456.94666666671,84269.07449999994,9.730785663142948,
1790473980000,release,84456.94666666671,84269.07449999994,,UP
1790474100000,lock,84526.46833333324,84269.07449999994,10.32044680624843,
1790487540000,release,84526.46833333324,84269.07449999994,,UP
1790487720000,false_breakout,84526.46833333324,84269.07449999994,,
1790489520000,release,84526.46833333324,84269.07449999994,,UP
1790490840000,false_breakout,84526.46833333324,84269.07449999994,,
1790494500000,release,84526.46833333324,84269.07449999994,,UP
1790509800000,lock,84925.79200000006,84797.50233333335,11.775591497509128,
1790510880000,release,84925.79200000006,84797.50233333335,,UP
1790511000000,lock,84951.33633333338,84839.16183333332,10.616064990552301,
1790511300000,release,84951.33633333338,84839.16183333332,,UP
1790511600000,lock,85001.95016666662,84839.16183333332,10.190682951035937,
1790514060000,release,85001.95016666662,84839.16183333332,,DOWN
1790515680000,false_breakout,85001.95016666662,84839.16183333332,,
1790516040000,release,85001.95016666662,84839.16183333332,,UP
1790516160000,false_breakout,85001.95016666662,84839.16183333332,,
1790516760000,release,85001.95016666662,84839.16183333332,,DOWN
1790516940000,false_breakout,85001.95016666662,84839.16183333332,,
1790517660000,release,85001.95016666662,84839.16183333332,,UP
1790517780000,false_breakout,85001.95016666662,84839.16183333332,,
1790519340000,release,85001.95016666662,84839.16183333332,,DOWN
1790519400000,lock,85083.51266666663,84702.21283333334,21.67182012774227,
1790520540000,release,85083.51266666663,84702.21283333334,,DOWN
1790533800000,false_breakout,85083.51266666663,84702.21283333334,,
1790537400000,release,85083.51266666663,84702.21283333334,,DOWN
1790537880000,false_breakout,85083.51266666663,84702.21283333334,,
1790540580000,release,85083.51266666663,84702.21283333334,,DOWN
1790544600000,lock,84759.11449999997,84534.24616666678,11.09457408010831,
1790545140000,release,84759.11449999997,84534.24616666678,,DOWN
1790545200000,lock,84700.8965,84464.7576666666,12.15110979356419,
1790546700000,release,84700.8965,84464.7576666666,,DOWN
1790546820000,false_breakout,84700.8965,84464.7576666666,,
1790546940000,release,84700.8965,84464.7576666666,,DOWN
1790547000000,lock,84700.8965,84374.27833333334,16.805713956839,
1790547360000,release,84700.8965,84374.27833333334,,DOWN
1790547540000,false_breakout,84700.8965,84374.27833333334,,
1790548560000,release,84700.8965,84374.27833333334,,DOWN
1790551680000,false_breakout,84700.8965,84374.27833333334,,
1790552640000,release,84700.8965,84374.27833333334,,DOWN
1790552940000,false_breakout,84700.8965,84374.27833333334,,
1790554920000,release,84700.8965,84374.27833333334,,UP
1790555520000,false_breakout,84700.8965,84374.27833333334,,
1790555760000,release,84700.8965,84374.27833333334,,DOWN
1790556420000,false_breakout,84700.8965,84374.27833333334,,
1790557020000,release,84700.8965,84374.27833333334,,DOWN
1790583600000,lock,83120.05500000001,82895.97100000006,21.736957558079013,
1790583840000,release,83120.05500000001,82895.97100000006,,DOWN
1790584500000,false_breakout,83120.05500000001,82895.97100000006,,
1790584680000,release,83120.05500000001,82895.97100000006,,DOWN
1790585280000,false_breakout,83120.05500000001,82895.97100000006,,
1790586240000,release,83120.05500000001,82895.97100000006,,DOWN
1790587320000,false_breakout,83120.05500000001,82895.97100000006,,
1790587560000,release,83120.05500000001,82895.97100000006,,DOWN
1790592000000,false_breakout,83120.05500000001,82895.97100000006,,
1790592600000,release,83120.05500000001,82895.97100000006,,DOWN
1790592780000,false_breakout,83120.05500000001,82895.97100000006,,
1790597220000,release,83120.05500000001,82895.97100000006,,UP
1790606640000,false_breakout,83120.05500000001,82895.97100000006,,
1790607240000,release,83120.05500000001,82895.97100000006,,DOWN
1790607480000,false_breakout,83120.05500000001,82895.97100000006,,
1790608740000,release,83120.05500000001,82895.97100000006,,DOWN
1790608800000,false_breakout,83120.05500000001,82895.97100000006,,
1790609880000,release,83120.05500000001,82895.97100000006,,UP
1790632980000,false_breakout,83120.05500000001,82895.97100000006,,
1790633100000,release,83120.05500000001,82895.97100000006,,UP
1790633220000,false_breakout,83120.05500000001,82895.97100000006,,
1790633520000,release,83120.05500000001,82895.97100000006,,UP
1790641200000,lock,83578.01766666664,83382.0026666667,13.540553017409438,
1790641440000,release,83578.01766666664,83382.0026666667,,DOWN
1790641500000,lock,83578.01766666664,83330.64,13.840951016166013,
1790643120000,release,83578.01766666664,83330.64,,DOWN
1790643300000,lock,83576.46366666668,83243.28900000002,18.48031994341049,
1790643480000,release,83576.46366666668,83243.28900000002,,DOWN
1790643600000,lock,83576.46366666668,83158.90416666672,18.788556018881344,
1790643720000,release,83576.46366666668,83158.90416666672,,DOWN
1790643780000,false_breakout,83576.46366666668,83158.90416666672,,
1790644020000,release,83576.46366666668,83158.90416666672,,DOWN
1790652600000,false_breakout,83576.46366666668,83158.90416666672,,
1790652720000,release,83576.46366666668,83158.90416666672,,DOWN
1790652900000,false_breakout,83576.46366666668,83158.90416666672,,
1790653140000,release,83576.46366666668,83158.90416666672,,DOWN
1790655480000,false_breakout,83576.46366666668,83158.90416666672,,
1790656560000,release,83576.46366666668,83158.90416666672,,DOWN
1790657100000,lock,83241.66566666664,82997.9356666667,16.09309342603698,
1790659200000,release,83241.66566666664,82997.9356666667,,UP
1790659920000,false_breakout,83241.66566666664,82997.9356666667,,
1790660340000,release,83241.66566666664,82997.9356666667,,DOWN
1790660400000,false_breakout,83241.66566666664,82997.9356666667,,
1790661060000,release,83241.66566666664,82997.9356666667,,UP
1790679900000,lock,84283.88433333341,83955.06200000002,16.358444768778504,
1790682660000,release,84283.88433333341,83955.06200000002,,UP
1790684460000,false_breakout,84283.88433333341,83955.06200000002,,
1790685540000,release,84283.88433333341,83955.06200000002,,UP
1790686020000,false_breakout,84283.88433333341,83955.06200000002,,
1790686440000,release,84283.88433333341,83955.06200000002,,UP
1790686920000,false_breakout,84283.88433333341,83955.06200000002,,
1790687340000,release,84283.88433333341,83955.06200000002,,UP
1790688660000,false_breakout,84283.88433333341,83955.06200000002,,
1790690100000,release,84283.88433333341,83955.06200000002,,UP
1790690340000,false_breakout,84283.88433333341,83955.06200000002,,
1790690880000,release,84283.88433333341,83955.06200000002,,DOWN
1790691600000,false_breakout,84283.88433333341,83955.06200000002,,
1790691780000,release,84283.88433333341,83955.06200000002,,DOWN
1790692020000,false_breakout,84283.88433333341,83955.06200000002,,
1790692500000,release,84283.88433333341,83955.06200000002,,DOWN
1790693220000,false_breakout,84283.88433333341,83955.06200000002,,
1790693340000,release,84283.88433333341,83955.06200000002,,DOWN
1790719800000,lock,83606.36650000003,83355.4215,13.754769250667763,
1790720100000,release,83606.36650000003,83355.4215,,UP
1790720160000,false_breakout,83606.36650000003,83355.4215,,
1790720700000,release,83606.36650000003,83355.4215,,UP
1790720880000,false_breakout,83606.36650000003,83355.4215,,
1790723040000,release,83606.36650000003,83355.4215,,UP
1790726700000,lock,83811.37633333325,83573.57016666661,14.157895590253357,
1790727120000,release,83811.37633333325,83573.57016666661,,DOWN
1790727300000,lock,83811.37633333325,83495.59833333324,15.29743654635874,
1790727600000,release,83811.37633333325,83495.59833333324,,DOWN
1790728140000,false_breakout,83811.37633333325,83495.59833333324,,
1790728740000,release,83811.37633333325,83495.59833333324,,DOWN
1790728800000,lock,83717.00566666656,83395.79666666665,16.63604366969246,
1790729520000,release,83717.00566666656,83395.79666666665,,DOWN
1790730000000,false_breakout,83717.00566666656,83395.79666666665,,
1790730900000,release,83717.00566666656,83395.79666666665,,DOWN
1790731020000,false_breakout,83717.00566666656,83395.79666666665,,
1790731920000,release,83717.00566666656,83395.79666666665,,DOWN
1790732700000,false_breakout,83717.00566666656,83395.79666666665,,
1790734920000,release,83717.00566666656,83395.79666666665,,DOWN
1790734980000,false_breakout,83717.00566666656,83395.79666666665,,
1790735640000,release,83717.00566666656,83395.79666666665,,DOWN
1790736120000,false_breakout,83717.00566666656,83395.79666666665,,
1790736300000,release,83717.00566666656,83395.79666666665,,DOWN
1790736480000,false_breakout,83717.00566666656,83395.79666666665,,
1790737080000,release,83717.00566666656,83395.79666666665,,DOWN
1790739300000,lock,83453.47549999993,83145.09599999999,18.353603198932007,
1790749020000,release,83453.47549999993,83145.09599999999,,DOWN
1790749200000,lock,83454.30316666668,83095.087,16.825855827916545,
1790749620000,release,83454.30316666668,83095.087,,DOWN
1790749740000,false_breakout,83454.30316666668,83095.087,,
1790750160000,release,83454.30316666668,83095.087,,DOWN
1790751420000,false_breakout,83454.30316666668,83095.087,,
1790751660000,release,83454.30316666668,83095.087,,DOWN
1790752740000,false_breakout,83454.30316666668,83095.087,,
1790757120000,release,83454.30316666668,83095.087,,DOWN
1790757300000,lock,83418.92166666662,83007.34049999993,19.918355779651073,
1790760780000,release,83418.92166666662,83007.34049999993,,UP
1790778960000,false_breakout,83418.92166666662,83007.34049999993,,
1790779080000,release,83418.92166666662,83007.34049999993,,UP
1790806800000,lock,83764.4726666666,83558.33850000001,14.034049784005733,
1790807760000,release,83764.4726666666,83558.33850000001,,UP
1790808000000,lock,83785.6765,83558.33850000001,12.293660103802695,
1790811300000,release,83785.6765,83558.33850000001,,DOWN
1790811420000,false_breakout,83785.6765,83558.33850000001,,
1790812080000,release,83785.6765,83558.33850000001,,DOWN
1790812440000,false_breakout,83785.6765,83558.33850000001,,
1790812680000,release,83785.6765,83558.33850000001,,DOWN
1790812800000,false_breakout,83785.6765,83558.33850000001,,
1790812980000,release,83785.6765,83558.33850000001,,DOWN
1790817480000,false_breakout,83785.6765,83558.33850000001,,
1790818380000,release,83785.6765,83558.33850000001,,DOWN
1790820600000,false_breakout,83785.6765,83558.33850000001,,
1790821020000,release,83785.6765,83558.33850000001,,DOWN
1790821200000,lock,83628.92766666668,83448.21200000003,15.169641346442953,
1790821620000,release,83628.92766666668,83448.21200000003,,DOWN
1790821800000,false_breakout,83628.92766666668,83448.21200000003,,
1790822400000,release,83628.92766666668,83448.21200000003,,DOWN
1790823480000,false_breakout,83628.92766666668,83448.21200000003,,
1790823960000,release,83628.92766666668,83448.21200000003,,DOWN
1790824200000,lock,83605.1736666667,83364.42966666663,14.16433824581189,
1790826300000,release,83605.1736666667,83364.42966666663,,UP
1790826600000,lock,83664.11000000007,83364.42966666663,15.178000424275789,
1790827140000,release,83664.11000000007,83364.42966666663,,UP
1790845440000,false_breakout,83664.11000000007,83364.42966666663,,
1790846580000,release,83664.11000000007,83364.42966666663,,UP
1790848920000,false_breakout,83664.11000000007,83364.42966666663,,
1790850180000,release,83664.11000000007,83364.42966666663,,UP
1790850360000,false_breakout,83664.11000000007,83364.42966666663,,
1790850780000,release,83664.11000000007,83364.42966666663,,UP
1790859720000,false_breakout,83664.11000000007,83364.42966666663,,
1790861760000,release,83664.11000000007,83364.42966666663,,UP
1790863560000,false_breakout,83664.11000000007,83364.42966666663,,
1790863680000,release,83664.11000000007,83364.42966666663,,UP
1790865300000,lock,84151.93916666666,83456.00183333336,35.566479890551584,
1790865480000,release,84151.93916666666,83456.00183333336,,UP
1790865660000,false_breakout,84151.93916666666,83456.00183333336,,
1790868060000,release,84151.93916666666,83456.00183333336,,UP
1790868300000,false_breakout,84151.93916666666,83456.00183333336,,
1790869860000,release,84151.93916666666,83456.00183333336,,UP
1790869920000,false_breakout,84151.93916666666,83456.00183333336,,
1790870700000,release,84151.93916666666,83456.00183333336,,UP
1790871000000,false_breakout,84151.93916666666,83456.00183333336,,
1790871300000,release,84151.93916666666,83456.00183333336,,UP
1790873760000,false_breakout,84151.93916666666,83456.00183333336,,
1790874240000,release,84151.93916666666,83456.00183333336,,UP
1790888100000,lock,84820.16366666669,84549.85266666666,20.01111164404202,
1790890740000,release,84820.16366666669,84549.85266666666,,DOWN
1790890800000,lock,84746.16983333336,84503.28333333327,14.772268308808505,
1790890980000,release,84746.16983333336,84503.28333333327,,DOWN
1790891280000,false_breakout,84746.16983333336,84503.28333333327,,
1790897760000,release,84746.16983333336,84503.28333333327,,UP
1790898000000,lock,84801.72933333335,84602.03650000012,13.541340174986257,
1790899080000,release,84801.72933333335,84602.03650000012,,UP
1790899320000,false_breakout,84801.72933333335,84602.03650000012,,
1790900100000,release,84801.72933333335,84602.03650000012,,UP
1790900880000,false_breakout,84801.72933333335,84602.03650000012,,
1790901780000,release,84801.72933333335,84602.03650000012,,UP
1790901960000,false_breakout,84801.72933333335,84602.03650000012,,
1790904180000,release,84801.72933333335,84602.03650000012,,DOWN
1790904300000,lock,84902.72716666668,84517.9160000001,16.12148218949511,
1790906700000,release,84902.72716666668,84517.9160000001,,UP
1790907780000,false_breakout,84902.72716666668,84517.9160000001,,
1790909100000,release,84902.72716666668,84517.9160000001,,UP
1790925000000,lock,86048.65883333328,85870.7793333333,24.72643771191818,
1790926800000,release,86048.65883333328,85870.7793333333,,DOWN
1790927220000,false_breakout,86048.65883333328,85870.7793333333,,
1790927340000,release,86048.65883333328,85870.7793333333,,DOWN
1790927520000,false_breakout,86048.65883333328,85870.7793333333,,
1790928120000,release,86048.65883333328,85870.7793333333,,UP
1790942100000,lock,86525.00033333329,86279.3729999999,16.976171090778422,
1790943660000,release,86525.00033333329,86279.3729999999,,UP
1790943900000,lock,86623.74649999995,86324.37500000004,19.391756326077086,
1790944320000,release,86623.74649999995,86324.37500000004,,UP
1790944980000,false_breakout,86623.74649999995,86324.37500000004,,
1790945340000,release,86623.74649999995,86324.37500000004,,UP
1790947680000,false_breakout,86623.74649999995,86324.37500000004,,
1790947980000,release,86623.74649999995,86324.37500000004,,UP
1790949480000,false_breakout,86623.74649999995,86324.37500000004,,
1790949840000,release,86623.74649999995,86324.37500000004,,UP
1790950080000,false_breakout,86623.74649999995,86324.37500000004,,
1790951400000,release,86623.74649999995,86324.37500000004,,DOWN
1790976900000,lock,84513.46149999999,84223.51149999989,18.255955370263727,
1790979780000,release,84513.46149999999,84223.51149999989,,UP
1790980020000,false_breakout,84513.46149999999,84223.51149999989,,
1790980680000,release,84513.46149999999,84223.51149999989,,UP
1790980860000,false_breakout,84513.46149999999,84223.51149999989,,
1790982000000,release,84513.46149999999,84223.51149999989,,UP
1790982420000,false_breakout,84513.46149999999,84223.51149999989,,
1790983860000,release,84513.46149999999,84223.51149999989,,UP
1790984040000,false_breakout,84513.46149999999,84223.51149999989,,
1790984700000,release,84513.46149999999,84223.51149999989,,UP
1790985000000,lock,84552.1968333333,84468.76833333328,8.516570556361192,
1790986020000,release,84552.1968333333,84468.76833333328,,DOWN
1790986200000,lock,84556.95716666669,84436.5373333334,8.332187375102897,
1790987580000,release,84556.95716666669,84436.5373333334,,UP
1790987700000,lock,84615.74516666663,84435.95600000005,9.165087923475829,
1790987880000,release,84615.74516666663,84435.95600000005,,UP
1790987940000,false_breakout,84615.74516666663,84435.95600000005,,
1790988660000,release,84615.74516666663,84435.95600000005,,UP
1790988900000,lock,84661.82166666664,84435.95600000005,8.747343422852449,
1790990280000,release,84661.82166666664,84435.95600000005,,UP
1790990340000,false_breakout,84661.82166666664,84435.95600000005,,
1790999940000,release,84661.82166666664,84435.95600000005,,UP
1791000000000,lock,84680.6636666667,84516.71616666675,6.421193306449848,
1791000120000,release,84680.6636666667,84516.71616666675,,UP
1791000300000,lock,84711.91116666672,84516.71616666675,6.52052771313222,
1791030000000,release,84711.91116666672,84516.71616666675,,UP
1791039900000,lock,84870.69300000001,84743.69849999997,7.8390039315529645,
1791047820000,release,84870.69300000001,84743.69849999997,,UP
1791048000000,lock,84905.8356666667,84781.70266666662,4.884269504058166,
1791048180000,release,84905.8356666667,84781.70266666662,,UP
1791048300000,lock,84944.22200000004,84781.70266666662,5.2229109680546,
1791049920000,release,84944.22200000004,84781.70266666662,,UP
1791050100000,lock,84965.88416666677,84828.75983333336,7.405992104511213,
1791050400000,release,84965.88416666677,84828.75983333336,,UP
1791051540000,false_breakout,84965.88416666677,84828.75983333336,,
1791052200000,release,84965.88416666677,84828.75983333336,,UP
1791052320000,false_breakout,84965.88416666677,84828.75983333336,,
1791056040000,release,84965.88416666677,84828.75983333336,,DOWN
1791057360000,false_breakout,84965.88416666677,84828.75983333336,,
1791060660000,release,84965.88416666677,84828.75983333336,,DOWN
1791070200000,lock,84796.348,84733.99483333332,5.820000260750078,
1791072300000,release,84796.348,84733.99483333332,,UP
1791072600000,lock,84820.8305,84724.1811666667,6.5371911459422,
1791073260000,release,84820.8305,84724.1811666667,,UP
1791073500000,lock,84845.2461666667,84724.1811666667,6.156165098747931,
1791085380000,release,84845.2461666667,84724.1811666667,,UP
1791085980000,false_breakout,84845.2461666667,84724.1811666667,,
1791092100000,release,84845.2461666667,84724.1811666667,,UP
1791115200000,lock,85324.40466666667,85214.33383333331,8.080285688210413,
1791115620000,release,85324.40466666667,85214.33383333331,,UP
1791115800000,lock,85360.52716666664,85214.33383333331,8.11903523626174,
1791118020000,release,85360.52716666664,85214.33383333331,,DOWN
1791118200000,lock,85372.2733333333,85151.64533333335,9.588033045780183,
1791118560000,release,85372.2733333333,85151.64533333335,,DOWN
1791118800000,lock,85372.2733333333,85102.33016666667,9.295268076887336,
1791127320000,release,85372.2733333333,85102.33016666667,,UP
1791127500000,lock,85444.32516666672,85096.52999999996,12.110613399511369,
1791142440000,release,85444.32516666672,85096.52999999996,,UP
1791142920000,false_breakout,85444.32516666672,85096.52999999996,,
1791145200000,release,85444.32516666672,85096.52999999996,,UP
1791145620000,false_breakout,85444.32516666672,85096.52999999996,,
1791146160000,release,85444.32516666672,85096.52999999996,,UP
1791169500000,lock,86704.00199999996,86413.86466666666,21.59496552415761,
1791170520000,release,86704.00199999996,86413.86466666666,,DOWN
1791170700000,lock,86691.78783333328,86317.92083333334,21.402762459058028,
1791171540000,release,86691.78783333328,86317.92083333334,,DOWN
1791171600000,lock,86691.78783333328,86262.58300000003,20.989050791744756,
1791172440000,release,86691.78783333328,86262.58300000003,,DOWN
1791183300000,false_breakout,86691.78783333328,86262.58300000003,,
1791183540000,release,86691.78783333328,86262.58300000003,,DOWN
1791184140000,false_breakout,86691.78783333328,86262.58300000003,,
1791184380000,release,86691.78783333328,86262.58300000003,,DOWN
1791184500000,false_breakout,86691.78783333328,86262.58300000003,,
1791185040000,release,86691.78783333328,86262.58300000003,,DOWN
1791185460000,false_breakout,86691.78783333328,86262.58300000003,,
1791185760000,release,86691.78783333328,86262.58300000003,,DOWN
1791186240000,false_breakout,86691.78783333328,86262.58300000003,,
1791187080000,release,86691.78783333328,86262.58300000003,,DOWN
1791187440000,false_breakout,86691.78783333328,86262.58300000003,,
1791190020000,release,86691.78783333328,86262.58300000003,,DOWN
1791199800000,lock,86186.82699999999,85917.7876666667,17.841237408401998,
1791204000000,release,86186.82699999999,85917.7876666667,,DOWN
1791204300000,lock,86199.74650000005,85844.7398333334,17.278408972914278,
1791208200000,release,86199.74650000005,85844.7398333334,,UP
1791208500000,lock,86384.96016666667,85843.25033333334,29.66774801089851,
1791209340000,release,86384.96016666667,85843.25033333334,,UP
1791210120000,false_breakout,86384.96016666667,85843.25033333334,,
1791210960000,release,86384.96016666667,85843.25033333334,,DOWN
1791236100000,false_breakout,86384.96016666667,85843.25033333334,,
1791244020000,release,86384.96016666667,85843.25033333334,,DOWN
1791244200000,lock,86057.22933333337,85734.98533333336,14.554117341012988,
1791248820000,release,86057.22933333337,85734.98533333336,,UP
1791249000000,lock,86106.03750000002,85766.92633333322,17.125808386178953,
1791250980000,release,86106.03750000002,85766.92633333322,,DOWN
1791251100000,lock,86106.03750000002,85677.62433333337,20.355779240731106,
1791251580000,release,86106.03750000002,85677.62433333337,,DOWN
1791251700000,lock,86106.03750000002,85611.46450000002,19.92135365654755,
1791252240000,release,86106.03750000002,85611.46450000002,,DOWN
1791253440000,false_breakout,86106.03750000002,85611.46450000002,,
1791254160000,release,86106.03750000002,85611.46450000002,,DOWN
1791254340000,false_breakout,86106.03750000002,85611.46450000002,,
1791254820000,release,86106.03750000002,85611.46450000002,,DOWN
1791263280000,false_breakout,86106.03750000002,85611.46450000002,,
1791265500000,release,86106.03750000002,85611.46450000002,,DOWN
1791265800000,lock,85708.56416666675,85524.41783333331,11.414291670347396,
1791266040000,release,85708.56416666675,85524.41783333331,,DOWN
1791266100000,lock,85708.56416666675,85507.8730000001,11.224074408177728,
1791266520000,release,85708.56416666675,85507.8730000001,,DOWN
1791266700000,lock,85708.56416666675,85378.09350000002,12.474091368954815,
1791266820000,release,85708.56416666675,85378.09350000002,,DOWN
1791267000000,lock,85708.56416666675,85276.68049999991,13.394031271174155,
1791267180000,release,85708.56416666675,85276.68049999991,,DOWN
1791268500000,false_breakout,85708.56416666675,85276.68049999991,,
1791274140000,release,85708.56416666675,85276.68049999991,,UP
1791292800000,lock,86371.98583333332,86000.38483333327,18.49153074324273,
1791294720000,release,86371.98583333332,86000.38483333327,,UP
1791295080000,false_breakout,86371.98583333332,86000.38483333327,,
1791298440000,release,86371.98583333332,86000.38483333327,,UP
1791298500000,lock,86489.61583333332,85984.6351666667,30.474711141008566,
1791298800000,release,86489.61583333332,85984.6351666667,,UP
1791300240000,false_breakout,86489.61583333332,85984.6351666667,,
1791302100000,release,86489.61583333332,85984.6351666667,,DOWN
1791316800000,lock,85636.32149999995,85414.20833333339,16.53014699122863,
1791329700000,release,85636.32149999995,85414.20833333339,,DOWN
1791329820000,false_breakout,85636.32149999995,85414.20833333339,,
1791336060000,release,85636.32149999995,85414.20833333339,,DOWN
1791336300000,lock,85580.08999999994,85315.37366666664,12.516216267744232,
1791336600000,release,85580.08999999994,85315.37366666664,,DOWN
1791336780000,false_breakout,85580.08999999994,85315.37366666664,,
1791337020000,release,85580.08999999994,85315.37366666664,,DOWN
1791397200000,lock,83546.41366666669,83030.6745000001,22.709094776507914,
