window_open,day,btc_ticker,side,signal_ms,first_fill_ms,last_fill_ms,btc_fill_price,btc_filled,btc_entry_principal,btc_fee_recorded,btc_exit_ms,btc_exit_price,btc_exit_count,btc_exit_fee,btc_recorded_net_pnl,btc_settlement_won,btc_final_price,target,hourly_ticker,hourly_strike,hourly_entry_ms,hourly_exit_ms,hourly_ask,hourly_bid,hourly_count,hourly_quote_pnl,requested_exit_ms,entry_age_s,exit_early_s
1790624700000,2026-09-28,KXBTC15M-26SEP281600-00,UP,1790625125991,1790625127345,1790625127345,0.73,1.0,0.73,0.0138,,,,,0.27,1,,83274.99,KXBTCD-26SEP2816-T83299.99,83299.99,1790625107762,1790625524991,0.7,0.98,1,0.2639,1790625600000,19.583,75.009
1790625600000,2026-09-28,KXBTC15M-26SEP281615-15,UP,1790625906172,1790625907906,1790625907906,0.76,1.0,0.76,0.0128,,,,,0.24,1,,83377.12,KXBTCD-26SEP2817-T83499.99,83499.99,1790625881892,1790626428785,0.34,0.56,2,0.3740000000000001,1790626500000,26.014,71.215
1790629200000,2026-09-28,KXBTC15M-26SEP281715-15,UP,1790629447728,1790629448564,1790629448564,0.8,1.0,0.8,0.0112,,,,,0.2,1,,83503.87,KXBTCD-26SEP2818-T83499.99,83499.99,1790629389001,1790630022506,0.66,0.63,1,-0.06220000000000003,1790630100000,59.563,77.494
1790633700000,2026-09-28,KXBTC15M-26SEP281830-30,UP,1790634114924,1790634115590,1790634115590,0.72,1.0,0.72,0.0142,,,,,0.28,1,,83173.05,KXBTCD-26SEP2819-T83199.99,83199.99,1790634090626,1790634563156,0.49,0.53,1,0.005000000000000032,1790634600000,24.964,36.844
1790641800000,2026-09-28,KXBTC15M-26SEP282045-45,UP,1790642051801,1790642053437,1790642053437,0.7,1.0,0.7,0.0147,,,,,-0.7,0,,83504.45,KXBTCD-26SEP2821-T83499.99,83499.99,1790642004553,1790642636174,0.41,0.48,1,0.035500000000000004,1790642700000,48.884,63.826
1790645400000,2026-09-28,KXBTC15M-26SEP282145-45,UP,1790645645867,1790645647607,1790645647607,0.65,1.0,0.65,0.016,1790646169533,0.988,1.0,0.0009,0.338,1,,82812.75,KXBTCD-26SEP2822-T82799.99,82799.99,1790645610286,1790646240565,0.63,0.77,1,0.11120000000000002,1790646300000,37.321,59.435
1790648100000,2026-09-28,KXBTC15M-26SEP282230-30,UP,1790648407486,1790648408669,1790648408669,0.7,1.0,0.7,0.014700000000000001,,,,,-0.7,0,,83016.08,KXBTCD-26SEP2823-T82999.99,82999.99,1790648383000,1790648942707,0.57,0.36,1,-0.24339999999999995,1790649000000,25.669,57.293
1790655300000,2026-09-29,KXBTC15M-26SEP290030-30,UP,1790655558860,1790655560274,1790655560274,0.72,1.0,0.72,0.0142,1790656062822,0.992,1.0,0.0006,0.272,1,,83103.78,KXBTCD-26SEP2901-T83099.99,83099.99,1790655522037,1790656145808,0.59,0.77,1,0.15060000000000004,1790656200000,38.237,54.192
1790660700000,2026-09-29,KXBTC15M-26SEP290200-00,UP,1790661022772,1790661023949,1790661023949,0.67,1.0,0.67,0.0155,1790661413334,0.9799999999999999,1.0,0.0014,0.31,1,,83274.19,KXBTCD-26SEP2902-T83299.99,83299.99,1790661010920,1790661567692,0.55,0.99,1,0.4219,1790661600000,13.029,32.308
1790666100000,2026-09-29,KXBTC15M-26SEP290330-30,UP,1790666452979,1790666453749,1790666453749,0.6,1.0,0.6,0.0168,,,,,0.4,1,,83953.97,KXBTCD-26SEP2904-T83999.99,83999.99,1790666393482,1790666950063,0.38,0.39,1,-0.02319999999999999,1790667000000,60.267,49.937
1790667000000,2026-09-29,KXBTC15M-26SEP290345-45,UP,1790667286120,1790667286856,1790667286856,0.7,1.0,0.7,0.0147,,,,,0.3,1,,83962.58,KXBTCD-26SEP2904-T83999.99,83999.99,1790667226176,1790667854765,0.51,0.43,1,-0.11470000000000002,1790667900000,60.68,45.235
1790667900000,2026-09-29,KXBTC15M-26SEP290400-00,UP,1790668315797,1790668316505,1790668316505,0.71,1.0,0.71,0.0145,,,,,-0.71,0,,83994.96,KXBTCD-26SEP2904-T83999.99,83999.99,1790668281361,1790668758303,0.6,0.0,1,-0.6168,1790668800000,35.144,41.697
1790668800000,2026-09-29,KXBTC15M-26SEP290415-15,UP,1790669043610,1790669044538,1790669044538,0.79,1.0,0.79,0.0117,1790669634414,0.997,1.0,0.0003,0.207,1,,83944.58,KXBTCD-26SEP2905-T83899.99,83899.99,1790669032016,1790669660197,0.74,0.75,1,-0.016699999999999993,1790669700000,12.522,39.803
1790669700000,2026-09-29,KXBTC15M-26SEP290430-30,UP,1790669966727,1790669967483,1790669967483,0.69,1.0,0.69,0.015,1790670430993,0.986,1.0,0.001,0.296,1,,84027.8,KXBTCD-26SEP2905-T83999.99,83999.99,1790669932218,1790670527651,0.56,0.79,1,0.20099999999999998,1790670600000,35.265,72.349
1790673300000,2026-09-29,KXBTC15M-26SEP290530-30,UP,1790673645183,1790673646908,1790673646908,0.71,1.0,0.71,0.0145,1790674135391,0.998,1.0,0.0002,0.288,1,,83760.07,KXBTCD-26SEP2906-T83799.99,83799.99,1790673597245,1790674135391,0.41,0.62,1,0.1765,1790674200000,49.663,64.609
1790674200000,2026-09-29,KXBTC15M-26SEP290545-45,UP,1790674445281,1790674446949,1790674446949,0.86,1.0,0.86,0.0085,1790674992515,0.998,1.0,0.0002,0.138,1,,83824.28,KXBTCD-26SEP2906-T83799.99,83799.99,1790674420488,1790675017333,0.8,0.93,1,0.1142,1790675100000,26.461,82.667
1790678700000,2026-09-29,KXBTC15M-26SEP290700-00,UP,1790679075130,1790679076597,1790679076597,0.68,1.0,0.68,0.0153,,,,,0.32,1,,83991.08,KXBTCD-26SEP2907-T83999.99,83999.99,1790679050243,1790679546459,0.57,0.89,1,0.29590000000000005,1790679600000,26.354,53.541
1790681400000,2026-09-29,KXBTC15M-26SEP290745-45,UP,1790681642025,1790681644233,1790681644233,0.9369800000000001,1.0,0.9369800000000001,0.004220000000000001,1790682096296,0.993,1.0,0.0005,0.05602,1,,84039.9,KXBTCD-26SEP2908-T83999.99,83999.99,1790681616850,1790682214202,0.85,0.93,1,0.06640000000000007,1790682300000,27.383,85.798
1790682300000,2026-09-29,KXBTC15M-26SEP290800-00,UP,1790682544974,1790682546475,1790682546475,0.85,1.0,0.85,0.009,1790682989096,0.994,1.0,0.0005,0.144,1,,84214.47,KXBTCD-26SEP2908-T84199.99,84199.99,1790682520558,1790683142033,0.82,0.99,1,0.15890000000000004,1790683200000,25.917,57.967
1790683200000,2026-09-29,KXBTC15M-26SEP290815-15,UP,1790683482111,1790683483477,1790683483477,0.7,1.0,0.7,0.0147,,,,,-0.7,0,,84346.5,KXBTCD-26SEP2909-T84299.99,84299.99,1790683422622,1790684047879,0.62,0.54,1,-0.11389999999999996,1790684100000,60.855,52.121
1790685000000,2026-09-29,KXBTC15M-26SEP290845-45,UP,1790685267674,1790685268914,1790685268914,0.74,1.0,0.74,0.0135,1790685670028,0.993,1.0,0.0005,0.253,1,,84166.09,KXBTCD-26SEP2909-T84199.99,84199.99,1790685208551,1790685815029,0.64,0.84,1,0.17429999999999995,1790685900000,60.363,84.971
1790687700000,2026-09-29,KXBTC15M-26SEP290930-30,UP,1790688114296,1790688115318,1790688115318,0.63,1.0,0.63,0.0164,,,,,-0.63,0,,84389.45,KXBTCD-26SEP2910-T84399.99,84399.99,1790688055289,1790688521097,0.53,0.51,1,-0.05500000000000002,1790688600000,60.029,78.903
1790691300000,2026-09-29,KXBTC15M-26SEP291030-30,UP,1790691560923,1790691561939,1790691561939,0.67,1.0,0.67,0.0155,1790692059820,0.983,1.0,0.0012000000000000001,0.313,1,,83927.02,KXBTCD-26SEP2911-T83899.99,83899.99,1790691512718,1790692181043,0.58,0.56,1,-0.05439999999999991,1790692200000,49.221,18.957
1790695800000,2026-09-29,KXBTC15M-26SEP291145-45,UP,1790696039916,1790696040612,1790696040612,0.8,1.0,0.8,0.0112,1790696474710,0.991,1.0,0.0007,0.191,1,,82984.7,KXBTCD-26SEP2912-T82999.99,82999.99,1790696015765,1790696629131,0.77,0.78,1,-0.01449999999999999,1790696700000,24.847,70.869
1790697600000,2026-09-29,KXBTC15M-26SEP291215-15,UP,1790697846808,1790697847489,1790697847489,0.71,1.0,0.71,0.0145,,,,,-0.71,0,,82996.92,KXBTCD-26SEP2913-T82999.99,82999.99,1790697821964,1790698450503,0.65,0.53,1,-0.15350000000000003,1790698500000,25.525,49.497
1790701200000,2026-09-29,KXBTC15M-26SEP291315-15,UP,1790701495463,1790701495953,1790701495953,0.67,1.0,0.67,0.0155,1790702030742,0.994,1.0,0.0005,0.324,1,,83036.99,KXBTCD-26SEP2914-T82999.99,82999.99,1790701470940,1790702030742,0.62,0.69,1,0.03849999999999995,1790702100000,25.013,69.258
1790703000000,2026-09-29,KXBTC15M-26SEP291345-45,UP,1790703249205,1790703249698,1790703249698,0.7,1.0,0.7,0.0147,,,,,0.3,1,,83111.58,KXBTCD-26SEP2914-T83099.99,83099.99,1790703224587,1790703858287,0.67,0.55,1,-0.1529,1790703900000,25.111,41.713
1790705700000,2026-09-29,KXBTC15M-26SEP291430-30,UP,1790706119196,1790706122053,1790706122053,0.73,1.0,0.73,0.0138,1790706529848,0.993,1.0,0.0005,0.263,1,,83388.93,KXBTCD-26SEP2915-T83399.99,83399.99,1790706119196,1790706542765,0.56,0.61,1,0.015999999999999938,1790706600000,2.857,57.235
1790708400000,2026-09-29,KXBTC15M-26SEP291515-15,UP,1790708790260,1790708791893,1790708791893,0.72,1.0,0.72,0.0142,,,,,-0.72,0,,83603.76,KXBTCD-26SEP2916-T83599.99,83599.99,1790708778501,1790709256518,0.53,0.43,1,-0.13470000000000004,1790709300000,13.392,43.482
1790709300000,2026-09-29,KXBTC15M-26SEP291530-30,UP,1790709545683,1790709547414,1790709547414,0.68,1.0,0.68,0.0153,,,,,-0.68,0,,83568.3,KXBTCD-26SEP2916-T83599.99,83599.99,1790709510233,1790710140388,0.48,0.3,1,-0.2122,1790710200000,37.181,59.612
1790710200000,2026-09-29,KXBTC15M-26SEP291545-45,UP,1790710450118,1790710451908,1790710451908,0.71,1.0,0.71,0.0145,,,,,-0.71,0,,83519.15,KXBTCD-26SEP2916-T83499.99,83499.99,1790710424825,1790711031444,0.7,0.37,1,-0.3611,1790711100000,27.083,68.556
1790712900000,2026-09-29,KXBTC15M-26SEP291630-30,UP,1790713149111,1790713150720,1790713150720,0.72,1.0,0.72,0.0142,1790713629260,0.991,1.0,0.0007,0.271,1,,83532.07,KXBTCD-26SEP2917-T83499.99,83499.99,1790713137217,1790713726066,0.67,0.79,1,0.0928,1790713800000,13.503,73.934
1790728200000,2026-09-29,KXBTC15M-26SEP292045-45,UP,1790728505309,1790728507225,1790728507225,0.68,7.0,4.760000000000001,0.1067,,,,,-4.76,0,,83545.85,KXBTCD-26SEP2921-T83499.99,83499.99,1790728468994,1790729026409,0.65,0.43,7,-1.7716000000000003,1790729100000,38.231,73.591
1790732700000,2026-09-29,KXBTC15M-26SEP292200-00,UP,1790733065665,1790733075953,1790733075953,0.61,7.0,4.27,0.11660000000000001,,,,,2.73,1,,83399.79,KXBTCD-26SEP2922-T83399.99,83399.99,1790733052870,1790733544612,0.57,0.66,7,0.3999000000000006,1790733600000,23.083,55.388
1790736300000,2026-09-29,KXBTC15M-26SEP292300-00,UP,1790736544585,1790736545242,1790736545242,0.7600000000000001,6.0,4.5600000000000005,0.0767,,,,,-4.56,0,,83342.68,KXBTCD-26SEP2923-T83299.99,83299.99,1790736520165,1790737154898,0.9,0.96,5,0.2549999999999997,1790737200000,25.077,45.102
1790737200000,2026-09-29,KXBTC15M-26SEP292315-15,UP,1790737488242,1790737490032,1790737490032,0.6900000000000001,7.0,4.83,0.1049,,,,,-4.83,0,,83334.16,KXBTCD-26SEP3000-T83299.99,83299.99,1790737442028,1790738072997,0.55,0.5,8,-0.6786000000000004,1790738100000,48.004,27.003
1790740800000,2026-09-30,KXBTC15M-26SEP300015-15,UP,1790741040345,1790741042029,1790741042029,0.8699999999999999,5.0,4.35,0.0396,1790741621564,0.9970000000000001,5.0,0.0011,0.635,1,,83269.85,KXBTCD-26SEP3001-T83299.99,83299.99,1790741026602,1790741621564,0.65,0.58,6,-0.6180000000000004,1790741700000,15.427,78.436
1790741700000,2026-09-30,KXBTC15M-26SEP300030-30,UP,1790741939742,1790741941383,1790741941383,0.74,7.0,5.18,0.0943,,,,,-5.18,0,,83335.03,KXBTCD-26SEP3001-T83299.99,83299.99,1790741914216,1790742536509,0.72,0.68,7,-0.4854999999999995,1790742600000,27.167,63.491
1790744400000,2026-09-30,KXBTC15M-26SEP300115-15,UP,1790744648823,1790744650948,1790744650948,0.81,6.0,4.86,0.0647,,,,,1.14,1,,83180.06,KXBTCD-26SEP3002-T83199.99,83199.99,1790744612230,1790745279426,0.65,0.51,7,-1.2140000000000002,1790745300000,38.718,20.574
1790786700000,2026-09-30,KXBTC15M-26SEP301300-00,UP,1790787042295,1790787043086,1790787043086,0.7,4.0,2.8,0.0588,,,,,-2.8,0,,84308.23,KXBTCD-26SEP3013-T84299.99,84299.99,1790787030681,1790787582407,0.63,0.0,4,-2.5853,1790787600000,12.405,17.593
1790790300000,2026-09-30,KXBTC15M-26SEP301400-00,UP,1790790546822,1790790790145,1790790790145,0.61,4.0,2.44,0.0667,,,,,1.56,1,,83975.81,KXBTCD-26SEP3014-T83999.99,83999.99,1790790745618,1790791160376,0.7,0.51,3,-0.6665999999999999,1790791200000,44.527,39.624
1790796600000,2026-09-30,KXBTC15M-26SEP301545-45,UP,1790796848394,1790796848276,1790796848276,0.85,3.0,2.55,0.0268,,,,,0.45,1,,83725.04,KXBTCD-26SEP3016-T83699.99,83699.99,1790796837435,1790797453837,0.76,0.74,3,-0.13890000000000005,1790797500000,10.841,46.163
1790799300000,2026-09-30,KXBTC15M-26SEP301630-30,UP,1790799653091,1790799762165,1790799762165,0.79,4.0,3.16,0.0465,1790800051157,0.995,4.0,0.0014,0.82,1,,83597.88,KXBTCD-26SEP3017-T83499.99,83499.99,1790799706410,1790800183413,0.75,0.89,4,0.48000000000000004,1790800200000,55.755,16.587
1790801100000,2026-09-30,KXBTC15M-26SEP301700-00,UP,1790801544605,1790801544137,1790801544137,0.71,4.0,2.84,0.0577,,,,,-2.84,0,,83645.5,KXBTCD-26SEP3017-T83749.99,83749.99,1790801500362,1790801984522,0.09,0.0,31,-2.9678,1790802000000,43.775,15.478
1790802000000,2026-09-30,KXBTC15M-26SEP301715-15,UP,1790802247613,1790802247336,1790802247336,0.84,3.0,2.52,0.0283,1790802772190,0.997,3.0,0.0007,0.471,1,,83620.46,KXBTCD-26SEP3018-T83599.99,83599.99,1790802190624,1790802881901,0.6,0.69,4,0.23289999999999988,1790802900000,56.712,18.099
1790802900000,2026-09-30,KXBTC15M-26SEP301730-30,UP,1790803146644,1790803146316,1790803146316,0.7,4.0,2.8,0.0588,,,,,-2.8,0,,83712.16,KXBTCD-26SEP3018-T83699.99,83699.99,1790803089725,1790803781946,0.6,0.51,4,-0.49719999999999986,1790803800000,56.591,18.054
1790803800000,2026-09-30,KXBTC15M-26SEP301745-45,UP,1790804117771,1790804197500,1790804197500,0.82,3.0,2.46,0.031,,,,,-2.46,0,,83705.29,KXBTCD-26SEP3018-T83699.99,83699.99,1790804185383,1790804671861,0.63,0.39,3,-0.8190000000000001,1790804700000,12.117,28.139
1790806500000,2026-09-30,KXBTC15M-26SEP301830-30,UP,1790806742666,1790806743542,1790806743542,0.65,3.0,1.9500000000000002,0.0478,1790807226212,0.9899999999999999,3.0,0.0021,1.02,1,,83663.4,KXBTCD-26SEP3019-T83699.99,83699.99,1790806695830,1790807379393,0.5,0.7,3,0.5033999999999998,1790807400000,47.712,20.607
1790807400000,2026-09-30,KXBTC15M-26SEP301845-45,UP,1790807930867,1790807931838,1790807931838,0.64,9.0,5.76,0.1452,,,,,-5.76,0,,83769.42,KXBTCD-26SEP3019-T83799.99,83799.99,1790807887892,1790808234115,0.36,0.26,16,-2.0735999999999994,1790808300000,43.946,65.885
1790809200000,2026-09-30,KXBTC15M-26SEP301915-15,UP,1790809449358,1790809449791,1790809449791,0.78,8.0,6.24,0.0961,,,,,1.76,1,,83642.7,KXBTCD-26SEP3020-T83599.99,83599.99,1790809449358,1790810067072,0.7,0.66,8,-0.5632999999999994,1790810100000,0.433,32.928
1790810100000,2026-09-30,KXBTC15M-26SEP301930-30,UP,1790810486148,1790810486883,1790810486883,0.72,8.0,5.76,0.1129,,,,,-5.76,0,,83662.71,KXBTCD-26SEP3020-T83699.99,83699.99,1790810464421,1790810945358,0.42,0.33,13,-1.5929999999999995,1790811000000,22.462,54.642
1790816400000,2026-09-30,KXBTC15M-26SEP302115-15,UP,1790816756451,1790816756676,1790816756676,0.78,7.0,5.46,0.0841,1790817177340,0.994,7.0,0.003,1.498,1,,83472.82,KXBTCD-26SEP3022-T83499.99,83499.99,1790816734589,1790817273686,0.46,0.61,11,1.2754999999999996,1790817300000,22.087,26.314
1790817300000,2026-09-30,KXBTC15M-26SEP302130-30,UP,1790817590192,1790817713341,1790817713341,0.71,8.0,5.68,0.1154,1790818019494,0.983,8.0,0.0094,2.184,1,,83554.46,KXBTCD-26SEP3022-T83599.99,83599.99,1790817678945,1790818148988,0.54,0.44,10,-1.3464000000000005,1790818200000,34.396,51.012
1790821800000,2026-09-30,KXBTC15M-26SEP302245-45,UP,1790822042855,1790822042930,1790822042930,0.66,4.0,2.64,0.0629,,,,,-2.64,0,,83460.64,KXBTCD-26SEP3023-T83499.99,83499.99,1790822008027,1790822631604,0.56,0.19,4,-1.5921,1790822700000,34.903,68.396
1790822700000,2026-09-30,KXBTC15M-26SEP302300-00,UP,1790823193281,1790823260455,1790823260455,0.82,7.0,5.739999999999999,0.0724,1790823478069,0.997,7.0,0.0015,1.239,1,,83391.88,KXBTCD-26SEP3023-T83399.99,83399.99,1790823238624,1790823576355,0.8,0.99,7,1.2466999999999997,1790823600000,21.831,23.645
1790825400000,2026-09-30,KXBTC15M-26SEP302345-45,UP,1790825816192,1790825859577,1790825859577,0.85,7.0,5.95,0.0625,1790826145132,0.997,7.0,0.0015,1.029,1,,83466.97,KXBTCD-26OCT0100-T83499.99,83499.99,1790825837549,1790826242207,0.47,0.86,12,4.3694999999999995,1790826300000,22.028,57.793
1790827200000,2026-10-01,KXBTC15M-26OCT010015-15,UP,1790827602368,1790827602529,1790827602529,0.72,8.0,5.76,0.1129,1790827894407,0.9890000000000001,8.0,0.0060999999999999995,2.152,1,,83701.88,KXBTCD-26OCT0101-T83699.99,83699.99,1790827602368,1790828086645,0.56,0.78,10,1.9072999999999998,1790828100000,0.161,13.355
1790829900000,2026-10-01,KXBTC15M-26OCT010100-00,UP,1790830147942,1790830148117,1790830148117,0.9,6.0,5.4,0.0378,1790830705830,0.996,6.0,0.0017,0.576,1,,83864.14,KXBTCD-26OCT0101-T83899.99,83899.99,1790830126213,1790830744531,0.85,0.98,6,0.7181000000000001,1790830800000,21.904,55.469
1790845200000,2026-10-01,KXBTC15M-26OCT010515-15,UP,1790845499737,1790845500347,1790845500347,0.7,8.0,5.6,0.1176,1790845860934,0.992,8.0,0.0045,2.336,1,,83516.36,KXBTCD-26OCT0106-T83499.99,83499.99,1790845477985,1790846094826,0.57,0.77,9,1.5339000000000007,1790846100000,22.362,5.174
1790846100000,2026-10-01,KXBTC15M-26OCT010530-30,UP,1790846347378,1790846349678,1790846349678,0.7,8.0,5.6,0.1176,1790846916515,0.991,8.0,0.005,2.328,1,,83637.96,KXBTCD-26OCT0106-T83599.99,83599.99,1790846303281,1790846994084,0.67,0.76,8,0.49389999999999973,1790847000000,46.397,5.916
1790847000000,2026-10-01,KXBTC15M-26OCT010545-45,UP,1790847248297,1790847250489,1790847250489,0.75,7.0,5.25,0.0919,1790847721780,0.99,7.0,0.0049,1.68,1,,83716.99,KXBTCD-26OCT0106-T83699.99,83699.99,1790847203208,1790847887731,0.71,0.9,7,1.1850000000000005,1790847900000,47.281,12.269
1790849700000,2026-10-01,KXBTC15M-26OCT010630-30,UP,1790850094320,1790850095120,1790850095120,0.6599999999999999,8.0,5.279999999999999,0.1257,,,,,-5.28,0,,83658.6,KXBTCD-26OCT0107-T83699.99,83699.99,1790850061855,1790850546243,0.43,0.28,12,-2.1752999999999996,1790850600000,33.265,53.757
1790850600000,2026-10-01,KXBTC15M-26OCT010645-45,UP,1790850849629,1790850850162,1790850850162,0.86,7.0,6.02,0.059,1790851368973,0.997,7.0,0.0015,0.959,1,,83644.36,KXBTCD-26OCT0107-T83599.99,83599.99,1790850827725,1790851452344,0.82,0.96,7,0.8887,1790851500000,22.437,47.656
1790851500000,2026-10-01,KXBTC15M-26OCT010700-00,UP,1790851740186,1790851740782,1790851740782,0.86,6.0,5.16,0.0506,1790852130902,0.985,6.0,0.0063,0.75,1,,83826.63,KXBTCD-26OCT0107-T83799.99,83799.99,1790851729290,1790852356742,0.91,0.99,5,0.3677999999999998,1790852400000,11.492,43.258
1790854200000,2026-10-01,KXBTC15M-26OCT010745-45,UP,1790854583206,1790854583625,1790854583625,0.72,8.0,5.76,0.1129,1790854883495,0.993,8.0,0.0039,2.184,1,,83815.5,KXBTCD-26OCT0108-T83799.99,83799.99,1790854550703,1790855037260,0.6,0.88,9,2.3022,1790855100000,32.922,62.74
1790855100000,2026-10-01,KXBTC15M-26OCT010800-00,UP,1790855347446,1790855349708,1790855349708,0.63,4.0,2.52,0.0653,,,,,-2.52,0,,83928.49,KXBTCD-26OCT0108-T83899.99,83899.99,1790855314678,1790855939060,0.89,0.99,2,0.18479999999999994,1790856000000,35.03,60.94
1790856000000,2026-10-01,KXBTC15M-26OCT010815-15,UP,1790856246066,1790856246616,1790856246616,0.71,8.0,5.68,0.1154,1790856768150,0.988,8.0,0.0067,2.224,1,,83893.39,KXBTCD-26OCT0109-T83899.99,83899.99,1790856210357,1790856898857,0.58,0.61,9,-0.03339999999999976,1790856900000,36.259,1.143
1790860500000,2026-10-01,KXBTC15M-26OCT010930-30,UP,1790860779644,1790860779736,1790860779736,0.68,4.0,2.72,0.061,,,,,-2.72,0,,83495.41,KXBTCD-26OCT0110-T83499.99,83499.99,1790860768721,1790861381006,0.56,0.47,4,-0.49880000000000035,1790861400000,11.015,18.994
1790864100000,2026-10-01,KXBTC15M-26OCT011030-30,UP,1790864342359,1790864342446,1790864342446,0.85,3.0,2.55,0.0268,1790864786915,0.9830066666666668,3.0,0.00352,0.39902,1,,83725.7,KXBTCD-26OCT0111-T83699.99,83699.99,1790864285236,1790864960407,0.73,0.88,3,0.3864000000000001,1790865000000,57.21,39.593
1790865000000,2026-10-01,KXBTC15M-26OCT011045-45,UP,1790865384206,1790865384247,1790865384247,0.67,4.0,2.68,0.062,,,,,-2.68,0,,84108.68,KXBTCD-26OCT0111-T84099.99,84099.99,1790865362713,1790865837770,0.59,0.37,4,-1.0131,1790865900000,21.534,62.23
1790866800000,2026-10-01,KXBTC15M-26OCT011115-15,UP,1790867059896,1790867061507,1790867061507,0.8000000000000002,3.0,2.4000000000000004,0.0336,,,,,0.6,1,,83980.21,KXBTCD-26OCT0112-T83999.99,83999.99,1790867038053,1790867658038,0.51,0.47,4,-0.2998000000000002,1790867700000,23.454,41.962
1790867700000,2026-10-01,KXBTC15M-26OCT011130-30,UP,1790867950253,1790867950813,1790867950813,0.84,3.0,2.52,0.0283,1790868488347,0.996,3.0,0.0009,0.468,1,,84017.51,KXBTCD-26OCT0112-T83999.99,83999.99,1790867926387,1790868537684,0.7,0.67,3,-0.18059999999999976,1790868600000,24.426,62.316
1790869500000,2026-10-01,KXBTC15M-26OCT011200-00,UP,1790869747625,1790869747628,1790869747628,0.941,3.0,2.823,0.0117,1790870167087,0.993,3.0,0.0015,0.156,1,,83816.31,KXBTCD-26OCT0112-T83799.99,83799.99,1790869714695,1790870394134,0.91,0.99,3,0.2206999999999999,1790870400000,32.933,5.866
1790870400000,2026-10-01,KXBTC15M-26OCT011215-15,UP,1790870649081,1790870650419,1790870650419,0.84,3.0,2.52,0.0283,1790871220649,0.999,3.0,0.0003,0.477,1,,84085.18,KXBTCD-26OCT0113-T84099.99,84099.99,1790870592785,1790871282048,0.62,0.68,4,0.11300000000000021,1790871300000,57.634,17.952
1790871300000,2026-10-01,KXBTC15M-26OCT011230-30,UP,1790871545976,1790871545766,1790871545766,0.61,4.0,2.44,0.0667,,,,,1.56,1,,84227.21,KXBTCD-26OCT0113-T84199.99,84199.99,1790871487961,1790872170415,0.66,0.56,3,-0.39899999999999997,1790872200000,57.805,29.585
1790872200000,2026-10-01,KXBTC15M-26OCT011245-45,UP,1790872443547,1790872443415,1790872443415,0.9,3.0,2.7,0.0189,,,,,0.3,1,,84249.36,KXBTCD-26OCT0113-T84199.99,84199.99,1790872375156,1790873061689,0.75,0.68,3,-0.29509999999999986,1790873100000,68.259,38.311
1790874000000,2026-10-01,KXBTC15M-26OCT011315-15,UP,1790874239188,1790874238831,1790874238831,0.91,3.0,2.73,0.0172,1790874657092,0.9930066666666667,3.0,0.00152,0.24902,1,,84142.82,KXBTCD-26OCT0114-T84099.99,84099.99,1790874228131,1790874848000,0.81,0.85,3,0.06079999999999977,1790874900000,10.7,52.0
1790874900000,2026-10-01,KXBTC15M-26OCT011330-30,UP,1790875149674,1790875149404,1790875149404,0.85,3.0,2.55,0.0268,1790875509472,0.992,3.0,0.0017,0.426,1,,84406.27,KXBTCD-26OCT0114-T84399.99,84399.99,1790875127911,1790875742165,0.76,0.92,3,0.4261000000000001,1790875800000,21.493,57.835
1790879400000,2026-10-01,KXBTC15M-26OCT011445-45,UP,1790879654145,1790879665771,1790879665771,0.6699999999999999,4.0,2.6799999999999997,0.062,1790879917325,0.989,4.0,0.0031000000000000003,1.276,1,,84777.35,KXBTCD-26OCT0115-T84799.99,84799.99,1790879665051,1790880277068,0.58,0.73,4,0.47650000000000003,1790880300000,0.72,22.932
1790883000000,2026-10-01,KXBTC15M-26OCT011545-45,UP,1790883239673,1790883240949,1790883240949,0.89,3.0,2.67,0.0206,,,,,0.33,1,,84589.89,KXBTCD-26OCT0116-T84599.99,84599.99,1790883215127,1790883833532,0.78,0.59,3,-0.6569000000000002,1790883900000,25.822,66.468
1790884800000,2026-10-01,KXBTC15M-26OCT011615-15,UP,1790885046524,1790885047174,1790885047174,0.82,3.0,2.46,0.031,1790885548390,0.987,3.0,0.0027,0.501,1,,84636.71,KXBTCD-26OCT0117-T84749.99,84749.99,1790885000087,1790885670711,0.54,0.5,4,-0.29960000000000014,1790885700000,47.087,29.289
1790885700000,2026-10-01,KXBTC15M-26OCT011630-30,UP,1790886083649,1790886084169,1790886084169,0.7,4.0,2.8,0.0588,,,,,-2.8,0,,84762.29,KXBTCD-26OCT0117-T84749.99,84749.99,1790886083649,1790886562071,0.62,0.51,4,-0.5760000000000001,1790886600000,0.52,37.929
1790887500000,2026-10-01,KXBTC15M-26OCT011700-00,UP,1790887859990,1790887903384,1790887903384,0.61,3.0,1.83,0.05,1790888328255,0.969,3.0,0.0064,1.077,1,,84586.89,KXBTCD-26OCT0117-T84499.99,84499.99,1790887892088,1790888367058,0.97,0.99,1,0.017200000000000017,1790888400000,11.296,32.942
1790888400000,2026-10-01,KXBTC15M-26OCT011715-15,UP,1790888815112,1790888815504,1790888815504,0.6699999999999999,4.0,2.6799999999999997,0.062,,,,,1.32,1,,84609.34,KXBTCD-26OCT0118-T84599.99,84599.99,1790888769077,1790889252695,0.51,0.57,5,0.1266999999999997,1790889300000,46.427,47.305
1790891100000,2026-10-01,KXBTC15M-26OCT011800-00,UP,1790891348915,1790891350896,1790891350896,0.76,4.0,3.04,0.0511,1790891917853,0.995,4.0,0.0014,0.94,1,,84483.47,KXBTCD-26OCT0118-T84499.99,84499.99,1790891316408,1790891932555,0.74,0.98,4,0.9006,1790892000000,34.488,67.445
1790892000000,2026-10-01,KXBTC15M-26OCT011815-15,UP,1790892248695,1790892249357,1790892249357,0.89,3.0,2.67,0.0206,1790892646498,0.993,3.0,0.0015,0.309,1,,84535.71,KXBTCD-26OCT0119-T84499.99,84499.99,1790892211780,1790892834144,0.82,0.89,3,0.15840000000000018,1790892900000,37.577,65.856
1790896500000,2026-10-01,KXBTC15M-26OCT011930-30,UP,1790896748510,1790896750386,1790896750386,0.84,3.0,2.52,0.0283,1790897207435,0.992,3.0,0.0017,0.456,1,,84643.16,KXBTCD-26OCT0120-T84599.99,84599.99,1790896737328,1790897361524,0.81,0.88,3,0.15539999999999987,1790897400000,13.058,38.476
1790897400000,2026-10-01,KXBTC15M-26OCT011945-45,UP,1790897648079,1790897648224,1790897648224,0.81,3.0,2.43,0.0324,1790898197816,0.996,3.0,0.0009,0.558,1,,84722.37,KXBTCD-26OCT0120-T84699.99,84699.99,1790897637142,1790898247183,0.73,0.9,3,0.4497000000000001,1790898300000,11.082,52.817
1790904600000,2026-10-01,KXBTC15M-26OCT012145-45,UP,1790904861248,1790904861369,1790904861369,0.71,4.0,2.84,0.0577,,,,,-2.84,0,,84580.64,KXBTCD-26OCT0122-T84599.99,84599.99,1790904838910,1790905436661,0.47,0.32,6,-1.0960999999999996,1790905500000,22.459,63.339
1790905500000,2026-10-01,KXBTC15M-26OCT012200-00,UP,1790905746653,1790905746687,1790905746687,0.88,3.0,2.64,0.0222,1790906178689,0.9979999999999999,3.0,0.0005,0.354,1,,84553.06,KXBTCD-26OCT0122-T84599.99,84599.99,1790905710085,1790906333098,0.72,0.99,3,0.7655000000000001,1790906400000,36.602,66.902
1790906400000,2026-10-01,KXBTC15M-26OCT012215-15,UP,1790906683534,1790906683296,1790906683296,0.65,4.0,2.6,0.0637,1790906987618,0.976,4.0,0.0066,1.304,1,,84893.21,KXBTCD-26OCT0123-T84899.99,84899.99,1790906672605,1790907290844,0.52,0.77,5,1.1006,1790907300000,10.691,9.156
1790909100000,2026-10-01,KXBTC15M-26OCT012300-00,UP,1790909344747,1790909344320,1790909344320,0.78,4.0,3.12,0.0481,1790909767231,0.9930000000000001,4.0,0.002,0.852,1,,84948.97,KXBTCD-26OCT0123-T84899.99,84899.99,1790909321058,1790909998223,0.91,0.99,3,0.2206999999999999,1790910000000,23.262,1.777
1790910000000,2026-10-01,KXBTC15M-26OCT012315-15,UP,1790910241364,1790910240950,1790910240950,0.9,3.0,2.7,0.0189,1790910834742,0.9979999999999999,3.0,0.0005,0.294,1,,85154.23,KXBTCD-26OCT0200-T85199.99,85199.99,1790910205568,1790910884383,0.78,0.66,3,-0.4433,1790910900000,35.382,15.617
1790911800000,2026-10-01,KXBTC15M-26OCT012345-45,UP,1790912042551,1790912043292,1790912043292,0.88,3.0,2.64,0.0222,1790912461001,0.991,3.0,0.0019,0.333,1,,85229.01,KXBTCD-26OCT0200-T85199.99,85199.99,1790912042551,1790912655341,0.84,0.93,3,0.22800000000000026,1790912700000,0.741,44.659
1790913600000,2026-10-02,KXBTC15M-26OCT020015-15,UP,1790913848296,1790913850710,1790913850710,0.76,8.0,6.08,0.1022,,,,,-6.08,0,,85497.31,KXBTCD-26OCT0201-T85499.99,85499.99,1790913815698,1790914497990,0.62,0.39,9,-2.3684,1790914500000,35.012,2.01
1790914500000,2026-10-02,KXBTC15M-26OCT020030-30,UP,1790914739325,1790914739931,1790914739931,0.84,7.0,5.88,0.0659,1790915080301,0.992,7.0,0.0039,1.064,1,,85450.85,KXBTCD-26OCT0201-T85499.99,85499.99,1790914704808,1790915378088,0.6,0.97,9,3.1603999999999997,1790915400000,35.123,21.912
1790916300000,2026-10-02,KXBTC15M-26OCT020100-00,UP,1790916548834,1790916549451,1790916549451,0.74,8.0,5.92,0.1078,1790917120372,0.9925025,8.0,0.00422,2.02002,1,,86513.45,KXBTCD-26OCT0201-T86499.99,86499.99,1790916538037,1790917150501,0.77,0.99,7,1.4483,1790917200000,11.414,49.499
1790920800000,2026-10-02,KXBTC15M-26OCT020215-15,UP,1790921042145,1790921042412,1790921042412,0.7,9.0,6.3,0.1323,,,,,-6.3,0,,85976.62,KXBTCD-26OCT0203-T85999.99,85999.99,1790921007291,1790921696876,0.52,0.36,12,-2.3233000000000006,1790921700000,35.121,3.124
1790921700000,2026-10-02,KXBTC15M-26OCT020230-30,UP,1790921943858,1790921944280,1790921944280,0.65,8.0,5.2,0.1274,1790922479196,0.993,8.0,0.0039,2.744,1,,85908.54,KXBTCD-26OCT0203-T85899.99,85899.99,1790921887003,1790922562192,0.61,0.7,8,0.4690999999999998,1790922600000,57.277,37.808
1790922600000,2026-10-02,KXBTC15M-26OCT020245-45,UP,1790922878522,1790922878782,1790922878782,0.66,9.0,5.94,0.1414,,,,,-5.94,0,,86003.92,KXBTCD-26OCT0203-T85999.99,85999.99,1790922835422,1790923450842,0.59,0.31,10,-3.1191999999999998,1790923500000,43.36,49.158
1790923500000,2026-10-02,KXBTC15M-26OCT020300-00,UP,1790923872525,1790923951130,1790923951130,0.52,7.0,3.64,0.1224,,,,,3.36,1,,85967.2,KXBTCD-26OCT0203-T85999.99,85999.99,1790923929112,1790924339741,0.51,0.18,7,-2.5049,1790924400000,22.018,60.259
1790927100000,2026-10-02,KXBTC15M-26OCT020400-00,UP,1790927346354,1790927346571,1790927346571,0.73,8.0,5.84,0.1104,1790927702447,0.991,8.0,0.005,2.088,1,,85771.02,KXBTCD-26OCT0204-T85799.99,85799.99,1790927333523,1790927940018,0.68,0.99,8,2.3524999999999996,1790928000000,13.048,59.982
1790928000000,2026-10-02,KXBTC15M-26OCT020415-15,UP,1790928248810,1790928248818,1790928248818,0.948,6.0,5.688,0.0208,1790928624739,0.9940000000000001,6.0,0.0026,0.276,1,,86044.66,KXBTCD-26OCT0205-T85999.99,85999.99,1790928214480,1790928891227,0.76,0.88,7,0.6988,1790928900000,34.338,8.773
1790928900000,2026-10-02,KXBTC15M-26OCT020430-30,UP,1790929144673,1790929144701,1790929144701,0.88,6.0,5.28,0.0444,1790929624702,0.991,6.0,0.0038,0.666,1,,86299.65,KXBTCD-26OCT0205-T86299.99,86299.99,1790929098416,1790929770409,0.81,0.63,6,-1.2427000000000004,1790929800000,46.285,29.591
1790933400000,2026-10-02,KXBTC15M-26OCT020545-45,UP,1790933642174,1790933642130,1790933642130,0.947,3.0,2.8409999999999997,0.0106,1790934026075,0.9940000000000001,3.0,0.0013,0.141,1,,86138.46,KXBTCD-26OCT0206-T86099.99,86099.99,1790933618734,1790934291890,0.94,0.94,3,-0.0238,1790934300000,23.396,8.11
1790935200000,2026-10-02,KXBTC15M-26OCT020615-15,UP,1790935502793,1790935580078,1790935580078,0.63,4.0,2.52,0.0653,,,,,-2.52,0,,86349.51,KXBTCD-26OCT0207-T86299.99,86299.99,1790935569471,1790936044812,0.67,0.58,3,-0.36770000000000025,1790936100000,10.607,55.188
1790937000000,2026-10-02,KXBTC15M-26OCT020645-45,UP,1790937269240,1790937423047,1790937423047,0.63,8.0,5.04,0.1306,1790937799952,0.986,8.0,0.0078,2.848,1,,86390.54,KXBTCD-26OCT0207-T86399.99,86399.99,1790937367258,1790937836328,0.64,0.72,7,0.3482999999999997,1790937900000,55.789,63.672
1790938800000,2026-10-02,KXBTC15M-26OCT020715-15,UP,1790939055727,1790939055447,1790939055447,0.73,4.0,2.92,0.0552,1790939363077,0.987,3.9999999999999996,0.0036000000000000003,1.028,1,,86289.8,KXBTCD-26OCT0208-T86299.99,86299.99,1790938987788,1790939663358,0.55,0.74,5,0.7958999999999997,1790939700000,67.659,36.642
1790939700000,2026-10-02,KXBTC15M-26OCT020730-30,UP,1790940011531,1790940011106,1790940011106,0.71,4.0,2.84,0.0577,,,,,-2.84,0,,86432.59,KXBTCD-26OCT0208-T86399.99,86399.99,1790940000724,1790940549011,0.66,0.56,4,-0.5318999999999999,1790940600000,10.382,50.989
1790940600000,2026-10-02,KXBTC15M-26OCT020745-45,UP,1790940849033,1790940848977,1790940848977,0.75,4.0,3.0,0.0525,1790941420690,0.995,4.0,0.0014,0.98,1,,86420.77,KXBTCD-26OCT0208-T86399.99,86399.99,1790940826950,1790941440797,0.76,0.75,3,-0.1078,1790941500000,22.027,59.203
1790941500000,2026-10-02,KXBTC15M-26OCT020800-00,UP,1790941811955,1790941813087,1790941813087,0.71,4.0,2.84,0.0577,,,,,-2.84,0,,86451.4,KXBTCD-26OCT0208-T86499.99,86499.99,1790941779776,1790942395340,0.28,0.0,10,-2.9412000000000003,1790942400000,33.311,4.66
1790943300000,2026-10-02,KXBTC15M-26OCT020830-30,UP,1790943544072,1790943543833,1790943543833,0.85,7.0,5.95,0.0625,1790943980041,0.993,7.0,0.0035,1.001,1,,86397.36,KXBTCD-26OCT0209-T86399.99,86399.99,1790943475950,1790944155314,0.66,0.71,9,0.17879999999999943,1790944200000,67.883,44.686
1790944200000,2026-10-02,KXBTC15M-26OCT020845-45,UP,1790944441751,1790944442694,1790944442694,0.69,4.0,2.76,0.0599,,,,,-2.76,0,,86612.97,KXBTCD-26OCT0209-T86599.99,86599.99,1790944430773,1790945048899,0.7,0.34,3,-1.1712999999999998,1790945100000,11.921,51.101
1790945100000,2026-10-02,KXBTC15M-26OCT020900-00,UP,1790945340804,1790945341663,1790945341663,0.85,7.0,5.95,0.0625,1790945718628,0.992,7.0,0.0039000000000000003,0.994,1,,86490.32,KXBTCD-26OCT0209-T86499.99,86499.99,1790945329921,1790945941619,0.87,0.99,6,0.6682,1790946000000,11.742,58.381
1790946000000,2026-10-02,KXBTC15M-26OCT020915-15,UP,1790946242785,1790946243311,1790946243311,0.7,8.0,5.6,0.1176,,,,,-5.6,0,,86822.4,KXBTCD-26OCT0210-T86799.99,86799.99,1790946208459,1790946885919,0.54,0.4,10,-1.7419,1790946900000,34.852,14.081
1790947800000,2026-10-02,KXBTC15M-26OCT020945-45,UP,1790948044083,1790948045243,1790948045243,0.86,6.0,5.16,0.0506,1790948395840,0.992,6.0,0.0034,0.792,1,,86615.1,KXBTCD-26OCT0210-T86599.99,86599.99,1790948020450,1790948690998,0.74,0.86,6,0.5885,1790948700000,24.793,9.002
1790949600000,2026-10-02,KXBTC15M-26OCT021015-15,UP,1790949846708,1790949847228,1790949847228,0.67,8.0,5.36,0.1239,,,,,-5.36,0,,86611.96,KXBTCD-26OCT0211-T86599.99,86599.99,1790949799018,1790950492414,0.59,0.3,9,-2.8947,1790950500000,48.21,7.586
1790950500000,2026-10-02,KXBTC15M-26OCT021030-30,UP,1790950740428,1790950741103,1790950741103,0.66,8.0,5.28,0.1257,,,,,-5.28,0,,86381.45,KXBTCD-26OCT0211-T86399.99,86399.99,1790950740428,1790951361791,0.66,0.31,8,-3.0455000000000005,1790951400000,0.675,38.209
1790952300000,2026-10-02,KXBTC15M-26OCT021100-00,UP,1790952546500,1790952546882,1790952546882,0.76,8.0,6.08,0.1022,,,,,-6.08,0,,85929.07,KXBTCD-26OCT0211-T85899.99,85899.99,1790952514053,1790953133735,0.76,0.0,8,-6.1822,1790953200000,32.829,66.265
1790955900000,2026-10-02,KXBTC15M-26OCT021200-00,UP,1790956222199,1790956223829,1790956223829,0.62,8.0,4.96,0.132,,,,,-4.96,0,,85322.87,KXBTCD-26OCT0212-T85299.99,85299.99,1790956179295,1790956792482,0.68,0.0,7,-4.866700000000001,1790956800000,44.534,7.518
1790956800000,2026-10-02,KXBTC15M-26OCT021215-15,UP,1790957049479,1790957049796,1790957049796,0.76,7.0,5.32,0.0894,,,,,-5.32,0,,85274.11,KXBTCD-26OCT0213-T85299.99,85299.99,1790956991738,1790957671093,0.67,0.38,7,-2.2539000000000002,1790957700000,58.058,28.907
1790957700000,2026-10-02,KXBTC15M-26OCT021230-30,UP,1790957940594,1790957940861,1790957940861,0.69,8.0,5.52,0.1198,,,,,-5.52,0,,85192.21,KXBTCD-26OCT0213-T85199.99,85199.99,1790957929722,1790958545889,0.65,0.51,8,-1.3874,1790958600000,11.139,54.111
1790959500000,2026-10-02,KXBTC15M-26OCT021300-00,UP,1790959743008,1790959743269,1790959743269,0.65,8.0,5.2,0.1274,,,,,-5.2,0,,85156.37,KXBTCD-26OCT0213-T85199.99,85199.99,1790959685774,1790960373502,0.59,0.03,8,-4.6318,1790960400000,57.495,26.498
1790960400000,2026-10-02,KXBTC15M-26OCT021315-15,UP,1790960640077,1790960640150,1790960640150,0.74,7.0,5.18,0.0943,,,,,-5.18,0,,85128.18,KXBTCD-26OCT0214-T85099.99,85099.99,1790960640077,1790961261730,0.64,0.4,8,-2.1835,1790961300000,0.073,38.27
1790962200000,2026-10-02,KXBTC15M-26OCT021345-45,UP,1790962444488,1790962444521,1790962444521,0.7,8.0,5.6,0.1176,,,,,-5.6,0,,84634.79,KXBTCD-26OCT0214-T84599.99,84599.99,1790962422416,1790963041814,0.7,0.42,8,-2.4940999999999995,1790963100000,22.105,58.186
1790963100000,2026-10-02,KXBTC15M-26OCT021400-00,UP,1790963365464,1790963365453,1790963365453,0.67,9.0,6.03,0.1393,1790963801671,0.9869999999999999,9.0,0.0081,2.853,1,,84596.14,KXBTCD-26OCT0214-T84599.99,84599.99,1790963309075,1790963990962,0.57,0.99,10,4.021400000000001,1790964000000,56.378,9.038
1790964000000,2026-10-02,KXBTC15M-26OCT021415-15,UP,1790964280664,1790964280558,1790964280558,0.73,8.0,5.84,0.1104,1790964832778,0.995,8.0,0.0028,2.12,1,,84787.33,KXBTCD-26OCT0215-T84799.99,84799.99,1790964259091,1790964872821,0.59,0.61,9,-0.12229999999999985,1790964900000,21.467,27.179
1790966700000,2026-10-02,KXBTC15M-26OCT021500-00,UP,1790967054848,1790967054802,1790967054802,0.65,9.0,5.8500000000000005,0.1434,1790967319973,0.9736699999999998,9.0,0.01623,2.91303,1,,83957.42,KXBTCD-26OCT0215-T83999.99,83999.99,1790966999891,1790967539930,0.58,0.99,10,3.9224000000000006,1790967600000,54.911,60.07
1790969400000,2026-10-02,KXBTC15M-26OCT021545-45,UP,1790969792633,1790969805489,1790969805489,0.71,9.0,6.39,0.1298,1790970150299,0.9869999999999999,9.0,0.0081,2.493,1,,84124.9,KXBTCD-26OCT0216-T84099.99,84099.99,1790969792633,1790970268564,0.65,0.66,9,-0.19479999999999992,1790970300000,12.856,31.436
1790970300000,2026-10-02,KXBTC15M-26OCT021600-00,UP,1790970643767,1790970643543,1790970643543,0.66,8.0,5.28,0.1257,1790971074250,0.991,8.0,0.005,2.648,1,,84153.27,KXBTCD-26OCT0216-T84199.99,84199.99,1790970609360,1790971157174,0.47,0.99,11,5.5204,1790971200000,34.183,42.826
1790971200000,2026-10-02,KXBTC15M-26OCT021615-15,UP,1790971444750,1790971444473,1790971444473,0.73,8.0,5.84,0.1104,1790971948952,0.991,8.0,0.005,2.088,1,,84282.63,KXBTCD-26OCT0217-T84499.99,84499.99,1790971433918,1790972046913,0.27,0.25,21,-0.9855000000000005,1790972100000,10.555,53.087
1790973000000,2026-10-02,KXBTC15M-26OCT021645-45,UP,1790973248788,1790973248422,1790973248422,0.8099999999999999,7.0,5.67,0.0755,,,,,-5.67,0,,84340.96,KXBTCD-26OCT0217-T84499.99,84499.99,1790973192538,1790973881380,0.31,0.03,18,-5.3463,1790973900000,55.884,18.62
1790974800000,2026-10-02,KXBTC15M-26OCT021715-15,UP,1790975081816,1790975081443,1790975081443,0.68,8.0,5.44,0.1219,,,,,2.56,1,,84445.85,KXBTCD-26OCT0218-T84399.99,84399.99,1790975047388,1790975670053,0.67,0.66,8,-0.3296000000000001,1790975700000,34.055,29.947
1790976600000,2026-10-02,KXBTC15M-26OCT021745-45,UP,1790976978394,1790976978999,1790976978999,0.71,8.0,5.68,0.1154,1790977334317,0.986,8.0,0.0078,2.208,1,,84426.38,KXBTCD-26OCT0218-T84399.99,84399.99,1790976946186,1790977488344,0.69,0.87,8,1.2568000000000006,1790977500000,32.813,11.656
1790977500000,2026-10-02,KXBTC15M-26OCT021800-00,UP,1790977957692,1790977958663,1790977958663,0.69,8.0,5.52,0.1198,,,,,2.48,1,,84503.88,KXBTCD-26OCT0218-T84499.99,84499.99,1790977957692,1790978371281,0.59,0.98,9,3.3452,1790978400000,0.971,28.719
1790982900000,2026-10-02,KXBTC15M-26OCT021930-30,UP,1790983431076,1790983431509,1790983431509,0.61,10.0,6.1,0.1666,1790983718242,0.9960000000000001,10.0,0.0028,3.86,1,,84479.01,KXBTCD-26OCT0220-T84499.99,84499.99,1790983396818,1790983732619,0.46,0.66,13,2.1696,1790983800000,34.691,67.381
1790986500000,2026-10-02,KXBTC15M-26OCT022030-30,UP,1790986741782,1790986742260,1790986742260,0.69,8.0,5.52,0.1198,1790987317123,0.9780025000000001,8.0,0.012119999999999999,2.30402,1,,84497.77,KXBTCD-26OCT0221-T84499.99,84499.99,1790986718195,1790987331671,0.62,0.65,8,-0.019399999999999806,1790987400000,24.065,68.329
1790987400000,2026-10-02,KXBTC15M-26OCT022045-45,UP,1790987644201,1790987904839,1790987904839,0.7299999999999999,7.0,5.109999999999999,0.0966,1790988164811,0.984,7.0,0.0078,1.778,1,,84544.05,KXBTCD-26OCT0221-T84499.99,84499.99,1790987869986,1790988282941,0.94,0.97,5,0.12000000000000012,1790988300000,34.853,17.059
1790988300000,2026-10-02,KXBTC15M-26OCT022100-00,UP,1790988558280,1790988559431,1790988559431,0.69,8.0,5.52,0.1198,,,,,2.48,1,,84610.46,KXBTCD-26OCT0221-T84599.99,84599.99,1790988558280,1790989179184,0.71,0.99,7,1.8542000000000003,1790989200000,1.151,20.816
1790991000000,2026-10-02,KXBTC15M-26OCT022145-45,UP,1790991243543,1790991243802,1790991243802,0.68,8.0,5.44,0.1219,,,,,2.56,1,,84604.32,KXBTCD-26OCT0222-T84599.99,84599.99,1790991232631,1790991853506,0.65,0.64,8,-0.3365000000000001,1790991900000,11.171,46.494
1790993700000,2026-10-02,KXBTC15M-26OCT022230-30,UP,1790993948323,1790994002187,1790994002187,0.87,6.0,5.22,0.0476,,,,,0.78,1,,84608.95,KXBTCD-26OCT0223-T84599.99,84599.99,1790993948323,1790994564610,0.73,0.75,7,-0.04849999999999988,1790994600000,53.864,35.39
1790994600000,2026-10-02,KXBTC15M-26OCT022245-45,UP,1790995130267,1790995130618,1790995130618,0.58,9.0,5.22,0.1535,1790995439415,0.989,9.0,0.0069,3.681,1,,84642.18,KXBTCD-26OCT0223-T84599.99,84599.99,1790995095792,1790995439415,0.85,0.9,6,0.20860000000000026,1790995500000,34.826,60.585
1790996400000,2026-10-02,KXBTC15M-26OCT022315-15,UP,1790996645896,1790996646004,1790996646004,0.61,8.0,4.88,0.1333,,,,,-4.88,0,,84588.68,KXBTCD-26OCT0300-T84599.99,84599.99,1790996599537,1790997286437,0.53,0.19,9,-3.314,1790997300000,46.467,13.563
1790997300000,2026-10-02,KXBTC15M-26OCT022330-30,UP,1790997541461,1790997541512,1790997541512,0.87,6.0,5.22,0.0476,1790998073983,0.991,6.0,0.0038,0.726,1,,84517.64,KXBTCD-26OCT0300-T84499.99,84499.99,1790997486108,1790998161063,0.86,0.86,6,-0.1012,1790998200000,55.404,38.937
1790998200000,2026-10-02,KXBTC15M-26OCT022345-45,UP,1790998449509,1790998449690,1790998449690,0.72,8.0,5.76,0.1129,1790998954501,0.989,8.0,0.0061,2.152,1,,84578.63,KXBTCD-26OCT0300-T84599.99,84599.99,1790998438486,1790999053439,0.53,0.77,10,2.1016,1790999100000,11.204,46.561
1790999100000,2026-10-02,KXBTC15M-26OCT030000-00,UP,1790999511491,1790999513161,1790999513161,0.6499999999999999,9.0,5.85,0.1434,1790999833927,0.9820000000000001,9.0,0.0112,2.988,1,,84634.81,KXBTCD-26OCT0300-T84599.99,84599.99,1790999458112,1790999989233,0.93,0.99,6,0.3283999999999997,1791000000000,55.049,10.767
1791000000000,2026-10-03,KXBTC15M-26OCT030015-15,UP,1791000243487,1791000343834,1791000343834,0.68,33.0,22.44,0.5027,,,,,-22.44,0,,84681.46,KXBTCD-26OCT0301-T84699.99,84699.99,1791000333023,1791000884471,0.56,0.24,40,-14.000800000000002,1791000900000,10.811,15.529
1791001800000,2026-10-03,KXBTC15M-26OCT030045-45,UP,1791002043914,1791002043853,1791002043853,0.7,33.0,23.099999999999998,0.4851,,,,,9.9,1,,84520.59,KXBTCD-26OCT0301-T84499.99,84499.99,1791001975662,1791002668114,0.8,0.86,28,1.1303999999999983,1791002700000,68.191,31.886
1791002700000,2026-10-03,KXBTC15M-26OCT030100-00,UP,1791002945732,1791002945786,1791002945786,0.85,29.0,24.65,0.2589,,,,,4.35,1,,84539.71,KXBTCD-26OCT0301-T84499.99,84499.99,1791002934872,1791003558195,0.97,0.99,25,0.4316000000000004,1791003600000,10.914,41.805
1791004500000,2026-10-03,KXBTC15M-26OCT030130-30,UP,1791004748459,1791004748226,1791004748226,0.75,33.0,24.75,0.4332,1791005217472,0.9910000000000001,33.0,0.0207,7.953,1,,84554.53,KXBTCD-26OCT0302-T84599.99,84599.99,1791004737592,1791005345973,0.4,0.59,61,9.532199999999998,1791005400000,10.634,54.027
1791005400000,2026-10-03,KXBTC15M-26OCT030145-45,UP,1791005642854,1791005642544,1791005642544,0.7,36.0,25.2,0.5292,,,,,10.8,1,,84612.03,KXBTCD-26OCT0302-T84599.99,84599.99,1791005620935,1791006240132,0.74,0.78,34,0.49350000000000127,1791006300000,21.609,59.868
1791006300000,2026-10-03,KXBTC15M-26OCT030200-00,UP,1791006541707,1791006541550,1791006541550,0.7,35.0,24.5,0.5145,,,,,-24.5,0,,84625.51,KXBTCD-26OCT0302-T84599.99,84599.99,1791006517629,1791007137867,0.85,0.98,28,3.3516000000000004,1791007200000,23.921,62.133
1791010800000,2026-10-03,KXBTC15M-26OCT030315-15,UP,1791011173172,1791011274472,1791011274472,0.7700000000000001,34.0,26.180000000000003,0.4215,,,,,7.82,1,,84559.59,KXBTCD-26OCT0304-T84599.99,84599.99,1791011251615,1791011664905,0.44,0.52,59,2.6714000000000007,1791011700000,22.857,35.095
1791029700000,2026-10-03,KXBTC15M-26OCT030830-30,UP,1791029941950,1791029941977,1791029941977,0.926,27.0,25.002000000000002,0.1296,1791030354852,0.9910000000000001,27.0,0.0169,1.755,1,,84678.67,KXBTCD-26OCT0309-T84699.99,84699.99,1791029907289,1791030586587,0.72,0.9,34,5.425900000000002,1791030600000,34.688,13.413
1791030600000,2026-10-03,KXBTC15M-26OCT030845-45,UP,1791030947699,1791030947623,1791030947623,0.6,37.0,22.2,0.6216,,,,,-22.2,0,,84847.04,KXBTCD-26OCT0309-T84799.99,84799.99,1791030926315,1791031475015,0.71,0.52,31,-6.878599999999999,1791031500000,21.308,24.985
1791031500000,2026-10-03,KXBTC15M-26OCT030900-00,UP,1791031741371,1791032055934,1791032055934,0.935,26.0,24.310000000000002,0.1107,1791032238896,0.9930000000000001,26.0,0.0127,1.508,1,,84802.16,KXBTCD-26OCT0309-T84799.99,84799.99,1791032001045,1791032332541,0.87,0.99,27,3.0073999999999996,1791032400000,54.889,67.459
1791034200000,2026-10-03,KXBTC15M-26OCT030945-45,UP,1791034454134,1791034453938,1791034453938,0.88,28.0,24.64,0.207,1791034889825,0.9911085714285714,28.0,0.01734,3.11104,1,,84803.91,KXBTCD-26OCT0310-T84799.99,84799.99,1791034443026,1791035054201,0.56,0.86,44,12.070099999999996,1791035100000,10.912,45.799
1791035100000,2026-10-03,KXBTC15M-26OCT031000-00,UP,1791035361934,1791035361790,1791035361790,0.67,37.0,24.790000000000003,0.5727,1791035864202,0.9820000000000001,37.0,0.0458,11.544,1,,84838.01,KXBTCD-26OCT0310-T84799.99,84799.99,1791035329714,1791035949381,0.86,0.99,28,3.3845,1791036000000,32.076,50.619
1791036900000,2026-10-03,KXBTC15M-26OCT031030-30,UP,1791037145017,1791037144585,1791037144585,0.61,37.0,22.57,0.6162,1791037613530,0.9830000000000001,37.0,0.043300000000000005,13.801,1,,84792.09,KXBTCD-26OCT0311-T84799.99,84799.99,1791037110365,1791037788149,0.55,0.6,41,0.6507999999999973,1791037800000,34.22,11.851
1791038700000,2026-10-03,KXBTC15M-26OCT031100-00,UP,1791038939964,1791038939625,1791038939625,0.939,26.0,24.413999999999998,0.1043,1791039459755,0.997,26.0,0.0055,1.508,1,,84753.89,KXBTCD-26OCT0311-T84799.99,84799.99,1791038883499,1791039555254,0.41,0.99,59,33.18000000000001,1791039600000,56.126,44.746
1791040500000,2026-10-03,KXBTC15M-26OCT031130-30,UP,1791040837050,1791040836622,1791040836622,0.7,35.0,24.5,0.5145,,,,,10.5,1,,84829.17,KXBTCD-26OCT0312-T84799.99,84799.99,1791040794389,1791041345850,0.66,0.76,37,2.646299999999999,1791041400000,42.233,54.15
1791045000000,2026-10-03,KXBTC15M-26OCT031245-45,UP,1791045241012,1791045241509,1791045241509,0.73,34.0,24.82,0.4691,,,,,9.18,1,,84799.78,KXBTCD-26OCT0313-T84799.99,84799.99,1791045183589,1791045871536,0.78,0.76,31,-1.3883000000000005,1791045900000,57.92,28.464
1791045900000,2026-10-03,KXBTC15M-26OCT031300-00,UP,1791046148900,1791046149460,1791046149460,0.71,35.0,24.849999999999998,0.5045,1791046690657,0.9890000000000001,35.0,0.0267,9.765,1,,84824.82,KXBTCD-26OCT0313-T84799.99,84799.99,1791046137898,1791046753852,0.93,0.99,26,1.4233999999999984,1791046800000,11.562,46.148
1791046800000,2026-10-03,KXBTC15M-26OCT031315-15,UP,1791047270247,1791047271389,1791047271389,0.71,34.0,24.14,0.4901,1791047630275,0.9849999999999999,34.0,0.0352,9.35,1,,84856.61,KXBTCD-26OCT0314-T84899.99,84899.99,1791047225251,1791047692287,0.31,0.36,77,1.4550999999999992,1791047700000,46.138,7.713
1791047700000,2026-10-03,KXBTC15M-26OCT031330-30,UP,1791047942856,1791047943304,1791047943304,0.8099999999999999,30.000000000000004,24.3,0.3232,,,,,5.7,1,,84873.43,KXBTCD-26OCT0314-T84899.99,84899.99,1791047896938,1791048583525,0.45,0.45,54,-1.8712,1791048600000,46.366,16.475
1791057600000,2026-10-03,KXBTC15M-26OCT031615-15,UP,1791057839838,1791057839999,1791057839999,0.8,29.0,23.200000000000003,0.3248,1791058417570,0.995,29.0,0.0101,5.655,1,,84834.38,KXBTCD-26OCT0317-T84749.99,84749.99,1791057815179,1791058434338,0.93,0.91,24,-0.7270000000000003,1791058500000,24.82,65.662
1791058500000,2026-10-03,KXBTC15M-26OCT031630-30,UP,1791058813059,1791058813177,1791058813177,0.63,36.0,22.68,0.5874999999999999,,,,,13.32,1,,84873.32,KXBTCD-26OCT0317-T84749.99,84749.99,1791058780709,1791059332957,0.94,0.96,24,0.32060000000000044,1791059400000,32.468,67.043
1791062100000,2026-10-03,KXBTC15M-26OCT031730-30,UP,1791062342362,1791062342605,1791062342605,0.81,31.0,25.110000000000003,0.334,,,,,5.89,1,,84670.39,KXBTCD-26OCT0318-T84699.99,84699.99,1791062331372,1791062952853,0.62,0.45,40,-8.1527,1791063000000,11.233,47.147
1791063000000,2026-10-03,KXBTC15M-26OCT031745-45,UP,1791063275009,1791063275055,1791063275055,0.7,38.0,26.599999999999998,0.5586,,,,,-26.6,0,,84694.41,KXBTCD-26OCT0318-T84699.99,84699.99,1791063232184,1791063847554,0.48,0.49,55,-1.3731999999999995,1791063900000,42.871,52.446
1791070200000,2026-10-03,KXBTC15M-26OCT031945-45,UP,1791070491599,1791070678376,1791070678376,0.9,28.0,25.2,0.1764,1791071021458,0.9950007142857141,28.0,0.009819999999999999,2.66002,1,,84733.88,KXBTCD-26OCT0320-T84699.99,84699.99,1791070646308,1791071050039,0.94,0.96,26,0.34740000000000043,1791071100000,32.068,49.961
1791072000000,2026-10-03,KXBTC15M-26OCT032015-15,UP,1791072246693,1791072246394,1791072246394,0.74,35.0,25.9,0.4714,1791072784839,0.981,35.0,0.0457,8.435,1,,84746.01,KXBTCD-26OCT0321-T84699.99,84699.99,1791072201232,1791072879245,0.83,0.88,31,1.0146000000000013,1791072900000,45.162,20.755
1791072900000,2026-10-03,KXBTC15M-26OCT032030-30,UP,1791073206450,1791073274466,1791073274466,0.69,36.0,24.839999999999996,0.5391,,,,,-24.84,0,,84805.54,KXBTCD-26OCT0321-T84799.99,84799.99,1791073218170,1791073766181,0.67,0.5,37,-7.510200000000002,1791073800000,56.296,33.819
1791077400000,2026-10-03,KXBTC15M-26OCT032145-45,UP,1791077707530,1791077708195,1791077708195,0.81,30.0,24.3,0.3232,1791078213493,0.993,30.0,0.0146,5.49,1,,84739.37,KXBTCD-26OCT0322-T84699.99,84699.99,1791077707530,1791078252235,0.87,0.93,27,1.2831000000000015,1791078300000,0.665,47.765
1791078300000,2026-10-03,KXBTC15M-26OCT032200-00,UP,1791078746582,1791078747076,1791078747076,0.72,35.0,25.2,0.494,1791079136299,0.9970000000000001,35.0,0.0074,9.695,1,,84771.37,KXBTCD-26OCT0322-T84799.99,84799.99,1791078725146,1791079198157,0.15,0.0,168,-26.6994,1791079200000,21.93,1.843
1791079200000,2026-10-03,KXBTC15M-26OCT032215-15,UP,1791079440024,1791079440797,1791079440797,0.81,31.0,25.110000000000003,0.334,1791080009262,0.992,31.0,0.0173,5.642,1,,84793.43,KXBTCD-26OCT0323-T84799.99,84799.99,1791079404921,1791080094096,0.57,0.57,44,-1.51,1791080100000,35.876,5.904
1791080100000,2026-10-03,KXBTC15M-26OCT032230-30,UP,1791080589052,1791080658039,1791080658039,0.77,32.0,24.64,0.3968,,,,,7.36,1,,84817.37,KXBTCD-26OCT0323-T84799.99,84799.99,1791080635586,1791080980368,0.76,0.61,32,-5.7415,1791081000000,22.453,19.632
1791081000000,2026-10-03,KXBTC15M-26OCT032245-45,UP,1791081249182,1791081249829,1791081249829,0.68,37.0,25.16,0.5636,,,,,-25.16,0,,84822.76,KXBTCD-26OCT0323-T84799.99,84799.99,1791081249182,1791081864998,0.8,0.44,31,-12.041900000000002,1791081900000,0.647,35.002
1791084600000,2026-10-03,KXBTC15M-26OCT032345-45,UP,1791084845367,1791084910313,1791084910313,0.935,26.0,24.310000000000002,0.1107,1791085419396,0.996,26.0,0.0073,1.586,1,,84787.45,KXBTCD-26OCT0400-T84799.99,84799.99,1791084888114,1791085434428,0.7,0.86,34,4.653600000000001,1791085500000,22.199,65.572
1791086400000,2026-10-04,KXBTC15M-26OCT040015-15,UP,1791086645806,1791086646138,1791086646138,0.69,36.0,24.839999999999996,0.5391,,,,,-24.84,0,,84826.77,KXBTCD-26OCT0401-T84799.99,84799.99,1791086610331,1791087233652,0.66,0.54,37,-5.664599999999999,1791087300000,35.807,66.348
1791094500000,2026-10-04,KXBTC15M-26OCT040230-30,UP,1791094739259,1791094914486,1791094914486,0.952,26.0,24.752,0.0832,,,,,-24.752,0,,84903.57,KXBTCD-26OCT0403-T84899.99,84899.99,1791094871416,1791095358533,0.73,0.37,33,-12.873899999999999,1791095400000,43.07,41.467
1791095400000,2026-10-04,KXBTC15M-26OCT040245-45,UP,1791095649930,1791095649841,1791095649841,0.89,28.0,24.92,0.1919,,,,,3.08,1,,84900.41,KXBTCD-26OCT0403-T84899.99,84899.99,1791095638627,1791096261847,0.85,0.81,29,-1.731399999999998,1791096300000,11.214,38.153
1791096300000,2026-10-04,KXBTC15M-26OCT040300-00,UP,1791096540938,1791096540936,1791096540936,0.8,31.0,24.8,0.3472,1791097093628,0.99,31.0,0.0215,5.89,1,,84952.51,KXBTCD-26OCT0403-T84999.99,84999.99,1791096530045,1791097143279,0.37,0.9,67,33.994600000000005,1791097200000,10.891,56.721
1791099900000,2026-10-04,KXBTC15M-26OCT040400-00,UP,1791100148987,1791100148954,1791100148954,0.86,28.0,24.08,0.236,1791100677945,0.9959999999999999,28.0,0.0079,3.808,1,,84959.41,KXBTCD-26OCT0404-T84999.99,84999.99,1791100102741,1791100786391,0.37,0.99,65,39.1942,1791100800000,46.213,13.609
1791100800000,2026-10-04,KXBTC15M-26OCT040415-15,UP,1791101074215,1791101074025,1791101074025,0.67,36.0,24.12,0.5572,1791101535327,0.9819999999999999,36.0,0.0446,11.232,1,,85086.47,KXBTCD-26OCT0405-T85099.99,85099.99,1791101063319,1791101691202,0.53,0.6,45,1.6092999999999977,1791101700000,10.706,8.798
1791103500000,2026-10-04,KXBTC15M-26OCT040500-00,UP,1791103747195,1791103746757,1791103746757,0.79,32.0,25.28,0.3717,,,,,6.72,1,,85066.29,KXBTCD-26OCT0405-T85099.99,85099.99,1791103736204,1791104356991,0.57,0.01,44,-25.425499999999996,1791104400000,10.553,43.009
1791105300000,2026-10-04,KXBTC15M-26OCT040530-30,UP,1791105548173,1791105789131,1791105789131,0.946,26.0,24.596,0.093,1791106021102,0.9929999999999999,26.0,0.012700000000000001,1.222,1,,85121.78,KXBTCD-26OCT0406-T85099.99,85099.99,1791105734189,1791106141489,0.76,0.92,32,4.546500000000001,1791106200000,54.942,58.511
1791107100000,2026-10-04,KXBTC15M-26OCT040600-00,UP,1791107345182,1791107388543,1791107388543,0.82,31.0,25.419999999999998,0.3203,,,,,-25.42,0,,85267.49,KXBTCD-26OCT0406-T85299.99,85299.99,1791107356027,1791107977703,0.52,0.0,48,-25.7987,1791108000000,32.516,22.297
1791108900000,2026-10-04,KXBTC15M-26OCT040630-30,UP,1791109140403,1791109209817,1791109209817,0.939,27.0,25.352999999999998,0.1083,1791109567850,0.9910000000000001,27.0,0.0169,1.404,1,,85232.28,KXBTCD-26OCT0407-T85199.99,85199.99,1791109184955,1791109732246,0.93,0.93,27,-0.2462,1791109800000,24.862,67.754
1791112500000,2026-10-04,KXBTC15M-26OCT040730-30,UP,1791112743879,1791112744394,1791112744394,0.6600000000000001,36.0,23.760000000000005,0.5655,1791113194269,0.984,36.0,0.0397,11.664,1,,85251.91,KXBTCD-26OCT0408-T85299.99,85299.99,1791112732955,1791113351195,0.38,0.53,62,7.1963,1791113400000,11.439,48.805
1791114300000,2026-10-04,KXBTC15M-26OCT040800-00,UP,1791114645423,1791114646047,1791114646047,0.68,35.0,23.8,0.5332,1791115108156,0.994,35.0,0.0147,10.99,1,,85263.95,KXBTCD-26OCT0408-T85299.99,85299.99,1791114645423,1791115192503,0.27,0.39,88,7.880299999999998,1791115200000,0.624,7.497
1791115200000,2026-10-04,KXBTC15M-26OCT040815-15,UP,1791115444523,1791115445141,1791115445141,0.72,35.0,25.2,0.494,1791115835136,0.984,35.0,0.0386,9.24,0,,85300.7,KXBTCD-26OCT0409-T85299.99,85299.99,1791115398227,1791116081599,0.64,0.37,39,-11.7954,1791116100000,46.914,18.401
1791118800000,2026-10-04,KXBTC15M-26OCT040915-15,UP,1791119226774,1791119295646,1791119295646,0.63,35.0,22.05,0.5711,,,,,12.95,1,,85125.56,KXBTCD-26OCT0410-T85099.99,85099.99,1791119261794,1791119674608,0.7,0.74,31,0.3667000000000011,1791119700000,33.852,25.392
1791119700000,2026-10-04,KXBTC15M-26OCT040930-30,UP,1791119939264,1791119939487,1791119939487,0.71,35.0,24.849999999999998,0.5045,1791120392505,0.984,35.0,0.0386,9.59,1,,85153.13,KXBTCD-26OCT0410-T85199.99,85199.99,1791119882550,1791120556143,0.43,0.57,57,6.023999999999998,1791120600000,56.937,43.857
1791120600000,2026-10-04,KXBTC15M-26OCT040945-45,UP,1791120842511,1791120842790,1791120842790,0.76,33.0,25.080000000000002,0.4214,,,,,7.92,1,,85211.39,KXBTCD-26OCT0410-T85199.99,85199.99,1791120831655,1791121445317,0.72,0.58,34,-5.8197,1791121500000,11.135,54.683
1791121500000,2026-10-04,KXBTC15M-26OCT041000-00,UP,1791121743150,1791121743363,1791121743363,0.85,30.0,25.5,0.2678,,,,,4.5,1,,85221.14,KXBTCD-26OCT0410-T85199.99,85199.99,1791121719631,1791122332112,0.9,0.99,28,2.324099999999999,1791122400000,23.732,67.888
1791126000000,2026-10-04,KXBTC15M-26OCT041115-15,UP,1791126247808,1791126269091,1791126269091,0.87,29.0,25.23,0.2296,,,,,3.77,1,,85266.07,KXBTCD-26OCT0412-T85299.99,85299.99,1791126236987,1791126850618,0.5,0.57,50,1.7670999999999975,1791126900000,32.104,49.382
1791126900000,2026-10-04,KXBTC15M-26OCT041130-30,UP,1791127146780,1791127146777,1791127146777,0.6799999999999999,35.0,23.799999999999997,0.5332,,,,,-23.8,0,,85320.6,KXBTCD-26OCT0412-T85299.99,85299.99,1791127124940,1791127740684,0.66,0.6,36,-3.330300000000002,1791127800000,21.837,59.316
1791132300000,2026-10-04,KXBTC15M-26OCT041300-00,UP,1791132569232,1791132568954,1791132568954,0.83,29.0,24.07,0.2865,1791133129098,0.9950006896551724,29.0,0.01012,4.78502,1,,85331.76,KXBTCD-26OCT0413-T85299.99,85299.99,1791132537206,1791133146649,0.79,0.99,30,5.630799999999998,1791133200000,31.748,53.351
1791133200000,2026-10-04,KXBTC15M-26OCT041315-15,UP,1791133460713,1791133460474,1791133460474,0.68,36.0,24.48,0.5484,,,,,-24.48,0,,85358.37,KXBTCD-26OCT0414-T85399.99,85399.99,1791133415735,1791134098171,0.36,0.2,68,-12.738399999999999,1791134100000,44.739,1.829
1791134100000,2026-10-04,KXBTC15M-26OCT041330-30,UP,1791134429147,1791134765622,1791134765622,0.977,25.0,24.425,0.0394,1791134822722,0.991,25.0,0.0157,0.35,1,,85308.62,KXBTCD-26OCT0414-T85299.99,85299.99,1791134755060,1791134952220,0.79,0.78,30,-1.0088000000000004,1791135000000,10.562,47.78
1791136800000,2026-10-04,KXBTC15M-26OCT041415-15,UP,1791137067718,1791137067427,1791137067427,0.65,36.0,23.400000000000002,0.5733,,,,,-23.4,0,,85307.54,KXBTCD-26OCT0415-T85299.99,85299.99,1791137056845,1791137677075,0.61,0.55,38,-3.5712999999999977,1791137700000,10.582,22.925
1791140400000,2026-10-04,KXBTC15M-26OCT041515-15,UP,1791140639447,1791140704665,1791140704665,0.85,28.0,23.8,0.2499,1791141215311,0.994,28.0,0.0117,4.032,1,,85327.74,KXBTCD-26OCT0416-T85299.99,85299.99,1791140692927,1791141241668,0.79,0.82,30,0.24159999999999743,1791141300000,11.738,58.332
1791141300000,2026-10-04,KXBTC15M-26OCT041530-30,UP,1791141693060,1791141693789,1791141693789,0.67,38.0,25.46,0.5882,1791142083671,0.992,38.0,0.0212,12.236,1,,85371.53,KXBTCD-26OCT0416-T85399.99,85399.99,1791141650036,1791142193765,0.37,0.64,68,16.153599999999997,1791142200000,43.753,6.235
1791142200000,2026-10-04,KXBTC15M-26OCT041545-45,UP,1791142448196,1791142448836,1791142448836,0.87,30.0,26.1,0.2376,,,,,-26.1,0,,85447.0,KXBTCD-26OCT0416-T85399.99,85399.99,1791142401615,1791143096907,0.75,0.69,34,-2.995400000000002,1791143100000,47.221,3.093
1791144900000,2026-10-04,KXBTC15M-26OCT041630-30,UP,1791145145307,1791145145933,1791145145933,0.8,31.0,24.8,0.3472,,,,,6.2,1,,85415.86,KXBTCD-26OCT0417-T85499.99,85499.99,1791145109740,1791145799404,0.36,0.3,68,-6.1764,1791145800000,36.193,0.596
1791145800000,2026-10-04,KXBTC15M-26OCT041645-45,UP,1791146055648,1791146056192,1791146056192,0.79,31.0,24.490000000000002,0.3601,1791146560090,0.998,31.0,0.0044,6.448,1,,85452.46,KXBTCD-26OCT0417-T85499.99,85499.99,1791145998211,1791146679647,0.27,0.91,90,55.842200000000005,1791146700000,57.981,20.353
1791146700000,2026-10-04,KXBTC15M-26OCT041700-00,UP,1791146944535,1791146945226,1791146945226,0.73,34.0,24.82,0.4691,1791147529176,0.994,34.0,0.0142,8.976,1,,85742.33,KXBTCD-26OCT0417-T85749.99,85749.99,1791146886888,1791147568956,0.73,0.99,34,8.3473,1791147600000,58.338,31.044
1791147600000,2026-10-04,KXBTC15M-26OCT041715-15,UP,1791147949160,1791147951471,1791147951471,0.64,37.0,23.68,0.5968,1791148283694,0.9830000000000001,37.0,0.0433,12.691,1,,85817.53,KXBTCD-26OCT0418-T85799.99,85799.99,1791147905480,1791148449591,0.52,0.72,45,7.578599999999998,1791148500000,45.991,50.409
1791149400000,2026-10-04,KXBTC15M-26OCT041745-45,UP,1791149672683,1791149673151,1791149673151,0.66,38.0,25.080000000000002,0.597,1791150045216,0.981,38.0,0.0496,12.198,1,,85812.33,KXBTCD-26OCT0418-T85799.99,85799.99,1791149672683,1791150278105,0.64,0.91,39,9.677400000000002,1791150300000,0.468,21.895
1791151200000,2026-10-04,KXBTC15M-26OCT041815-15,UP,1791151443921,1791151444129,1791151444129,0.88,28.0,24.64,0.207,1791151772327,0.99,28.0,0.0195,3.08,1,,85831.75,KXBTCD-26OCT0419-T85799.99,85799.99,1791151443921,1791152062895,0.74,0.93,33,5.675100000000002,1791152100000,0.208,37.105
1791152100000,2026-10-04,KXBTC15M-26OCT041830-30,UP,1791152342746,1791152342941,1791152342941,0.89,28.0,24.92,0.1919,,,,,-24.92,0,,86315.92,KXBTCD-26OCT0419-T86299.99,86299.99,1791152331729,1791152954240,0.79,0.47,31,-10.8207,1791153000000,11.212,45.76
1791153000000,2026-10-04,KXBTC15M-26OCT041845-45,UP,1791153245491,1791153245748,1791153245748,0.7100000000000001,36.0,25.560000000000002,0.5189,1791153742960,0.9790000000000002,35.99999999999999,0.0519,9.684,1,,86266.78,KXBTCD-26OCT0419-T86299.99,86299.99,1791153234617,1791153854038,0.56,0.72,45,5.788699999999997,1791153900000,11.131,45.962
1791154800000,2026-10-04,KXBTC15M-26OCT041915-15,UP,1791155096606,1791155107725,1791155107725,0.71,37.0,26.27,0.5333,1791155556369,0.984,37.0,0.0408,10.138,1,,86404.71,KXBTCD-26OCT0420-T86399.99,86399.99,1791155096606,1791155642654,0.54,0.74,48,8.118799999999998,1791155700000,11.119,57.346
1791155700000,2026-10-04,KXBTC15M-26OCT041930-30,UP,1791156238983,1791156239214,1791156239214,0.6,40.0,24.0,0.672,1791156468259,0.9880000000000001,40.0,0.0332,15.52,1,,86577.85,KXBTCD-26OCT0420-T86599.99,86599.99,1791156238983,1791156575961,0.48,0.6,50,4.2864,1791156600000,0.231,24.039
1791157500000,2026-10-04,KXBTC15M-26OCT042000-00,UP,1791157874838,1791157874929,1791157874929,0.66,37.0,24.42,0.5812,,,,,12.58,1,,86485.78,KXBTCD-26OCT0420-T86499.99,86499.99,1791157853252,1791158338213,0.56,0.03,43,-23.619300000000003,1791158400000,21.677,61.787
1791159300000,2026-10-04,KXBTC15M-26OCT042030-30,UP,1791159540238,1791159729238,1791159729238,0.67,36.0,24.12,0.5572,,,,,-24.12,0,,86344.42,KXBTCD-26OCT0421-T86299.99,86299.99,1791159707482,1791160191521,0.77,0.47,31,-10.225,1791160200000,21.756,8.479
1791160200000,2026-10-04,KXBTC15M-26OCT042045-45,UP,1791160610116,1791160765339,1791160765339,0.83,30.0,24.9,0.2964,1791160914203,0.997,30.0,0.0063,5.01,1,,86262.95,KXBTCD-26OCT0421-T86299.99,86299.99,1791160721541,1791161069750,0.5,0.95,49,21.029499999999995,1791161100000,43.798,30.25
1791161100000,2026-10-04,KXBTC15M-26OCT042100-00,UP,1791161496952,1791161497009,1791161497009,0.64,34.0,21.76,0.5484,1791161922699,0.995,34.0,0.0119,12.07,1,,86587.36,KXBTCD-26OCT0421-T86599.99,86599.99,1791161475379,1791161951312,0.47,0.99,46,23.085900000000002,1791162000000,21.63,48.688
1791162900000,2026-10-04,KXBTC15M-26OCT042130-30,UP,1791163174493,1791163174313,1791163174313,0.73,34.0,24.82,0.4691,1791163676372,0.9899999999999999,34.0,0.0236,8.84,1,,86664.33,KXBTCD-26OCT0422-T86699.99,86699.99,1791163131500,1791163737691,0.58,0.75,42,5.872500000000001,1791163800000,42.813,62.309
1791165600000,2026-10-04,KXBTC15M-26OCT042215-15,UP,1791165866111,1791165865947,1791165865947,0.75,35.0,26.25,0.4594,1791166438249,0.998,35.0,0.0049,8.68,1,,86601.75,KXBTCD-26OCT0423-T86599.99,86599.99,1791165854761,1791166467100,0.57,0.68,46,3.5700000000000043,1791166500000,11.186,32.9
1791171900000,2026-10-04,KXBTC15M-26OCT050000-00,UP,1791172155617,1791172223040,1791172223040,0.68,36.0,24.48,0.5484,,,,,-24.48,0,,86243.85,KXBTCD-26OCT0500-T86199.99,86199.99,1791172177975,1791172789771,0.86,0.0,28,-24.316,1791172800000,45.065,10.229
1791172800000,2026-10-05,KXBTC15M-26OCT050015-15,UP,1791173199069,1791173199851,1791173199851,0.72,35.0,25.2,0.494,,,,,-25.2,0,,86045.36,KXBTCD-26OCT0501-T85999.99,85999.99,1791173199069,1791173685014,0.63,0.42,40,-9.7348,1791173700000,0.782,14.986
1791175500000,2026-10-05,KXBTC15M-26OCT050100-00,UP,1791175750669,1791175751370,1791175751370,0.71,35.0,24.849999999999998,0.5045,,,,,-24.85,0,,85573.46,KXBTCD-26OCT0501-T85599.99,85599.99,1791175739364,1791176367737,0.58,0.0,42,-25.0762,1791176400000,12.006,32.263
1791180000000,2026-10-05,KXBTC15M-26OCT050215-15,UP,1791180240772,1791180241383,1791180241383,0.84,27.0,22.68,0.2541,1791180775753,0.996,27.0,0.0076,4.212,1,,85724.84,KXBTCD-26OCT0503-T85699.99,85699.99,1791180229821,1791180837180,0.76,0.84,29,1.676799999999999,1791180900000,11.562,62.82
1791180900000,2026-10-05,KXBTC15M-26OCT050230-30,UP,1791181149248,1791181149692,1791181149692,0.84,30.0,25.2,0.2823,,,,,-25.2,0,,85884.15,KXBTCD-26OCT0503-T85899.99,85899.99,1791181114517,1791181737410,0.65,0.54,38,-5.446,1791181800000,35.175,62.59
1791182700000,2026-10-05,KXBTC15M-26OCT050300-00,UP,1791182942153,1791182942464,1791182942464,0.9320000000000002,26.0,24.232000000000003,0.1154,1791183301139,0.99,26.0,0.0181,1.508,1,,85797.86,KXBTCD-26OCT0503-T85799.99,85799.99,1791182895441,1791183592998,0.94,0.99,25,1.133900000000001,1791183600000,47.023,7.002
1791183600000,2026-10-05,KXBTC15M-26OCT050315-15,UP,1791184115658,1791184116174,1791184116174,0.82,31.0,25.419999999999998,0.3203,,,,,5.58,1,,86207.8,KXBTCD-26OCT0504-T86199.99,86199.99,1791184061809,1791184468749,0.54,0.58,47,0.26119999999999644,1791184500000,54.365,31.251
1791184500000,2026-10-05,KXBTC15M-26OCT050330-30,UP,1791184748790,1791184749141,1791184749141,0.65,36.0,23.400000000000002,0.5733,,,,,-23.4,0,,86269.96,KXBTCD-26OCT0504-T86299.99,86299.99,1791184737778,1791185362114,0.6,0.28,39,-13.685599999999999,1791185400000,11.363,37.886
1791185400000,2026-10-05,KXBTC15M-26OCT050345-45,UP,1791185652192,1791185653279,1791185653279,0.6200000000000001,38.0,23.560000000000002,0.6267,1791186196226,0.992,38.0,0.0212,14.136,1,,86190.88,KXBTCD-26OCT0504-T86199.99,86199.99,1791185630626,1791186246742,0.61,0.81,38,6.557700000000002,1791186300000,22.653,53.258
1791187200000,2026-10-05,KXBTC15M-26OCT050415-15,UP,1791187441194,1791187441331,1791187441331,0.87,29.0,25.23,0.2296,1791187814161,0.99,29.0,0.0201,3.48,1,,86188.6,KXBTCD-26OCT0505-T86199.99,86199.99,1791187419126,1791188039093,0.67,0.8,37,3.8229,1791188100000,22.205,60.907
1791192600000,2026-10-05,KXBTC15M-26OCT050545-45,UP,1791193110328,1791193112302,1791193112302,0.83,31.0,25.73,0.3062,,,,,5.27,1,,85868.12,KXBTCD-26OCT0506-T85899.99,85899.99,1791193078248,1791193488381,0.46,0.62,55,6.936499999999999,1791193500000,34.054,11.619
1791193500000,2026-10-05,KXBTC15M-26OCT050600-00,UP,1791193796222,1791193796290,1791193796290,0.66,37.0,24.42,0.5812,,,,,12.58,1,,85939.7,KXBTCD-26OCT0506-T85899.99,85899.99,1791193763854,1791194378125,0.72,0.99,33,8.4214,1791194400000,32.436,21.875
1791194400000,2026-10-05,KXBTC15M-26OCT050615-15,UP,1791194648134,1791194648127,1791194648127,0.79,31.0,24.490000000000002,0.3601,,,,,6.51,1,,85950.36,KXBTCD-26OCT0507-T85999.99,85999.99,1791194579733,1791195277751,0.52,0.55,47,-0.2254999999999988,1791195300000,68.394,22.249
1791195300000,2026-10-05,KXBTC15M-26OCT050630-30,UP,1791195549046,1791195548970,1791195548970,0.71,35.0,24.849999999999998,0.5045,1791195979087,0.984,35.0,0.0386,9.59,1,,86006.62,KXBTCD-26OCT0507-T85999.99,85999.99,1791195481093,1791196169258,0.61,0.78,40,5.6533000000000015,1791196200000,67.877,30.742
1791197100000,2026-10-05,KXBTC15M-26OCT050700-00,UP,1791197343594,1791197343612,1791197343612,0.87,28.0,24.36,0.2217,1791197770493,0.992,28.0,0.0156,3.416,1,,86016.03,KXBTCD-26OCT0507-T85999.99,85999.99,1791197343594,1791197960846,0.92,0.99,26,1.6678999999999986,1791198000000,0.018,39.154
1791198900000,2026-10-05,KXBTC15M-26OCT050730-30,UP,1791199143571,1791199143336,1791199143336,0.79,32.0,25.28,0.3717,1791199615180,0.992,32.0,0.0178,6.464,1,,85931.95,KXBTCD-26OCT0508-T85899.99,85899.99,1791199132707,1791199746031,0.68,0.92,37,8.1257,1791199800000,10.629,53.969
1791205200000,2026-10-05,KXBTC15M-26OCT050915-15,UP,1791205444623,1791205444151,1791205444151,0.934,26.0,24.284000000000002,0.1122,1791205825125,0.9930000000000001,26.0,0.0127,1.534,1,,85875.89,KXBTCD-26OCT0510-T85899.99,85899.99,1791205433815,1791206049947,0.64,0.76,37,3.3706999999999994,1791206100000,10.336,50.053
1791206100000,2026-10-05,KXBTC15M-26OCT050930-30,UP,1791206347201,1791206350030,1791206350030,0.69,34.0,23.459999999999997,0.5091,,,,,-23.46,0,,86120.91,KXBTCD-26OCT0510-T86099.99,86099.99,1791206325697,1791206949030,0.61,0.48,38,-6.2369,1791207000000,24.333,50.97
1791207900000,2026-10-05,KXBTC15M-26OCT051000-00,UP,1791208145061,1791208146689,1791208146689,0.9,27.0,24.3,0.1701,1791208555582,0.994,27.0,0.0113,2.538,1,,85967.08,KXBTCD-26OCT0510-T85999.99,85999.99,1791208120684,1791208731940,0.9,0.99,27,2.241099999999999,1791208800000,26.005,68.06
1791215100000,2026-10-05,KXBTC15M-26OCT051200-00,UP,1791215348651,1791215348921,1791215348921,0.5599999999999999,37.0,20.72,0.6382,,,,,-20.72,0,,85311.71,KXBTCD-26OCT0512-T85299.99,85299.99,1791215314232,1791215996300,0.76,0.0,27,-20.8648,1791216000000,34.689,3.7
1791217800000,2026-10-05,KXBTC15M-26OCT051245-45,UP,1791218044991,1791218045387,1791218045387,0.71,37.0,26.27,0.5333,,,,,10.73,1,,85131.8,KXBTCD-26OCT0513-T85099.99,85099.99,1791218034052,1791218656372,0.67,0.68,39,-0.8077999999999996,1791218700000,11.335,43.628
1791218700000,2026-10-05,KXBTC15M-26OCT051300-00,UP,1791218967077,1791218967547,1791218967547,0.71,34.0,24.14,0.4901,,,,,9.86,1,,85164.11,KXBTCD-26OCT0513-T85199.99,85199.99,1791218934807,1791219546527,0.54,0.99,44,19.004399999999997,1791219600000,32.74,53.473
1791220500000,2026-10-05,KXBTC15M-26OCT051330-30,UP,1791220749005,1791220749453,1791220749453,0.83,29.0,24.07,0.2865,,,,,4.93,1,,85250.58,KXBTCD-26OCT0514-T85299.99,85299.99,1791220702960,1791221395757,0.57,0.68,42,3.2596000000000043,1791221400000,46.493,4.243
1791224100000,2026-10-05,KXBTC15M-26OCT051430-30,UP,1791224348927,1791224406130,1791224406130,0.7,34.0,23.799999999999997,0.4998,,,,,10.2,1,,85432.83,KXBTCD-26OCT0515-T85399.99,85399.99,1791224392321,1791224943976,0.69,0.88,34,5.699500000000001,1791225000000,13.809,56.024
1791225000000,2026-10-05,KXBTC15M-26OCT051445-45,UP,1791225310772,1791225336534,1791225336534,0.73,40.0,29.2,0.5519,,,,,10.8,1,,85579.27,KXBTCD-26OCT0515-T85599.99,85599.99,1791225310772,1791225857389,0.48,0.57,60,3.3220999999999985,1791225900000,25.762,42.611
1791227700000,2026-10-05,KXBTC15M-26OCT051530-30,UP,1791227948333,1791227948559,1791227948559,0.84,37.0,31.08,0.3481,,,,,5.92,1,,85684.11,KXBTCD-26OCT0516-T85699.99,85699.99,1791227913328,1791228535094,0.46,0.61,67,7.769199999999998,1791228600000,35.231,64.906
1791228600000,2026-10-05,KXBTC15M-26OCT051545-45,UP,1791228841675,1791228841683,1791228841683,0.72,44.0,31.68,0.621,,,,,-31.68,0,,85731.12,KXBTCD-26OCT0516-T85699.99,85699.99,1791228806691,1791229431794,0.67,0.66,47,-1.9358000000000004,1791229500000,34.992,68.206
1791231300000,2026-10-05,KXBTC15M-26OCT051630-30,UP,1791231543940,1791231555145,1791231555145,0.85,35.0,29.75,0.3124,,,,,5.25,1,,85679.51,KXBTCD-26OCT0517-T85749.99,85749.99,1791231533034,1791232159326,0.45,0.56,66,4.978100000000002,1791232200000,22.111,40.674
1791233100000,2026-10-05,KXBTC15M-26OCT051700-00,UP,1791233346951,1791233446454,1791233446454,0.76,38.0,28.88,0.4852,,,,,9.12,1,,85787.94,KXBTCD-26OCT0517-T85749.99,85749.99,1791233379173,1791233933715,0.78,0.99,37,7.299799999999999,1791234000000,67.281,66.285
1791234900000,2026-10-05,KXBTC15M-26OCT051730-30,UP,1791235145631,1791235145453,1791235145453,0.86,30.0,25.8,0.2529,,,,,4.2,1,,85733.2,KXBTCD-26OCT0518-T85699.99,85699.99,1791235098937,1791235782170,0.67,0.87,38,6.710899999999998,1791235800000,46.516,17.83
1791235800000,2026-10-05,KXBTC15M-26OCT051745-45,UP,1791236047320,1791236049246,1791236049246,0.73,36.0,26.28,0.4967,,,,,9.72,1,,85805.68,KXBTCD-26OCT0518-T85799.99,85799.99,1791236047320,1791236663719,0.62,0.88,42,9.9168,1791236700000,1.926,36.281
1791236700000,2026-10-05,KXBTC15M-26OCT051800-00,UP,1791237027097,1791237027021,1791237027021,0.67,37.0,24.790000000000003,0.5727,,,,,12.21,1,,85912.96,KXBTCD-26OCT0518-T85899.99,85899.99,1791237002902,1791237555764,0.59,0.99,42,16.0596,1791237600000,24.119,44.236
1791237600000,2026-10-05,KXBTC15M-26OCT051815-15,UP,1791237902298,1791237902347,1791237902347,0.66,36.0,23.76,0.5655,,,,,12.24,1,,85952.42,KXBTCD-26OCT0519-T85999.99,85999.99,1791237902298,1791238449726,0.46,0.43,51,-3.291900000000001,1791238500000,0.049,50.274
1791238500000,2026-10-05,KXBTC15M-26OCT051830-30,UP,1791238764860,1791238765715,1791238765715,0.67,35.0,23.450000000000003,0.5417,,,,,11.55,1,,85962.14,KXBTCD-26OCT0519-T85999.99,85999.99,1791238719004,1791239333543,0.4,0.36,58,-4.229900000000002,1791239400000,46.711,66.457
1791241200000,2026-10-05,KXBTC15M-26OCT051915-15,UP,1791241448304,1791241461367,1791241461367,0.88,28.0,24.64,0.207,,,,,-24.64,0,,85925.79,KXBTCD-26OCT0520-T85899.99,85899.99,1791241437385,1791242063560,0.77,0.47,32,-10.554800000000002,1791242100000,23.982,36.44
