ticker,close_ms,side,entry_ms,contracts,cost,net_pnl,outcome_ms,paid_ms,source
KXBTC15M-26SEP231545-45,1790192700000,yes,1790192196635,2.0,1.507,0.493,1790192700000,1790192708248,recorded:exchange
KXBTC15M-26SEP231600-00,1790193600000,yes,1790193099787,2.0,1.6798,0.3202000000000001,1790193600000,1790193608243,recorded:exchange
KXBTC15M-26SEP231615-15,1790194500000,yes,1790194412458,2.0,0.0065,0.44560000000000044,1790194500000,1790194508244,recorded:exchange
KXBTC15M-26SEP231700-00,1790197200000,yes,1790197091416,2.0,0.0022,0.29890000000000005,1790196578762,1790196578762,recorded:cash_out
KXBTC15M-26SEP231745-45,1790199900000,yes,1790199408765,2.0,1.6607,0.3243000000000001,1790199900000,1790199908232,recorded:exchange
KXBTC15M-26SEP231800-00,1790200800000,yes,1790200700413,2.0,0.0086,0.40729999999999994,1790200313433,1790200313433,recorded:cash_out
KXBTC15M-26SEP231900-00,1790204400000,yes,1790203951910,2.0,1.7559,0.2441,1790204400000,1790204408241,recorded:exchange
KXBTC15M-26SEP232015-15,1790208900000,yes,1790208262477,2.0,1.6033,-1.6033000000000002,1790208900000,1790208908248,recorded:exchange
KXBTC15M-26SEP232030-30,1790209800000,yes,1790209197816,2.0,1.6033,-1.6033000000000002,1790209800000,1790209808242,recorded:exchange
KXBTC15M-26SEP232145-45,1790214300000,yes,1790213735874,2.0,1.7179,-1.7179,1790214300000,1790214308246,recorded:exchange
KXBTC15M-26SEP232215-15,1790216100000,yes,1790215874944,2.0,0.0214,0.3752999999999998,1790216100000,1790216108242,recorded:exchange
KXBTC15M-26SEP232230-30,1790217000000,yes,1790216349479,2.0,1.8579,0.14209999999999992,1790217000000,1790217008243,recorded:exchange
KXBTC15M-26SEP232315-15,1790219700000,yes,1790219041672,2.0,1.5456,-1.5456,1790219700000,1790219708245,recorded:exchange
KXBTC15M-26SEP240000-00,1790222400000,yes,1790222245539,2.0,0.0107,0.36689999999999995,1790221862105,1790221862105,recorded:cash_out
KXBTC15M-26SEP240115-15,1790226900000,yes,1790226241349,2.0,1.8541,0.14589999999999992,1790226900000,1790226908232,recorded:exchange
KXBTC15M-26SEP240530-30,1790242200000,no,1790241579865,2.0,1.124,0.8759999999999999,1790242200000,1790242208111,recorded:exchange
KXBTC15M-26SEP240615-15,1790244900000,yes,1790244249011,2.0,1.6033,-1.6033000000000002,1790244900000,1790244908166,recorded:exchange
KXBTC15M-26SEP240700-00,1790247600000,yes,1790247054883,2.0,1.6607,0.3328000000000001,1790247512830,1790247512830,recorded:cash_out
KXBTC15M-26SEP240715-15,1790248500000,yes,1790247875688,2.0,1.5263,0.4737,1790248500000,1790248508164,recorded:exchange
KXBTC15M-26SEP240800-00,1790251200000,no,1790251160888,5.0,0.0107,-0.0107,1790251200000,1790251208117,recorded:exchange
KXBTC15M-26SEP240815-15,1790252100000,no,1790251468114,2.0,1.5263,-3.1679,1790252100000,1790252108123,recorded:exchange
KXBTC15M-26SEP240830-30,1790253000000,yes,1790252589727,7.0,5.4224,1.5775999999999997,1790253000000,1790253008129,recorded:exchange
KXBTC15M-26SEP240915-15,1790255700000,yes,1790255084056,2.0,1.6416,0.3518999999999999,1790255604977,1790255604977,recorded:cash_out
KXBTC15M-26SEP240930-30,1790256600000,yes,1790256011931,2.0,1.7748,0.2130999999999997,1790256538426,1790256538426,recorded:cash_out
KXBTC15M-26SEP241000-00,1790258400000,no,1790257725489,20.0,10.7748,-6.249199999999999,1790258400000,1790258408124,recorded:exchange
KXBTC15M-26SEP241045-45,1790261100000,yes,1790260779613,2.0,0.0236,0.13549999999999993,1790260623659,1790260623659,recorded:cash_out
KXBTC15M-26SEP241115-15,1790262900000,yes,1790262480779,2.0,1.8126,0.18089999999999995,1790262737985,1790262737985,recorded:cash_out
KXBTC15M-26SEP241130-30,1790263800000,yes,1790263297376,2.0,1.8259,0.15689999999999993,1790263488766,1790263488766,recorded:cash_out
KXBTC15M-26SEP241145-45,1790264700000,yes,1790264074027,2.0,1.5263,0.4565,1790264435437,1790264435437,recorded:cash_out
KXBTC15M-26SEP241215-15,1790266500000,yes,1790266246592,2.0,0.0172,0.2269,1790266500000,1790266508126,recorded:exchange
KXBTC15M-26SEP241330-30,1790271000000,yes,1790270821833,2.0,0.0086,0.08660000000000008,1790270620878,1790270620878,recorded:cash_out
KXBTC15M-26SEP241430-30,1790274600000,yes,1790273941387,6.0,5.0965,0.8714000000000002,1790274386594,1790274386594,recorded:cash_out
KXBTC15M-26SEP241545-45,1790279100000,yes,1790278874406,6.0,0.0386,0.5802000000000012,1790278637805,1790278637805,recorded:cash_out
KXBTC15M-26SEP241600-00,1790280000000,yes,1790279478300,1.0,0.9063,-0.9063,1790280000000,1790280008134,recorded:exchange
KXBTC15M-26SEP241730-30,1790285400000,yes,1790284884398,5.0,4.2947,0.6839000000000007,1790285281612,1790285281612,recorded:cash_out
KXBTC15M-26SEP241800-00,1790287200000,yes,1790287045585,1.0,0.0097,0.19819999999999996,1790287200000,1790287208137,recorded:exchange
KXBTC15M-26SEP241915-15,1790291700000,yes,1790291109170,1.0,0.7824,0.21109999999999998,1790291550443,1790291550443,recorded:cash_out
KXBTC15M-26SEP241930-30,1790292600000,yes,1790292173865,1.0,0.9252,0.06829999999999996,1790292476042,1790292476042,recorded:cash_out
KXBTC15M-26SEP242115-15,1790298900000,yes,1790298247190,1.0,0.859,0.1313,1790298695901,1790298695901,recorded:cash_out
KXBTC15M-26SEP242200-00,1790301600000,yes,1790301174807,1.0,0.9063,0.09039999999999998,1790301532253,1790301532253,recorded:cash_out
KXBTC15M-26SEP250015-15,1790309700000,yes,1790309563837,1.0,0.0065,0.2303,1790309101048,1790309101048,recorded:cash_out
KXBTC15M-26SEP250045-45,1790311500000,yes,1790310951167,1.0,0.8304,0.16210000000000005,1790311302310,1790311302310,recorded:cash_out
KXBTC15M-26SEP250330-30,1790321400000,yes,1790320739917,1.0,0.8969,0.09559999999999998,1790321400000,1790321408114,recorded:exchange
KXBTC15M-26SEP250445-45,1790325900000,yes,1790325727718,1.0,0.0075,0.16210000000000005,1790325900000,1790325908117,recorded:exchange
KXBTC15M-26SEP250515-15,1790327700000,yes,1790327047435,1.0,0.8874,0.1029,1790327700000,1790327708114,recorded:exchange
KXBTC15M-26SEP251045-45,1790347500000,yes,1790346860534,1.0,0.8304,0.16630000000000006,1790347382333,1790347382333,recorded:cash_out
KXBTC15M-26SEP251130-30,1790350200000,yes,1790350066539,1.0,0.0075,0.10509999999999999,1790349627059,1790349627059,recorded:cash_out
KXBTC15M-26SEP251215-15,1790352900000,yes,1790352376089,1.0,0.8969,0.10309999999999998,1790352900000,1790352908127,recorded:exchange
KXBTC15M-26SEP251300-00,1790355600000,yes,1790355436487,1.0,0.0107,0.05659999999999994,1790355600000,1790355608134,recorded:exchange
KXBTC15M-26SEP251315-15,1790356500000,yes,1790355866273,1.0,0.9063,0.09039999999999998,1790356318983,1790356318983,recorded:cash_out
KXBTC15M-26SEP251400-00,1790359200000,yes,1790359074079,1.0,0.0054,0.1261,1790358756546,1790358756546,recorded:cash_out
KXBTC15M-26SEP251415-15,1790360100000,yes,1790359657100,1.0,0.9101,0.07699999999999997,1790359841511,1790359841511,recorded:cash_out
KXBTC15M-26SEP251615-15,1790367300000,yes,1790367212554,1.0,0.0065,0.14400000000000002,1790367300000,1790367308136,recorded:exchange
KXBTC15M-26SEP251815-15,1790374500000,yes,1790373968724,1.0,0.912,0.08049999999999996,1790374328989,1790374328989,recorded:cash_out
KXBTC15M-26SEP251845-45,1790376300000,yes,1790375650814,1.0,0.878,0.11129999999999998,1790376076690,1790376076690,recorded:cash_out
KXBTC15M-26SEP252030-30,1790382600000,yes,1790382513376,1.0,0.0043,0.20359999999999998,1790382600000,1790382606497,recorded:exchange
KXBTC15M-26SEP252115-15,1790385300000,yes,1790384644701,1.0,0.8685,0.1315,1790385300000,1790385306493,recorded:exchange
KXBTC15M-26SEP252145-45,1790387100000,yes,1790386670769,1.0,0.7921,0.19399999999999995,1790386989288,1790386989288,recorded:cash_out
KXBTC15M-26SEP260015-15,1790396100000,yes,1790395642487,1.0,0.8874,0.09759999999999998,1790395924799,1790395924799,recorded:cash_out
KXBTC15M-26SEP260030-30,1790397000000,yes,1790396383840,1.0,0.8685,-0.8684999999999999,1790397000000,1790397006478,recorded:exchange
KXBTC15M-26SEP260315-15,1790406900000,yes,1790406308155,1.0,0.8969,0.09769999999999998,1790406777540,1790406777540,recorded:cash_out
KXBTC15M-26SEP260400-00,1790409600000,yes,1790408942808,1.0,0.8017,0.19499999999999998,1790409509661,1790409509661,recorded:cash_out
KXBTC15M-26SEP260500-00,1790413200000,yes,1790413070818,2.0,0.0129,0.42229999999999995,1790412549024,1790412549024,recorded:cash_out
KXBTC15M-26SEP260615-15,1790417700000,yes,1790417047690,1.0,0.859,0.1312999999999999,1790417462282,1790417462282,recorded:cash_out
KXBTC15M-26SEP260745-45,1790423100000,yes,1790422626309,1.0,0.8304,0.16960000000000006,1790423100000,1790423106473,recorded:exchange
KXBTC15M-26SEP260830-30,1790425800000,yes,1790425143761,1.0,0.8017,-0.8017000000000001,1790425800000,1790425806466,recorded:exchange
KXBTC15M-26SEP260915-15,1790428500000,yes,1790428080866,1.0,0.8969,-0.8969,1790428500000,1790428506472,recorded:exchange
KXBTC15M-26SEP261245-45,1790441100000,yes,1790440455006,2.0,1.6416,0.3476999999999999,1790441007771,1790441007771,recorded:cash_out
KXBTC15M-26SEP261615-15,1790453700000,yes,1790453056078,1.0,0.7438,-0.7438,1790453700000,1790453706498,recorded:exchange
KXBTC15M-26SEP261630-30,1790454600000,yes,1790453949871,2.0,1.5841,0.40519999999999995,1790454600000,1790454606491,recorded:exchange
KXBTC15M-26SEP261815-15,1790460900000,yes,1790460304822,1.0,0.9148,0.07549999999999996,1790460659931,1790460659931,recorded:cash_out
KXBTC15M-26SEP261845-45,1790462700000,yes,1790462632374,1.0,0.0075,0.16210000000000005,1790462143842,1790462143842,recorded:cash_out
KXBTC15M-26SEP261900-00,1790463600000,yes,1790463172205,1.0,0.8017,-0.8017000000000001,1790463600000,1790463606493,recorded:exchange
KXBTC15M-26SEP261915-15,1790464500000,yes,1790463843935,1.0,0.8304,0.16850000000000007,1790464422749,1790464422749,recorded:cash_out
KXBTC15M-26SEP262000-00,1790467200000,yes,1790466706458,1.0,0.8208,0.17589999999999995,1790467092927,1790467092927,recorded:cash_out
KXBTC15M-26SEP262015-15,1790468100000,yes,1790467877500,1.0,0.0097,0.14080000000000004,1790468100000,1790468106489,recorded:exchange
KXBTC15M-26SEP262045-45,1790469900000,yes,1790469300547,1.0,0.9063,0.08189999999999997,1790469665518,1790469665518,recorded:cash_out
KXBTC15M-26SEP262100-00,1790470800000,yes,1790470713095,1.0,0.0043,0.08939999999999998,1790470405972,1790470405972,recorded:cash_out
KXBTC15M-26SEP262315-15,1790478900000,yes,1790478303615,1.0,0.7245,0.2755,1790478900000,1790478906482,recorded:exchange
KXBTC15M-26SEP262330-30,1790479800000,yes,1790479645026,1.0,0.0065,0.11549999999999999,1790479258125,1790479258125,recorded:cash_out
KXBTC15M-26SEP270045-45,1790484300000,yes,1790484066833,2.0,0.0129,0.17449999999999993,1790483644149,1790483644149,recorded:cash_out
KXBTC15M-26SEP270130-30,1790487000000,yes,1790486571707,2.0,1.5456,0.45439999999999997,1790487000000,1790487006631,recorded:exchange
KXBTC15M-26SEP270215-15,1790489700000,yes,1790489241338,2.0,1.8126,0.16919999999999996,1790489700000,1790489706478,recorded:exchange
KXBTC15M-26SEP270300-00,1790492400000,yes,1790491772713,2.0,1.6607,0.3393000000000001,1790492400000,1790492406475,recorded:exchange
KXBTC15M-26SEP270500-00,1790499600000,yes,1790499145644,2.0,1.6989,0.29250000000000004,1790499499219,1790499499219,recorded:cash_out
KXBTC15M-26SEP270515-15,1790500500000,yes,1790500252270,2.0,0.0193,0.32000000000000006,1790499845886,1790499845886,recorded:cash_out
KXBTC15M-26SEP270815-15,1790511300000,yes,1790510655496,2.0,1.6033,0.3837999999999999,1790511167649,1790511167649,recorded:cash_out
KXBTC15M-26SEP270845-45,1790513100000,yes,1790512605110,2.0,1.8126,0.17669999999999994,1790512993492,1790512993492,recorded:cash_out
KXBTC15M-26SEP270900-00,1790514000000,yes,1790513778782,2.0,0.0193,0.47369999999999995,1790513389901,1790513389901,recorded:cash_out
KXBTC15M-26SEP270930-30,1790515800000,yes,1790515264576,2.0,1.8522,0.1305999999999999,1790515533304,1790515533304,recorded:cash_out
KXBTC15M-26SEP271030-30,1790519400000,yes,1790519130497,2.0,0.0257,0.2564,1790518868737,1790518868737,recorded:cash_out
KXBTC15M-26SEP271130-30,1790523000000,yes,1790522558579,2.0,1.7748,0.21229999999999996,1790522924139,1790522924139,recorded:cash_out
KXBTC15M-26SEP271145-45,1790523900000,yes,1790523741779,2.0,0.0107,0.09950000000000009,1790523528647,1790523528647,recorded:cash_out
KXBTC15M-26SEP271245-45,1790527500000,yes,1790527361928,2.0,0.0107,0.1520999999999997,1790526963290,1790526963290,recorded:cash_out
KXBTC15M-26SEP271300-00,1790528400000,yes,1790528031574,2.0,1.7559,0.2376,1790528325051,1790528325051,recorded:cash_out
KXBTC15M-26SEP271330-30,1790530200000,yes,1790529634034,2.0,1.6416,0.34549999999999986,1790530074698,1790530074698,recorded:cash_out
KXBTC15M-26SEP271400-00,1790532000000,yes,1790531342849,2.0,1.6607,0.31790000000000007,1790531789954,1790531789954,recorded:cash_out
KXBTC15M-26SEP271615-15,1790540100000,yes,1790539472132,2.0,1.6416,0.3497999999999999,1790540100000,1790540106484,recorded:exchange
KXBTC15M-26SEP271630-30,1790541000000,yes,1790540748125,2.0,0.0172,0.30300000000000005,1790541000000,1790541007081,recorded:exchange
KXBTC15M-26SEP271700-00,1790542800000,yes,1790542692691,2.0,0.0043,0.2398,1790542385190,1790542385190,recorded:cash_out
KXBTC15M-26SEP272000-00,1790553600000,yes,1790553069534,2.0,1.8202,0.16909999999999994,1790553385176,1790553385176,recorded:cash_out
KXBTC15M-26SEP272030-30,1790555400000,yes,1790554757604,2.0,1.8598,0.1251999999999999,1790555092818,1790555092818,recorded:cash_out
KXBTC15M-26SEP272145-45,1790559900000,yes,1790559812621,2.0,0.0022,0.22299999999999998,1790559462459,1790559462459,recorded:cash_out
KXBTC15M-26SEP272245-45,1790563500000,yes,1790563358134,2.0,0.0172,0.2649,1790562853396,1790562853396,recorded:cash_out
KXBTC15M-26SEP272315-15,1790565300000,yes,1790564898317,2.0,1.6416,0.3583999999999999,1790565300000,1790565306492,recorded:exchange
KXBTC15M-26SEP280230-30,1790577000000,yes,1790576884751,4.0,0.0172,0.4332,1790577000000,1790577006477,recorded:exchange
KXBTC15M-26SEP280300-00,1790578800000,yes,1790578705958,4.0,0.0428,0.4834,1790578359704,1790578359704,recorded:cash_out
KXBTC15M-26SEP280315-15,1790579700000,yes,1790579040780,4.0,3.2448,-3.2448,1790579700000,1790579706467,recorded:exchange
KXBTC15M-26SEP280430-30,1790584200000,yes,1790584094704,4.0,0.0129,0.5894000000000001,1790583714198,1790583714198,recorded:cash_out
KXBTC15M-26SEP280445-45,1790585100000,yes,1790584461041,4.0,3.2831,0.6270999999999997,1790585026616,1790585026616,recorded:cash_out
KXBTC15M-26SEP280515-15,1790586900000,yes,1790586618828,4.0,0.0385,0.2532999999999998,1790586343497,1790586343497,recorded:cash_out
KXBTC15M-26SEP280545-45,1790588700000,yes,1790588502317,4.0,0.0385,0.29850000000000027,1790588209251,1790588209251,recorded:cash_out
KXBTC15M-26SEP280600-00,1790589600000,yes,1790588990833,4.0,3.5117,0.4883,1790589600000,1790589606465,recorded:exchange
KXBTC15M-26SEP280615-15,1790590500000,yes,1790589862868,4.0,3.7383,0.2444999999999998,1790590500000,1790590506467,recorded:exchange
KXBTC15M-26SEP280645-45,1790592300000,yes,1790591773152,4.0,3.6252,0.3447999999999999,1790592093897,1790592093897,recorded:cash_out
KXBTC15M-26SEP280900-00,1790600400000,yes,1790599859171,4.0,3.4357,0.5386000000000001,1790600132399,1790600132399,recorded:cash_out
KXBTC15M-26SEP281400-00,1790618400000,yes,1790618338361,4.0,0.0043,0.4461,1790618400000,1790618406486,recorded:exchange
KXBTC15M-26SEP281445-45,1790621100000,yes,1790621002071,4.0,0.0129,0.8832000000000007,1790621100000,1790621106485,recorded:exchange
KXBTC15M-26SEP281500-00,1790622000000,yes,1790621343735,1.0,0.6562,0.3438,1790622000000,1790622006487,recorded:exchange
KXBTC15M-26SEP281515-15,1790622900000,yes,1790622599528,4.0,0.03,0.35820000000000046,1790622900000,1790622906476,recorded:exchange
KXBTC15M-26SEP281600-00,1790625600000,yes,1790625127345,1.0,0.7438,0.25620000000000004,1790625600000,1790625606484,recorded:exchange
KXBTC15M-26SEP281615-15,1790626500000,yes,1790625907906,1.0,0.7728,0.22719999999999999,1790626500000,1790626506483,recorded:exchange
KXBTC15M-26SEP281715-15,1790630100000,yes,1790629448564,1.0,0.8112,0.18879999999999997,1790630100000,1790630106492,recorded:exchange
KXBTC15M-26SEP281830-30,1790634600000,yes,1790634115590,1.0,0.7342,0.26580000000000004,1790634600000,1790634606496,recorded:exchange
KXBTC15M-26SEP281845-45,1790635500000,yes,1790634847319,1.0,0.8969,0.09659999999999998,1790635500000,1790635506527,recorded:exchange
KXBTC15M-26SEP281900-00,1790636400000,yes,1790635777360,1.0,0.7245,0.26480000000000004,1790636400000,1790636406488,recorded:exchange
KXBTC15M-26SEP281915-15,1790637300000,yes,1790636643763,1.0,0.8208,-0.8208000000000001,1790637300000,1790637306492,recorded:exchange
KXBTC15M-26SEP281945-45,1790639100000,yes,1790638738540,1.0,0.6562,0.3438,1790639100000,1790639106488,recorded:exchange
KXBTC15M-26SEP282000-00,1790640000000,yes,1790639891365,1.0,0.0054,0.2218,1790640000000,1790640006488,recorded:exchange
KXBTC15M-26SEP282045-45,1790642700000,yes,1790642053437,1.0,0.7147,-0.7147,1790642700000,1790642706498,recorded:exchange
KXBTC15M-26SEP282100-00,1790643600000,yes,1790643372099,1.0,0.0075,0.15260000000000004,1790643600000,1790643606484,recorded:exchange
KXBTC15M-26SEP282130-30,1790645400000,yes,1790645317897,1.0,0.0033,0.20459999999999998,1790645400000,1790645406499,recorded:exchange
KXBTC15M-26SEP282145-45,1790646300000,yes,1790645647607,1.0,0.666,0.32109999999999994,1790646300000,1790646307297,recorded:exchange
KXBTC15M-26SEP282200-00,1790647200000,yes,1790646547703,1.0,0.6267,0.3711,1790647200000,1790647206497,recorded:exchange
KXBTC15M-26SEP282215-15,1790648100000,yes,1790647939556,1.0,0.0086,0.3352,1790648100000,1790648106496,recorded:exchange
KXBTC15M-26SEP282230-30,1790649000000,yes,1790648408669,1.0,0.7147,-0.7147,1790649000000,1790649006493,recorded:exchange
KXBTC15M-26SEP282300-00,1790650800000,yes,1790650151933,1.0,0.6365,-0.6365,1790650800000,1790650806540,recorded:exchange
KXBTC15M-26SEP282315-15,1790651700000,yes,1790651041342,1.0,0.6365,-0.6365,1790651700000,1790651706485,recorded:exchange
KXBTC15M-26SEP282330-30,1790652600000,yes,1790651967078,1.0,0.7632,0.2293,1790652600000,1790652606494,recorded:exchange
KXBTC15M-26SEP282345-45,1790653500000,yes,1790653426816,1.0,0.0022,0.2346,1790653500000,1790653506690,recorded:exchange
KXBTC15M-26SEP290000-00,1790654400000,yes,1790653744686,1.0,0.5175,-0.5175,1790654400000,1790654406494,recorded:exchange
KXBTC15M-26SEP290030-30,1790656200000,yes,1790655560274,1.0,0.7342,0.25720000000000004,1790656200000,1790656206489,recorded:exchange
KXBTC15M-26SEP290045-45,1790657100000,yes,1790656993541,1.0,0.0129,0.2143,1790657100000,1790657106481,recorded:exchange
KXBTC15M-26SEP290115-15,1790658900000,yes,1790658243812,1.0,0.5574,0.42649999999999993,1790658900000,1790658906482,recorded:exchange
KXBTC15M-26SEP290130-30,1790659800000,yes,1790659144712,1.0,0.6758,0.32089999999999996,1790659800000,1790659806477,recorded:exchange
KXBTC15M-26SEP290200-00,1790661600000,yes,1790661023949,1.0,0.6855,0.2930999999999999,1790661600000,1790661606480,recorded:exchange
KXBTC15M-26SEP290245-45,1790664300000,yes,1790663642529,1.0,0.7535,0.2465,1790664300000,1790664306475,recorded:exchange
KXBTC15M-26SEP290300-00,1790665200000,yes,1790664679883,1.0,0.7147,0.27240000000000003,1790665200000,1790665206474,recorded:exchange
KXBTC15M-26SEP290330-30,1790667000000,yes,1790666453749,1.0,0.6168,0.38320000000000004,1790667000000,1790667006469,recorded:exchange
KXBTC15M-26SEP290345-45,1790667900000,yes,1790667286856,1.0,0.7147,0.28530000000000005,1790667900000,1790667906473,recorded:exchange
KXBTC15M-26SEP290400-00,1790668800000,yes,1790668316505,1.0,0.7245,-0.7244999999999999,1790668800000,1790668806472,recorded:exchange
KXBTC15M-26SEP290415-15,1790669700000,yes,1790669044538,1.0,0.8017,0.19499999999999995,1790669700000,1790669706467,recorded:exchange
KXBTC15M-26SEP290430-30,1790670600000,yes,1790669967483,1.0,0.705,0.28,1790670600000,1790670606464,recorded:exchange
KXBTC15M-26SEP290445-45,1790671500000,yes,1790671263810,1.0,0.0065,0.058899999999999945,1790671500000,1790671506465,recorded:exchange
KXBTC15M-26SEP290515-15,1790673300000,yes,1790673207511,1.0,0.0033,0.15680000000000005,1790673300000,1790673306467,recorded:exchange
KXBTC15M-26SEP290530-30,1790674200000,yes,1790673646908,1.0,0.7245,0.27330000000000004,1790674200000,1790674206466,recorded:exchange
KXBTC15M-26SEP290545-45,1790675100000,yes,1790674446949,1.0,0.8685,0.12930000000000003,1790675100000,1790675106459,recorded:exchange
KXBTC15M-26SEP290600-00,1790676000000,yes,1790675351241,1.0,0.928,0.06339999999999996,1790676000000,1790676006461,recorded:exchange
KXBTC15M-26SEP290630-30,1790677800000,yes,1790677733548,1.0,0.0011,0.15900000000000003,1790677800000,1790677806466,recorded:exchange
KXBTC15M-26SEP290645-45,1790678700000,yes,1790678574467,1.0,0.0075,0.18129999999999996,1790678700000,1790678706467,recorded:exchange
KXBTC15M-26SEP290700-00,1790679600000,yes,1790679076597,1.0,0.6953,0.30469999999999997,1790679600000,1790679606519,recorded:exchange
KXBTC15M-26SEP290745-45,1790682300000,yes,1790681644233,1.0,0.9412,0.051299999999999964,1790682300000,1790682306518,recorded:exchange
KXBTC15M-26SEP290800-00,1790683200000,yes,1790682546475,1.0,0.859,0.1345,1790683200000,1790683206464,recorded:exchange
KXBTC15M-26SEP290815-15,1790684100000,yes,1790683483477,1.0,0.7147,-0.7147,1790684100000,1790684106472,recorded:exchange
KXBTC15M-26SEP290830-30,1790685000000,yes,1790684342775,1.0,0.6953,-0.6953,1790685000000,1790685006421,recorded:exchange
KXBTC15M-26SEP290845-45,1790685900000,yes,1790685268914,1.0,0.7535,0.239,1790685900000,1790685906522,recorded:exchange
KXBTC15M-26SEP290930-30,1790688600000,yes,1790688115318,1.0,0.6464,-0.6464,1790688600000,1790688606479,recorded:exchange
KXBTC15M-26SEP290945-45,1790689500000,yes,1790689399093,1.0,0.0022,0.08299999999999996,1790689500000,1790689506528,recorded:exchange
KXBTC15M-26SEP291015-15,1790691300000,yes,1790691013347,1.0,0.0097,0.14080000000000004,1790691300000,1790691306472,recorded:exchange
KXBTC15M-26SEP291030-30,1790692200000,yes,1790691561939,1.0,0.6855,0.29629999999999995,1790692200000,1790692206478,recorded:exchange
KXBTC15M-26SEP291115-15,1790694900000,yes,1790694729763,1.0,0.0054,0.17379999999999995,1790694900000,1790694906483,recorded:exchange
KXBTC15M-26SEP291130-30,1790695800000,yes,1790695483105,1.0,0.0129,0.2821,1790695800000,1790695806476,recorded:exchange
KXBTC15M-26SEP291145-45,1790696700000,yes,1790696040612,1.0,0.8112,0.17909999999999995,1790696700000,1790696706484,recorded:exchange
KXBTC15M-26SEP291200-00,1790697600000,yes,1790696949741,1.0,0.859,-0.859,1790697600000,1790697606485,recorded:exchange
KXBTC15M-26SEP291215-15,1790698500000,yes,1790697847489,1.0,0.7245,-0.7244999999999999,1790698500000,1790698506479,recorded:exchange
KXBTC15M-26SEP291230-30,1790699400000,yes,1790698747350,1.0,0.8112,0.18019999999999997,1790699400000,1790699406477,recorded:exchange
KXBTC15M-26SEP291245-45,1790700300000,yes,1790700116710,1.0,0.0086,0.2282,1790700300000,1790700306479,recorded:exchange
KXBTC15M-26SEP291300-00,1790701200000,yes,1790701009434,1.0,0.0118,0.31239999999999996,1790701200000,1790701206490,recorded:exchange
KXBTC15M-26SEP291315-15,1790702100000,yes,1790701495953,1.0,0.6855,0.30799999999999994,1790702100000,1790702106489,recorded:exchange
KXBTC15M-26SEP291345-45,1790703900000,yes,1790703249698,1.0,0.7147,0.28530000000000005,1790703900000,1790703906482,recorded:exchange
KXBTC15M-26SEP291400-00,1790704800000,yes,1790704620983,1.0,0.0204,0.3529,1790704800000,1790704806483,recorded:exchange
KXBTC15M-26SEP291415-15,1790705700000,yes,1790705045720,1.0,0.9158,0.07769999999999996,1790705700000,1790705706473,recorded:exchange
KXBTC15M-26SEP291430-30,1790706600000,yes,1790706122053,1.0,0.7438,0.2487,1790706600000,1790706606486,recorded:exchange
KXBTC15M-26SEP291445-45,1790707500000,yes,1790706851584,1.0,0.7921,0.19929999999999998,1790707500000,1790707506474,recorded:exchange
KXBTC15M-26SEP291500-00,1790708400000,yes,1790708311923,1.0,0.0512,0.3221,1790708400000,1790708406485,recorded:exchange
KXBTC15M-26SEP291515-15,1790709300000,yes,1790708791893,1.0,0.7342,-0.7342,1790709300000,1790709306477,recorded:exchange
KXBTC15M-26SEP291530-30,1790710200000,yes,1790709547414,1.0,0.6953,-0.6953,1790710200000,1790710206481,recorded:exchange
KXBTC15M-26SEP291545-45,1790711100000,yes,1790710451908,1.0,0.7245,-0.7244999999999999,1790711100000,1790711106483,recorded:exchange
KXBTC15M-26SEP291600-00,1790712000000,yes,1790711345549,1.0,0.8304,0.16530000000000006,1790712000000,1790712006484,recorded:exchange
KXBTC15M-26SEP291630-30,1790713800000,yes,1790713150720,1.0,0.7342,0.2561,1790713800000,1790713806436,recorded:exchange
KXBTC15M-26SEP291700-00,1790715600000,yes,1790715238103,1.0,0.5971,-0.5971,1790715600000,1790715606488,recorded:exchange
KXBTC15M-26SEP291715-15,1790716500000,yes,1790716405992,1.0,0.0043,0.1083,1790716500000,1790716506481,recorded:exchange
KXBTC15M-26SEP291730-30,1790717400000,yes,1790717237580,1.0,0.0054,0.20249999999999996,1790717400000,1790717406437,recorded:exchange
KXBTC15M-26SEP291915-15,1790723700000,yes,1790723041350,6.0,4.9247,1.0238999999999996,1790723700000,1790723706488,recorded:exchange
KXBTC15M-26SEP291930-30,1790724600000,yes,1790724303224,7.0,0.1571,2.3185999999999996,1790724600000,1790724606484,recorded:exchange
KXBTC15M-26SEP292045-45,1790729100000,yes,1790728507225,7.0,4.8667,-4.8667,1790729100000,1790729106496,recorded:exchange
KXBTC15M-26SEP292100-00,1790730000000,yes,1790729767356,6.0,0.1091,1.3120999999999996,1790730000000,1790730006495,recorded:exchange
KXBTC15M-26SEP292130-30,1790731800000,yes,1790731438305,5.0,4.2947,0.7053,1790731800000,1790732293981,recorded:exchange
KXBTC15M-26SEP292200-00,1790733600000,yes,1790733075953,7.0,4.3866,2.6134000000000004,1790733600000,1790733606486,recorded:exchange
KXBTC15M-26SEP292215-15,1790734500000,yes,1790733871130,6.0,4.5788,1.4212,1790734500000,1790734506483,recorded:exchange
KXBTC15M-26SEP292230-30,1790735400000,yes,1790735321529,6.0,0.0257,1.4533999999999996,1790735400000,1790735406486,recorded:exchange
KXBTC15M-26SEP292245-45,1790736300000,yes,1790736208683,6.0,0.1219,1.4733999999999998,1790736300000,1790736306490,recorded:exchange
KXBTC15M-26SEP292300-00,1790737200000,yes,1790736545242,6.0,4.6367,-4.636699999999999,1790737200000,1790737206497,recorded:exchange
KXBTC15M-26SEP292315-15,1790738100000,yes,1790737490032,7.0,4.9349,-4.9349,1790738100000,1790738106496,recorded:exchange
KXBTC15M-26SEP292345-45,1790739900000,yes,1790739471611,7.0,4.9349,2.0126,1790739900000,1790739906494,recorded:exchange
KXBTC15M-26SEP300000-00,1790740800000,yes,1790740632978,6.0,0.0578,1.4793999999999998,1790740800000,1790740807689,recorded:exchange
KXBTC15M-26SEP300015-15,1790741700000,yes,1790741042029,5.0,4.3896,0.5943000000000004,1790741700000,1790741706434,recorded:exchange
KXBTC15M-26SEP300030-30,1790742600000,yes,1790741941383,7.0,5.2743,-5.274299999999999,1790742600000,1790742606480,recorded:exchange
KXBTC15M-26SEP300045-45,1790743500000,yes,1790743432907,7.0,0.1347,2.1352999999999995,1790743500000,1790743506438,recorded:exchange
KXBTC15M-26SEP300115-15,1790745300000,yes,1790744650948,6.0,4.9247,1.0752999999999997,1790745300000,1790745306486,recorded:exchange
KXBTC15M-26SEP300130-30,1790746200000,yes,1790745577637,7.0,4.7984,2.1341999999999994,1790746200000,1790746206487,recorded:exchange
KXBTC15M-26SEP300145-45,1790747100000,yes,1790746459689,6.0,4.5209,1.4084999999999996,1790747100000,1790747106477,recorded:exchange
KXBTC15M-26SEP300200-00,1790748000000,yes,1790747727697,6.0,0.0962,1.3828999999999998,1790748000000,1790748006474,recorded:exchange
KXBTC15M-26SEP300215-15,1790748900000,yes,1790748721305,6.0,0.045,0.8585000000000002,1790748900000,1790748906470,recorded:exchange
KXBTC15M-26SEP300230-30,1790749800000,yes,1790749680423,7.0,0.1422,2.4023000000000003,1790749800000,1790749806481,recorded:exchange
KXBTC15M-26SEP301300-00,1790787600000,yes,1790787043086,4.0,2.8588,-2.8588,1790787600000,1790787606493,recorded:exchange
KXBTC15M-26SEP301330-30,1790789400000,yes,1790789159009,3.0,0.0257,0.5118999999999998,1790789400000,1790789406436,recorded:exchange
KXBTC15M-26SEP301345-45,1790790300000,yes,1790790109276,3.0,0.0257,0.39750000000000013,1790790300000,1790790306482,recorded:exchange
KXBTC15M-26SEP301400-00,1790791200000,yes,1790790790145,4.0,2.5067,1.4933,1790791200000,1790791206481,recorded:exchange
KXBTC15M-26SEP301430-30,1790793000000,yes,1790792752006,4.0,0.0813,1.2940999999999998,1790793000000,1790793006484,recorded:exchange
KXBTC15M-26SEP301515-15,1790795700000,yes,1790795432012,4.0,0.0428,0.9433,1790795700000,1790795706485,recorded:exchange
KXBTC15M-26SEP301545-45,1790797500000,yes,1790796848276,3.0,2.5768,0.4232000000000002,1790797500000,1790797506485,recorded:exchange
KXBTC15M-26SEP301600-00,1790798400000,yes,1790798114361,3.0,0.0321,0.4769000000000002,1790798400000,1790798406484,recorded:exchange
KXBTC15M-26SEP301630-30,1790800200000,yes,1790799762165,4.0,3.2065,0.7720999999999998,1790800200000,1790800206478,recorded:exchange
KXBTC15M-26SEP301645-45,1790801100000,yes,1790801014696,3.0,0.0129,0.49610000000000004,1790801100000,1790801106482,recorded:exchange
KXBTC15M-26SEP301700-00,1790802000000,yes,1790801544137,4.0,2.8977,-2.8977,1790802000000,1790802006488,recorded:exchange
KXBTC15M-26SEP301715-15,1790802900000,yes,1790802247336,3.0,2.5483,0.44199999999999995,1790802900000,1790802906533,recorded:exchange
KXBTC15M-26SEP301730-30,1790803800000,yes,1790803146316,4.0,2.8588,-2.8588,1790803800000,1790803806485,recorded:exchange
KXBTC15M-26SEP301745-45,1790804700000,yes,1790804197500,3.0,2.491,-2.491,1790804700000,1790804706487,recorded:exchange
KXBTC15M-26SEP301830-30,1790807400000,yes,1790806743542,3.0,1.9978,0.9701,1790807400000,1790807406487,recorded:exchange
KXBTC15M-26SEP301845-45,1790808300000,yes,1790807931838,9.0,5.9052,-5.9052,1790808300000,1790808306489,recorded:exchange
KXBTC15M-26SEP301900-00,1790809200000,yes,1790809093513,7.0,0.0225,1.0983000000000005,1790809200000,1790809206486,recorded:exchange
KXBTC15M-26SEP301915-15,1790810100000,yes,1790809449791,8.0,6.3361,1.6638999999999997,1790810100000,1790810106487,recorded:exchange
KXBTC15M-26SEP301930-30,1790811000000,yes,1790810486883,8.0,5.8729,-5.8729,1790811000000,1790811006492,recorded:exchange
KXBTC15M-26SEP302015-15,1790813700000,yes,1790813443251,8.0,0.1625,2.4317999999999995,1790813700000,1790813706542,recorded:exchange
KXBTC15M-26SEP302030-30,1790814600000,yes,1790814501193,8.0,0.1283,2.7797,1790814600000,1790814606483,recorded:exchange
KXBTC15M-26SEP302115-15,1790817300000,yes,1790816756676,7.0,5.5441,1.4109,1790817300000,1790817306489,recorded:exchange
KXBTC15M-26SEP302130-30,1790818200000,yes,1790817713341,8.0,5.7954,2.0592,1790818200000,1790818206490,recorded:exchange
KXBTC15M-26SEP302200-00,1790820000000,yes,1790819888697,8.0,0.0428,1.9294,1790820000000,1790820006486,recorded:exchange
KXBTC15M-26SEP302230-30,1790821800000,yes,1790821567956,3.0,0.0289,0.42279999999999984,1790821800000,1790821806488,recorded:exchange
KXBTC15M-26SEP302245-45,1790822700000,yes,1790822042930,4.0,2.7029,-2.7029,1790822700000,1790822706539,recorded:exchange
KXBTC15M-26SEP302300-00,1790823600000,yes,1790823260455,7.0,5.8124,1.1650999999999998,1790823600000,1790823606483,recorded:exchange
KXBTC15M-26SEP302315-15,1790824500000,yes,1790824436255,8.0,0.2563,2.2597999999999994,1790824500000,1790824506486,recorded:exchange
KXBTC15M-26SEP302345-45,1790826300000,yes,1790825859577,7.0,6.0125,0.9649999999999999,1790826300000,1790826306487,recorded:exchange
KXBTC15M-26OCT010015-15,1790828100000,yes,1790827602529,8.0,5.8729,2.0330000000000004,1790828100000,1790828106481,recorded:exchange
KXBTC15M-26OCT010030-30,1790829000000,yes,1790828937558,7.0,0.0375,1.0166,1790829000000,1790829006487,recorded:exchange
KXBTC15M-26OCT010100-00,1790830800000,yes,1790830148117,6.0,5.4378,0.5364999999999996,1790830800000,1790830806486,recorded:exchange
KXBTC15M-26OCT010115-15,1790831700000,yes,1790831073853,8.0,6.0278,1.9722,1790831700000,1790831706485,recorded:exchange
KXBTC15M-26OCT010515-15,1790846100000,yes,1790845500347,8.0,5.7176,2.2139,1790846100000,1790846103975,recorded:exchange
KXBTC15M-26OCT010530-30,1790847000000,yes,1790846349678,8.0,5.7176,2.2054000000000005,1790847000000,1790847004030,recorded:exchange
KXBTC15M-26OCT010545-45,1790847900000,yes,1790847250489,7.0,5.3419,1.5832,1790847900000,1790847903981,recorded:exchange
KXBTC15M-26OCT010600-00,1790848800000,yes,1790848579124,8.0,0.0685,2.3695999999999997,1790848800000,1790848803983,recorded:exchange
KXBTC15M-26OCT010615-15,1790849700000,yes,1790849592779,6.0,0.0386,0.24700000000000047,1790849700000,1790849703985,recorded:exchange
KXBTC15M-26OCT010630-30,1790850600000,yes,1790850095120,8.0,5.4057,-5.4057,1790850600000,1790850603984,recorded:exchange
KXBTC15M-26OCT010645-45,1790851500000,yes,1790850850162,7.0,6.079,0.8985000000000004,1790851500000,1790851503986,recorded:exchange
KXBTC15M-26OCT010700-00,1790852400000,yes,1790851740782,6.0,5.2106,0.6930999999999999,1790852400000,1790852404035,recorded:exchange
KXBTC15M-26OCT010715-15,1790853300000,yes,1790853168151,7.0,0.0824,1.5081999999999998,1790853300000,1790853303988,recorded:exchange
KXBTC15M-26OCT010730-30,1790854200000,yes,1790854058943,8.0,0.4437,2.072399999999999,1790854200000,1790854203987,recorded:exchange
KXBTC15M-26OCT010745-45,1790855100000,yes,1790854583625,8.0,5.8729,2.0672,1790855100000,1790855103987,recorded:exchange
KXBTC15M-26OCT010800-00,1790856000000,yes,1790855349708,4.0,2.5853,-2.5853,1790856000000,1790856003990,recorded:exchange
KXBTC15M-26OCT010815-15,1790856900000,yes,1790856246616,8.0,5.7954,2.1019,1790856900000,1790856903991,recorded:exchange
KXBTC15M-26OCT010900-00,1790859600000,yes,1790859385684,3.0,0.0289,0.5661999999999998,1790859600000,1790859603990,recorded:exchange
KXBTC15M-26OCT010915-15,1790860500000,yes,1790860258260,3.0,0.0225,0.5439000000000002,1790860500000,1790860503993,recorded:exchange
KXBTC15M-26OCT010930-30,1790861400000,yes,1790860779736,4.0,2.781,-2.781,1790861400000,1790861404000,recorded:exchange
KXBTC15M-26OCT011030-30,1790865000000,yes,1790864342446,3.0,2.5768,0.36870000000000014,1790865000000,1790865003997,recorded:exchange
KXBTC15M-26OCT011045-45,1790865900000,yes,1790865384247,4.0,2.742,-2.742,1790865900000,1790865904001,recorded:exchange
KXBTC15M-26OCT011115-15,1790867700000,yes,1790867061507,3.0,2.4336,0.5664000000000001,1790867700000,1790867703999,recorded:exchange
KXBTC15M-26OCT011130-30,1790868600000,yes,1790867950813,3.0,2.5483,0.43879999999999997,1790868600000,1790868604003,recorded:exchange
KXBTC15M-26OCT011145-45,1790869500000,yes,1790869344725,3.0,0.0225,0.37220000000000003,1790869500000,1790869503999,recorded:exchange
KXBTC15M-26OCT011200-00,1790870400000,yes,1790869747628,3.0,2.8347,0.14280000000000007,1790870400000,1790870403997,recorded:exchange
KXBTC15M-26OCT011215-15,1790871300000,yes,1790870650419,3.0,2.5483,0.44839999999999997,1790871300000,1790871303998,recorded:exchange
KXBTC15M-26OCT011230-30,1790872200000,yes,1790871545766,4.0,2.5067,1.4933,1790872200000,1790872204008,recorded:exchange
KXBTC15M-26OCT011245-45,1790873100000,yes,1790872443415,3.0,2.7189,0.2810999999999998,1790873100000,1790873444004,recorded:exchange
KXBTC15M-26OCT011300-00,1790874000000,yes,1790873780726,4.0,0.0385,1.3369,1790874000000,1790874004009,recorded:exchange
KXBTC15M-26OCT011315-15,1790874900000,yes,1790874238831,3.0,2.7472,0.2303,1790874900000,1790874903998,recorded:exchange
KXBTC15M-26OCT011330-30,1790875800000,yes,1790875149404,3.0,2.5768,0.39750000000000013,1790875800000,1790875803996,recorded:exchange
KXBTC15M-26OCT011445-45,1790880300000,yes,1790879665771,4.0,2.742,1.2108999999999999,1790880300000,1790880304004,recorded:exchange
KXBTC15M-26OCT011500-00,1790881200000,yes,1790881043107,3.0,0.0225,0.28690000000000015,1790881200000,1790881204004,recorded:exchange
KXBTC15M-26OCT011530-30,1790883000000,yes,1790882645597,4.0,0.0685,1.5432000000000001,1790883000000,1790883004000,recorded:exchange
KXBTC15M-26OCT011545-45,1790883900000,yes,1790883240949,3.0,2.6906,0.30940000000000006,1790883900000,1790883904009,recorded:exchange
KXBTC15M-26OCT011615-15,1790885700000,yes,1790885047174,3.0,2.491,0.4673,1790885700000,1790885704002,recorded:exchange
KXBTC15M-26OCT011630-30,1790886600000,yes,1790886084169,4.0,2.8588,-2.8588,1790886600000,1790886604010,recorded:exchange
KXBTC15M-26OCT011700-00,1790888400000,yes,1790887903384,3.0,1.88,1.0206,1790888400000,1790888404013,recorded:exchange
KXBTC15M-26OCT011715-15,1790889300000,yes,1790888815504,4.0,2.742,1.2579999999999998,1790889300000,1790889304015,recorded:exchange
KXBTC15M-26OCT011730-30,1790890200000,yes,1790890117306,4.0,0.0642,1.2328999999999999,1790890200000,1790890204013,recorded:exchange
KXBTC15M-26OCT011745-45,1790891100000,yes,1790890919549,4.0,0.0385,1.3369,1790891100000,1790891104009,recorded:exchange
KXBTC15M-26OCT011800-00,1790892000000,yes,1790891350896,4.0,3.0911,0.8875,1790892000000,1790892004015,recorded:exchange
KXBTC15M-26OCT011815-15,1790892900000,yes,1790892249357,3.0,2.6906,0.28690000000000004,1790892900000,1790892903996,recorded:exchange
KXBTC15M-26OCT011830-30,1790893800000,yes,1790893700678,4.0,0.0385,1.0638,1790893800000,1790893804012,recorded:exchange
KXBTC15M-26OCT011915-15,1790896500000,yes,1790896380494,3.0,0.0161,0.6366999999999998,1790896500000,1790896504007,recorded:exchange
KXBTC15M-26OCT011930-30,1790897400000,yes,1790896750386,3.0,2.5483,0.42599999999999993,1790897400000,1790897413998,recorded:exchange
KXBTC15M-26OCT011945-45,1790898300000,yes,1790897648224,3.0,2.4624,0.5246999999999998,1790898300000,1790898304008,recorded:exchange
KXBTC15M-26OCT012030-30,1790901000000,yes,1790900937728,3.0,0.0065,0.5599000000000003,1790901000000,1790901004005,recorded:exchange
KXBTC15M-26OCT012100-00,1790902800000,yes,1790902609262,4.0,0.0685,1.0727000000000002,1790902800000,1790902804012,recorded:exchange
KXBTC15M-26OCT012115-15,1790903700000,yes,1790903508101,4.0,0.0599,1.2763999999999998,1790903700000,1790903704011,recorded:exchange
KXBTC15M-26OCT012130-30,1790904600000,yes,1790904476436,4.0,0.0855,1.3292,1790904600000,1790904604010,recorded:exchange
KXBTC15M-26OCT012145-45,1790905500000,yes,1790904861369,4.0,2.8977,-2.8977,1790905500000,1790905504010,recorded:exchange
KXBTC15M-26OCT012200-00,1790906400000,yes,1790905746687,3.0,2.6622,0.3312999999999999,1790906400000,1790906404009,recorded:exchange
KXBTC15M-26OCT012215-15,1790907300000,yes,1790906683296,4.0,2.6637,1.2336999999999998,1790907300000,1790907304010,recorded:exchange
KXBTC15M-26OCT012230-30,1790908200000,yes,1790907944107,3.0,0.0385,0.23970000000000014,1790908200000,1790908204006,recorded:exchange
KXBTC15M-26OCT012300-00,1790910000000,yes,1790909344320,4.0,3.1681,0.8018999999999998,1790910000000,1790910004051,recorded:exchange
KXBTC15M-26OCT012315-15,1790910900000,yes,1790910240950,3.0,2.7189,0.27459999999999984,1790910900000,1790910904017,recorded:exchange
KXBTC15M-26OCT012330-30,1790911800000,yes,1790911616687,3.0,0.0321,0.5918000000000003,1790911800000,1790911804006,recorded:exchange
KXBTC15M-26OCT012345-45,1790912700000,yes,1790912043292,3.0,2.6622,0.30889999999999984,1790912700000,1790912704003,recorded:exchange
KXBTC15M-26OCT020015-15,1790914500000,yes,1790913850710,8.0,6.1822,-6.1822,1790914500000,1790914504037,recorded:exchange
KXBTC15M-26OCT020030-30,1790915400000,yes,1790914739931,7.0,5.9459,0.9942000000000001,1790915400000,1790915404000,recorded:exchange
KXBTC15M-26OCT020045-45,1790916300000,yes,1790916167885,7.0,0.0749,1.1126999999999996,1790916300000,1790916304004,recorded:exchange
KXBTC15M-26OCT020100-00,1790917200000,yes,1790916549451,8.0,6.0278,1.9080000000000001,1790917200000,1790917204001,recorded:exchange
KXBTC15M-26OCT020130-30,1790919000000,yes,1790918683612,8.0,0.1283,2.1541,1790919000000,1790919004001,recorded:exchange
KXBTC15M-26OCT020200-00,1790920800000,yes,1790920490559,8.0,0.1881,2.2499999999999996,1790920800000,1790920804002,recorded:exchange
KXBTC15M-26OCT020215-15,1790921700000,yes,1790921042412,9.0,6.4323,-6.4323,1790921700000,1790921704001,recorded:exchange
KXBTC15M-26OCT020230-30,1790922600000,yes,1790921944280,8.0,5.3274,2.6127,1790922600000,1790922604000,recorded:exchange
KXBTC15M-26OCT020245-45,1790923500000,yes,1790922878782,9.0,6.0814,-6.0814,1790923500000,1790923504000,recorded:exchange
KXBTC15M-26OCT020300-00,1790924400000,yes,1790923951130,7.0,3.7624,3.2376,1790924400000,1790924403999,recorded:exchange
KXBTC15M-26OCT020345-45,1790927100000,yes,1790926811855,8.0,0.1454,2.2148000000000003,1790927100000,1790927103992,recorded:exchange
KXBTC15M-26OCT020400-00,1790928000000,yes,1790927346571,8.0,5.9504,1.9726000000000001,1790928000000,1790928004044,recorded:exchange
KXBTC15M-26OCT020415-15,1790928900000,yes,1790928248818,6.0,5.7088,0.2526000000000003,1790928900000,1790928903986,recorded:exchange
KXBTC15M-26OCT020430-30,1790929800000,yes,1790929144701,6.0,5.3244,0.6177999999999997,1790929800000,1790929803993,recorded:exchange
KXBTC15M-26OCT020500-00,1790931600000,yes,1790931493153,4.0,0.0257,1.389,1790931600000,1790931603992,recorded:exchange
KXBTC15M-26OCT020530-30,1790933400000,yes,1790933250646,4.0,0.0471,1.1718999999999997,1790933400000,1790933403985,recorded:exchange
KXBTC15M-26OCT020545-45,1790934300000,yes,1790933642130,3.0,2.8516,0.12909999999999983,1790934300000,1790934303989,recorded:exchange
KXBTC15M-26OCT020615-15,1790936100000,yes,1790935580078,4.0,2.5853,-2.5853,1790936100000,1790936103987,recorded:exchange
KXBTC15M-26OCT020645-45,1790937900000,yes,1790937423047,8.0,5.1706,2.7096,1790937900000,1790937903990,recorded:exchange
KXBTC15M-26OCT020700-00,1790938800000,yes,1790938664233,3.0,0.0193,0.40390000000000037,1790938800000,1790938803989,recorded:exchange
KXBTC15M-26OCT020715-15,1790939700000,yes,1790939055447,4.0,2.9752,0.9692000000000001,1790939700000,1790939703992,recorded:exchange
KXBTC15M-26OCT020730-30,1790940600000,yes,1790940011106,4.0,2.8977,-2.8977,1790940600000,1790940603990,recorded:exchange
KXBTC15M-26OCT020745-45,1790941500000,yes,1790940848977,4.0,3.0525,0.9260999999999999,1790941500000,1790941503990,recorded:exchange
KXBTC15M-26OCT020800-00,1790942400000,yes,1790941813087,4.0,2.8977,-2.8977,1790942400000,1790942404044,recorded:exchange
KXBTC15M-26OCT020830-30,1790944200000,yes,1790943543833,7.0,6.0125,0.9349999999999998,1790944200000,1790944203996,recorded:exchange
KXBTC15M-26OCT020845-45,1790945100000,yes,1790944442694,4.0,2.8199,-2.8198999999999996,1790945100000,1790945103991,recorded:exchange
KXBTC15M-26OCT020900-00,1790946000000,yes,1790945341663,7.0,6.0125,0.9275999999999998,1790946000000,1790946003989,recorded:exchange
KXBTC15M-26OCT020915-15,1790946900000,yes,1790946243311,8.0,5.7176,-5.7176,1790946900000,1790946904002,recorded:exchange
KXBTC15M-26OCT020945-45,1790948700000,yes,1790948045243,6.0,5.2106,0.7379999999999998,1790948700000,1790948703995,recorded:exchange
KXBTC15M-26OCT021000-00,1790949600000,yes,1790949323409,8.0,0.2393,3.6207,1790949600000,1790949604003,recorded:exchange
KXBTC15M-26OCT021015-15,1790950500000,yes,1790949847228,8.0,5.4839,-5.4839,1790950500000,1790950504003,recorded:exchange
KXBTC15M-26OCT021030-30,1790951400000,yes,1790950741103,8.0,5.4057,-5.4057,1790951400000,1790951404001,recorded:exchange
KXBTC15M-26OCT021045-45,1790952300000,yes,1790952214373,8.0,0.0172,2.1099,1790952300000,1790952303999,recorded:exchange
KXBTC15M-26OCT021100-00,1790953200000,yes,1790952546882,8.0,6.1822,-6.1822,1790953200000,1790953204000,recorded:exchange
KXBTC15M-26OCT021115-15,1790954100000,yes,1790953967694,9.0,0.0867,2.744,1790954100000,1790954104005,recorded:exchange
KXBTC15M-26OCT021130-30,1790955000000,yes,1790954730761,9.0,0.1059,2.6369999999999996,1790955000000,1790955004013,recorded:exchange
KXBTC15M-26OCT021200-00,1790956800000,yes,1790956223829,8.0,5.092,-5.092,1790956800000,1790956804009,recorded:exchange
KXBTC15M-26OCT021215-15,1790957700000,yes,1790957049796,7.0,5.4094,-5.409400000000001,1790957700000,1790957704013,recorded:exchange
KXBTC15M-26OCT021230-30,1790958600000,yes,1790957940861,8.0,5.6398,-5.639799999999999,1790958600000,1790958604018,recorded:exchange
KXBTC15M-26OCT021300-00,1790960400000,yes,1790959743269,8.0,5.3274,-5.3274,1790960400000,1790960404013,recorded:exchange
KXBTC15M-26OCT021315-15,1790961300000,yes,1790960640150,7.0,5.2743,-5.274299999999999,1790961300000,1790961304010,recorded:exchange
KXBTC15M-26OCT021330-30,1790962200000,yes,1790962015873,8.0,0.0685,2.2139,1790962200000,1790962204008,recorded:exchange
KXBTC15M-26OCT021345-45,1790963100000,yes,1790962444521,8.0,5.7176,-5.7176,1790963100000,1790963104020,recorded:exchange
KXBTC15M-26OCT021400-00,1790964000000,yes,1790963365453,9.0,6.1693,2.7055999999999996,1790964000000,1790964004018,recorded:exchange
KXBTC15M-26OCT021415-15,1790964900000,yes,1790964280558,8.0,5.9504,2.0068,1790964900000,1790964904011,recorded:exchange
KXBTC15M-26OCT021430-30,1790965800000,yes,1790965489958,7.0,0.0525,0.9349999999999994,1790965800000,1790965804007,recorded:exchange
KXBTC15M-26OCT021445-45,1790966700000,yes,1790966379558,8.0,0.0599,1.9123,1790966700000,1790966704009,recorded:exchange
KXBTC15M-26OCT021500-00,1790967600000,yes,1790967054802,9.0,5.9934,2.7534000000000005,1790967600000,1790967604010,recorded:exchange
KXBTC15M-26OCT021515-15,1790968500000,yes,1790968347322,8.0,0.0257,2.1014000000000004,1790968500000,1790968504008,recorded:exchange
KXBTC15M-26OCT021545-45,1790970300000,yes,1790969805489,9.0,6.5198,2.3551,1790970300000,1790970304010,recorded:exchange
KXBTC15M-26OCT021600-00,1790971200000,yes,1790970643543,8.0,5.4057,2.5172999999999996,1790971200000,1790971204010,recorded:exchange
KXBTC15M-26OCT021615-15,1790972100000,yes,1790971444473,8.0,5.9504,1.9726000000000001,1790972100000,1790972104015,recorded:exchange
KXBTC15M-26OCT021645-45,1790973900000,yes,1790973248422,7.0,5.7455,-5.7455,1790973900000,1790973904008,recorded:exchange
KXBTC15M-26OCT021700-00,1790974800000,yes,1790974141670,7.0,5.2743,1.7107000000000003,1790974800000,1790974804014,recorded:exchange
KXBTC15M-26OCT021715-15,1790975700000,yes,1790975081443,8.0,5.5619,2.4380999999999995,1790975700000,1790975704018,recorded:exchange
KXBTC15M-26OCT021730-30,1790976600000,yes,1790976477295,9.0,0.1251,3.679599999999999,1790976600000,1790976604012,recorded:exchange
KXBTC15M-26OCT021745-45,1790977500000,yes,1790976978999,8.0,5.7954,2.0848,1790977500000,1790977504014,recorded:exchange
KXBTC15M-26OCT021800-00,1790978400000,yes,1790977958663,8.0,5.6398,2.3602000000000003,1790978400000,1790978404020,recorded:exchange
KXBTC15M-26OCT021915-15,1790982900000,yes,1790982796431,6.0,0.045,0.45489999999999997,1790982900000,1790982904000,recorded:exchange
KXBTC15M-26OCT021930-30,1790983800000,yes,1790983431509,10.0,6.2666,3.6906000000000003,1790983800000,1790983804008,recorded:exchange
KXBTC15M-26OCT022000-00,1790985600000,yes,1790985532321,8.0,0.0257,2.1014000000000004,1790985600000,1790985604010,recorded:exchange
KXBTC15M-26OCT022030-30,1790987400000,yes,1790986742260,8.0,5.6398,2.1721000000000004,1790987400000,1790987404017,recorded:exchange
KXBTC15M-26OCT022045-45,1790988300000,yes,1790987904839,7.0,5.2066,1.6735999999999995,1790988300000,1790988304013,recorded:exchange
KXBTC15M-26OCT022100-00,1790989200000,yes,1790988559431,8.0,5.6398,2.3602000000000003,1790989200000,1790989204061,recorded:exchange
KXBTC15M-26OCT022145-45,1790991900000,yes,1790991243802,8.0,5.5619,2.4380999999999995,1790991900000,1790991904014,recorded:exchange
KXBTC15M-26OCT022230-30,1790994600000,yes,1790994002187,6.0,5.2676,0.7324000000000003,1790994600000,1790994604008,recorded:exchange
KXBTC15M-26OCT022245-45,1790995500000,yes,1790995130618,9.0,5.3735,3.5206,1790995500000,1790995507307,recorded:exchange
KXBTC15M-26OCT022300-00,1790996400000,yes,1790996297435,8.0,0.0172,1.8778,1790996400000,1790996407157,recorded:exchange
KXBTC15M-26OCT022315-15,1790997300000,yes,1790996646004,8.0,5.0133,-5.0133,1790997300000,1790997307211,recorded:exchange
KXBTC15M-26OCT022330-30,1790998200000,yes,1790997541512,6.0,5.2676,0.6746000000000002,1790998200000,1790998207159,recorded:exchange
KXBTC15M-26OCT022345-45,1790999100000,yes,1790998449690,8.0,5.8729,2.0330000000000004,1790999100000,1790999107154,recorded:exchange
KXBTC15M-26OCT030000-00,1791000000000,yes,1790999513161,9.0,5.9934,2.8334000000000006,1791000000000,1791000007213,recorded:exchange
KXBTC15M-26OCT030015-15,1791000900000,yes,1791000343834,33.0,22.9427,-22.942700000000002,1791000900000,1791000907206,recorded:exchange
KXBTC15M-26OCT030030-30,1791001800000,yes,1791001591881,29.0,0.2792,4.087900000000001,1791001800000,1791001807149,recorded:exchange
KXBTC15M-26OCT030045-45,1791002700000,yes,1791002043853,33.0,23.5851,9.4149,1791002700000,1791002707160,recorded:exchange
KXBTC15M-26OCT030100-00,1791003600000,yes,1791002945786,29.0,24.9089,4.091100000000002,1791003600000,1791003607203,recorded:exchange
KXBTC15M-26OCT030130-30,1791005400000,yes,1791004748226,33.0,25.1832,7.4991,1791005400000,1791005407207,recorded:exchange
KXBTC15M-26OCT030145-45,1791006300000,yes,1791005642544,36.0,25.7292,10.270800000000001,1791006300000,1791006307151,recorded:exchange
KXBTC15M-26OCT030200-00,1791007200000,yes,1791006541550,35.0,25.0145,-25.014499999999998,1791007200000,1791007207208,recorded:exchange
KXBTC15M-26OCT030300-00,1791010800000,yes,1791010633787,29.0,0.4341,3.6570000000000027,1791010800000,1791010807150,recorded:exchange
KXBTC15M-26OCT030315-15,1791011700000,yes,1791011274472,34.0,26.6015,7.3985,1791011700000,1791011707142,recorded:exchange
KXBTC15M-26OCT030430-30,1791016200000,yes,1791016055133,28.0,0.2097,2.413899999999999,1791016200000,1791016207198,recorded:exchange
KXBTC15M-26OCT030830-30,1791030600000,yes,1791029941977,27.0,25.1316,1.6085000000000012,1791030600000,1791030607136,recorded:exchange
KXBTC15M-26OCT030845-45,1791031500000,yes,1791030947623,37.0,22.8216,-22.8216,1791031500000,1791031507143,recorded:exchange
KXBTC15M-26OCT030900-00,1791032400000,yes,1791032055934,26.0,24.4207,1.3846000000000014,1791032400000,1791032407197,recorded:exchange
KXBTC15M-26OCT030915-15,1791033300000,yes,1791033200212,36.99999999999999,0.5538,11.083499999999999,1791033300000,1791033307197,recorded:exchange
KXBTC15M-26OCT030930-30,1791034200000,yes,1791034086152,32.0,0.2396,6.108699999999999,1791034200000,1791034207199,recorded:exchange
KXBTC15M-26OCT030945-45,1791035100000,yes,1791034453938,28.0,24.847,2.8866999999999994,1791035100000,1791035107145,recorded:exchange
KXBTC15M-26OCT031000-00,1791036000000,yes,1791035361790,37.0,25.3627,10.9255,1791036000000,1791036007189,recorded:exchange
KXBTC15M-26OCT031015-15,1791036900000,yes,1791036730828,28.0,0.2396,2.3840000000000003,1791036900000,1791036907194,recorded:exchange
KXBTC15M-26OCT031030-30,1791037800000,yes,1791037144585,37.0,23.1862,13.1415,1791037800000,1791037807195,recorded:exchange
KXBTC15M-26OCT031045-45,1791038700000,yes,1791038503678,31.0,0.2321,5.6207,1791038700000,1791038707195,recorded:exchange
KXBTC15M-26OCT031100-00,1791039600000,yes,1791038939625,26.0,24.5183,1.3981999999999986,1791039600000,1791039607193,recorded:exchange
KXBTC15M-26OCT031130-30,1791041400000,yes,1791040836622,35.0,25.0145,9.9855,1791041400000,1791041407207,recorded:exchange
KXBTC15M-26OCT031230-30,1791045000000,yes,1791044915097,27.0,0.1445,2.156099999999999,1791045000000,1791045007160,recorded:exchange
KXBTC15M-26OCT031245-45,1791045900000,yes,1791045241509,34.0,25.2891,8.7109,1791045900000,1791045907202,recorded:exchange
KXBTC15M-26OCT031300-00,1791046800000,yes,1791046149460,35.0,25.3545,9.233799999999999,1791046800000,1791046807214,recorded:exchange
KXBTC15M-26OCT031315-15,1791047700000,yes,1791047271389,34.0,24.6301,8.8247,1791047700000,1791047707164,recorded:exchange
KXBTC15M-26OCT031330-30,1791048600000,yes,1791047943304,30.000000000000004,24.6232,5.376799999999999,1791048600000,1791048607208,recorded:exchange
KXBTC15M-26OCT031445-45,1791053100000,yes,1791052993330,26.0,0.0835,1.1300000000000012,1791053100000,1791053107168,recorded:exchange
KXBTC15M-26OCT031515-15,1791054900000,yes,1791054749605,27.0,0.2022,1.6409,1791054900000,1791054907206,recorded:exchange
KXBTC15M-26OCT031530-30,1791055800000,yes,1791055708516,37.0,1.2249,12.2248,1791055800000,1791055807867,recorded:exchange
KXBTC15M-26OCT031545-45,1791056700000,yes,1791056509395,32.0,0.4106,6.860799999999999,1791056700000,1791056707160,recorded:exchange
KXBTC15M-26OCT031615-15,1791058500000,yes,1791057839999,29.0,23.5248,5.320100000000001,1791058500000,1791058507216,recorded:exchange
KXBTC15M-26OCT031630-30,1791059400000,yes,1791058813177,36.0,23.2675,12.7325,1791059400000,1791059407215,recorded:exchange
KXBTC15M-26OCT031645-45,1791060300000,yes,1791060196618,36.0,0.308,10.312900000000003,1791060300000,1791060307215,recorded:exchange
KXBTC15M-26OCT031715-15,1791062100000,yes,1791061769065,36.0,0.731,9.539800000000003,1791062100000,1791062107214,recorded:exchange
KXBTC15M-26OCT031730-30,1791063000000,yes,1791062342605,31.0,25.444,5.556000000000001,1791063000000,1791063007216,recorded:exchange
KXBTC15M-26OCT031745-45,1791063900000,yes,1791063275055,38.0,27.1586,-27.1586,1791063900000,1791063907218,recorded:exchange
KXBTC15M-26OCT031945-45,1791071100000,yes,1791070678376,28.0,25.3764,2.4738000000000007,1791071100000,1791071107262,recorded:exchange
KXBTC15M-26OCT032015-15,1791072900000,yes,1791072246394,35.0,26.3714,7.917900000000002,1791072900000,1791072907218,recorded:exchange
KXBTC15M-26OCT032030-30,1791073800000,yes,1791073274466,36.0,25.3791,-25.3791,1791073800000,1791073807222,recorded:exchange
KXBTC15M-26OCT032130-30,1791077400000,yes,1791077319772,34.0,0.1819,8.858199999999998,1791077400000,1791077407221,recorded:exchange
KXBTC15M-26OCT032145-45,1791078300000,yes,1791077708195,30.0,24.6232,5.1522,1791078300000,1791078307169,recorded:exchange
KXBTC15M-26OCT032200-00,1791079200000,yes,1791078747076,35.0,25.694,9.1936,1791079200000,1791079207212,recorded:exchange
KXBTC15M-26OCT032215-15,1791080100000,yes,1791079440797,31.0,25.444,5.2907,1791080100000,1791080107210,recorded:exchange
KXBTC15M-26OCT032230-30,1791081000000,yes,1791080658039,32.0,25.0368,6.9632,1791081000000,1791081007213,recorded:exchange
KXBTC15M-26OCT032245-45,1791081900000,yes,1791081249829,37.0,25.7236,-25.7236,1791081900000,1791081907164,recorded:exchange
KXBTC15M-26OCT032345-45,1791085500000,yes,1791084910313,26.0,24.4207,1.4680000000000013,1791085500000,1791085507210,recorded:exchange
KXBTC15M-26OCT040000-00,1791086400000,yes,1791086249349,37.0,0.6723,11.326500000000001,1791086400000,1791086407164,recorded:exchange
KXBTC15M-26OCT040015-15,1791087300000,yes,1791086646138,36.0,25.3791,-25.3791,1791087300000,1791087307406,recorded:exchange
KXBTC15M-26OCT040230-30,1791095400000,yes,1791094914486,26.0,24.8352,-24.8352,1791095400000,1791095407251,recorded:exchange
KXBTC15M-26OCT040245-45,1791096300000,yes,1791095649841,28.0,25.1119,2.8880999999999983,1791096300000,1791096307202,recorded:exchange
KXBTC15M-26OCT040300-00,1791097200000,yes,1791096540936,31.0,25.1472,5.5213,1791097200000,1791097207191,recorded:exchange
KXBTC15M-26OCT040315-15,1791098100000,yes,1791098024680,36.0,0.385,10.2359,1791098100000,1791098107197,recorded:exchange
KXBTC15M-26OCT040400-00,1791100800000,yes,1791100148954,28.0,24.316,3.5641000000000016,1791100800000,1791100807197,recorded:exchange
KXBTC15M-26OCT040415-15,1791101700000,yes,1791101074025,36.0,24.6772,10.630199999999999,1791101700000,1791101707188,recorded:exchange
KXBTC15M-26OCT040445-45,1791103500000,yes,1791103366177,27.0,0.2022,2.0221000000000013,1791103500000,1791103507189,recorded:exchange
KXBTC15M-26OCT040500-00,1791104400000,yes,1791103746757,32.0,25.6517,6.348299999999999,1791104400000,1791104407192,recorded:exchange
KXBTC15M-26OCT040530-30,1791106200000,yes,1791105789131,26.0,24.689,1.1163,1791106200000,1791106207142,recorded:exchange
KXBTC15M-26OCT040600-00,1791108000000,yes,1791107388543,31.0,25.7403,-25.7403,1791108000000,1791108007141,recorded:exchange
KXBTC15M-26OCT040630-30,1791109800000,yes,1791109209817,27.0,25.4613,1.2787999999999986,1791109800000,1791109807138,recorded:exchange
KXBTC15M-26OCT040645-45,1791110700000,yes,1791110464730,34.99999999999999,0.3743,9.611199999999998,1791110700000,1791110707136,recorded:exchange
KXBTC15M-26OCT040700-00,1791111600000,yes,1791111494478,40.0,0.7268,13.8135,1791111600000,1791111607137,recorded:exchange
KXBTC15M-26OCT040730-30,1791113400000,yes,1791112744394,36.0,24.3255,11.058799999999998,1791113400000,1791113407134,recorded:exchange
KXBTC15M-26OCT040800-00,1791115200000,yes,1791114646047,35.0,24.3332,10.442099999999998,1791115200000,1791115207143,recorded:exchange
KXBTC15M-26OCT040815-15,1791116100000,yes,1791115445141,35.0,25.694,8.7074,1791116100000,1791116107138,recorded:exchange
KXBTC15M-26OCT040900-00,1791118800000,yes,1791118640699,31.0,0.2653,5.290699999999999,1791118800000,1791118807144,recorded:exchange
KXBTC15M-26OCT040915-15,1791119700000,yes,1791119295646,35.0,22.6211,12.3789,1791119700000,1791119707192,recorded:exchange
KXBTC15M-26OCT040930-30,1791120600000,yes,1791119939487,35.0,25.3545,9.046899999999997,1791120600000,1791120607190,recorded:exchange
KXBTC15M-26OCT040945-45,1791121500000,yes,1791120842790,33.0,25.5014,7.4986000000000015,1791121500000,1791121507198,recorded:exchange
KXBTC15M-26OCT041000-00,1791122400000,yes,1791121743363,30.0,25.7678,4.2322,1791122400000,1791122407145,recorded:exchange
KXBTC15M-26OCT041045-45,1791125100000,yes,1791125010097,30.0,0.0963,4.993699999999999,1791125100000,1791125107200,recorded:exchange
KXBTC15M-26OCT041115-15,1791126900000,yes,1791126269091,29.0,25.4596,3.5403999999999995,1791126900000,1791126907196,recorded:exchange
KXBTC15M-26OCT041130-30,1791127800000,yes,1791127146777,35.0,24.3332,-24.3332,1791127800000,1791127807150,recorded:exchange
KXBTC15M-26OCT041300-00,1791133200000,yes,1791132568954,29.0,24.3565,4.4883999999999995,1791133200000,1791133207317,recorded:exchange
KXBTC15M-26OCT041315-15,1791134100000,yes,1791133460474,36.0,25.0284,-25.0284,1791134100000,1791134107307,recorded:exchange
KXBTC15M-26OCT041330-30,1791135000000,yes,1791134765622,25.0,24.4644,0.29489999999999933,1791135000000,1791135007793,recorded:exchange
KXBTC15M-26OCT041345-45,1791135900000,yes,1791135749429,38.0,0.2845,11.667300000000001,1791135900000,1791135907212,recorded:exchange
KXBTC15M-26OCT041400-00,1791136800000,yes,1791136702586,33.0,0.1413,7.039500000000002,1791136800000,1791136807202,recorded:exchange
KXBTC15M-26OCT041415-15,1791137700000,yes,1791137067427,36.0,23.9733,-23.9733,1791137700000,1791137707209,recorded:exchange
KXBTC15M-26OCT041515-15,1791141300000,yes,1791140704665,28.0,24.0499,3.770399999999999,1791141300000,1791141307210,recorded:exchange
KXBTC15M-26OCT041530-30,1791142200000,yes,1791141693789,38.0,26.0482,11.626599999999998,1791142200000,1791142207210,recorded:exchange
KXBTC15M-26OCT041545-45,1791143100000,yes,1791142448836,30.0,26.3376,-26.337600000000002,1791143100000,1791143107203,recorded:exchange
KXBTC15M-26OCT041630-30,1791145800000,yes,1791145145933,31.0,25.1472,5.852799999999999,1791145800000,1791145807912,recorded:exchange
KXBTC15M-26OCT041645-45,1791146700000,yes,1791146056192,31.0,24.8501,6.083500000000002,1791146700000,1791146707170,recorded:exchange
KXBTC15M-26OCT041700-00,1791147600000,yes,1791146945226,34.0,25.2891,8.4927,1791147600000,1791147607171,recorded:exchange
KXBTC15M-26OCT041715-15,1791148500000,yes,1791147951471,37.0,24.2768,12.0509,1791148500000,1791148507171,recorded:exchange
KXBTC15M-26OCT041730-30,1791149400000,yes,1791149270148,31.0,0.1658,4.5024999999999995,1791149400000,1791149407174,recorded:exchange
KXBTC15M-26OCT041745-45,1791150300000,yes,1791149673151,38.0,25.677,11.551400000000003,1791150300000,1791150307213,recorded:exchange
KXBTC15M-26OCT041800-00,1791151200000,yes,1791151084039,35.0,0.3743,8.9317,1791151200000,1791151207220,recorded:exchange
KXBTC15M-26OCT041815-15,1791152100000,yes,1791151444129,28.0,24.847,2.853499999999999,1791152100000,1791152107205,recorded:exchange
KXBTC15M-26OCT041830-30,1791153000000,yes,1791152342941,28.0,25.1119,-25.111900000000002,1791153000000,1791153007219,recorded:exchange
KXBTC15M-26OCT041845-45,1791153900000,yes,1791153245748,36.0,26.0789,9.1132,1791153900000,1791153907216,recorded:exchange
KXBTC15M-26OCT041915-15,1791155700000,yes,1791155107725,37.0,26.8033,9.5639,1791155700000,1791155707162,recorded:exchange
KXBTC15M-26OCT041930-30,1791156600000,yes,1791156239214,40.0,24.672,14.8148,1791156600000,1791156607214,recorded:exchange
KXBTC15M-26OCT042000-00,1791158400000,yes,1791157874929,37.0,25.0012,11.998799999999997,1791158400000,1791158407919,recorded:exchange
KXBTC15M-26OCT042015-15,1791159300000,yes,1791159192118,32.0,0.2396,7.3404,1791159300000,1791159307222,recorded:exchange
KXBTC15M-26OCT042030-30,1791160200000,yes,1791159729238,36.0,24.6772,-24.677200000000003,1791160200000,1791160207217,recorded:exchange
KXBTC15M-26OCT042045-45,1791161100000,yes,1791160765339,30.0,25.1964,4.707300000000002,1791161100000,1791161107216,recorded:exchange
KXBTC15M-26OCT042100-00,1791162000000,yes,1791161497009,34.0,22.3084,11.509699999999999,1791162000000,1791162007213,recorded:exchange
KXBTC15M-26OCT042130-30,1791163800000,yes,1791163174313,34.0,25.2891,8.3473,1791163800000,1791163807214,recorded:exchange
KXBTC15M-26OCT042145-45,1791164700000,yes,1791164588910,30.0,0.1605,3.5019,1791164700000,1791164707169,recorded:exchange
KXBTC15M-26OCT042200-00,1791165600000,yes,1791165516457,32.0,0.31,6.345599999999999,1791165600000,1791165607215,recorded:exchange
KXBTC15M-26OCT042215-15,1791166500000,yes,1791165865947,35.0,26.7094,8.2157,1791166500000,1791166507316,recorded:exchange
KXBTC15M-26OCT042230-30,1791167400000,yes,1791167297104,32.0,0.1027,7.168699999999999,1791167400000,1791167409806,recorded:exchange
KXBTC15M-26OCT042300-00,1791169200000,yes,1791169108597,32.0,0.2396,7.9588,1791169200000,1791169207261,recorded:exchange
KXBTC15M-26OCT042315-15,1791170100000,yes,1791170028214,36.0,0.3465,10.274400000000002,1791170100000,1791170107219,recorded:exchange
KXBTC15M-26OCT042345-45,1791171900000,yes,1791171748395,32.0,0.2054,6.450199999999999,1791171900000,1791171907156,recorded:exchange
KXBTC15M-26OCT050000-00,1791172800000,yes,1791172223040,36.0,25.0284,-25.0284,1791172800000,1791172807169,recorded:exchange
KXBTC15M-26OCT050015-15,1791173700000,yes,1791173199851,35.0,25.694,-25.694,1791173700000,1791173707170,recorded:exchange
KXBTC15M-26OCT050030-30,1791174600000,yes,1791174488818,31.0,0.199,6.248600000000001,1791174600000,1791174607202,recorded:exchange
KXBTC15M-26OCT050045-45,1791175500000,yes,1791175286748,30.0,0.2567,4.546900000000003,1791175500000,1791175507199,recorded:exchange
KXBTC15M-26OCT050100-00,1791176400000,yes,1791175751370,35.0,25.3545,-25.3545,1791176400000,1791176407154,recorded:exchange
KXBTC15M-26OCT050215-15,1791180900000,yes,1791180241383,27.0,22.9341,3.950300000000001,1791180900000,1791180907305,recorded:exchange
KXBTC15M-26OCT050230-30,1791181800000,yes,1791181149692,30.0,25.4823,-25.4823,1791181800000,1791181807198,recorded:exchange
KXBTC15M-26OCT050245-45,1791182700000,yes,1791182627920,37.0,0.4945,10.0616,1791182700000,1791182707197,recorded:exchange
KXBTC15M-26OCT050300-00,1791183600000,yes,1791182942464,26.0,24.3474,1.3745000000000007,1791183600000,1791183607197,recorded:exchange
KXBTC15M-26OCT050315-15,1791184500000,yes,1791184116174,31.0,25.7403,5.259699999999999,1791184500000,1791184507187,recorded:exchange
KXBTC15M-26OCT050330-30,1791185400000,yes,1791184749141,36.0,23.9733,-23.9733,1791185400000,1791185407142,recorded:exchange
KXBTC15M-26OCT050345-45,1791186300000,yes,1791185653279,38.0,24.1867,13.488100000000001,1791186300000,1791186307190,recorded:exchange
KXBTC15M-26OCT050400-00,1791187200000,yes,1791186984714,34.0,0.5237,8.1872,1791187200000,1791187207135,recorded:exchange
KXBTC15M-26OCT050415-15,1791188100000,yes,1791187441331,29.0,25.4596,3.2302999999999997,1791188100000,1791188107132,recorded:exchange
KXBTC15M-26OCT050445-45,1791189900000,yes,1791189767781,30.0,0.1926,4.325100000000001,1791189900000,1791189907188,recorded:exchange
KXBTC15M-26OCT050530-30,1791192600000,yes,1791192526598,28.0,0.1797,2.7083999999999993,1791192600000,1791192607185,recorded:exchange
KXBTC15M-26OCT050545-45,1791193500000,yes,1791193112302,31.0,26.0362,4.963799999999999,1791193500000,1791193507180,recorded:exchange
KXBTC15M-26OCT050600-00,1791194400000,yes,1791193796290,37.0,25.0012,11.998799999999997,1791194400000,1791194407133,recorded:exchange
KXBTC15M-26OCT050615-15,1791195300000,yes,1791194648127,31.0,24.8501,6.1499000000000015,1791195300000,1791195307187,recorded:exchange
KXBTC15M-26OCT050630-30,1791196200000,yes,1791195548970,35.0,25.3545,9.046899999999997,1791196200000,1791196207137,recorded:exchange
KXBTC15M-26OCT050645-45,1791197100000,yes,1791196923108,29.0,0.7745,8.063699999999999,1791197100000,1791197107136,recorded:exchange
KXBTC15M-26OCT050700-00,1791198000000,yes,1791197343612,28.0,24.5817,3.1787000000000005,1791198000000,1791198007136,recorded:exchange
KXBTC15M-26OCT050715-15,1791198900000,yes,1791198674879,29.0,0.2192,3.3211999999999997,1791198900000,1791198907184,recorded:exchange
KXBTC15M-26OCT050730-30,1791199800000,yes,1791199143336,32.0,25.6517,6.074499999999999,1791199800000,1791199807132,recorded:exchange
KXBTC15M-26OCT050815-15,1791202500000,yes,1791202393200,34.0,0.4726,7.717600000000001,1791202500000,1791202507185,recorded:exchange
KXBTC15M-26OCT050830-30,1791203400000,yes,1791203303990,37.0,0.5143,14.394699999999997,1791203400000,1791203407140,recorded:exchange
KXBTC15M-26OCT050845-45,1791204300000,yes,1791204092972,32.0,0.2738,5.4613999999999985,1791204300000,1791204307185,recorded:exchange
KXBTC15M-26OCT050915-15,1791206100000,yes,1791205444151,26.0,24.3962,1.4091000000000011,1791206100000,1791206107193,recorded:exchange
KXBTC15M-26OCT050930-30,1791207000000,yes,1791206350030,34.0,23.9691,-23.9691,1791207000000,1791207007201,recorded:exchange
KXBTC15M-26OCT050945-45,1791207900000,yes,1791207832470,30.0,0.0321,5.631899999999999,1791207900000,1791207907155,recorded:exchange
KXBTC15M-26OCT051000-00,1791208800000,yes,1791208146689,27.0,24.4701,2.3565999999999994,1791208800000,1791208807143,recorded:exchange
KXBTC15M-26OCT051045-45,1791211500000,yes,1791211171489,25.0,0.1605,0.4218000000000014,1791211500000,1791211507148,recorded:exchange
KXBTC15M-26OCT051200-00,1791216000000,yes,1791215348921,37.0,21.3582,-21.3582,1791216000000,1791216007206,recorded:exchange
KXBTC15M-26OCT051245-45,1791218700000,yes,1791218045387,37.0,26.8033,10.1967,1791218700000,1791218707154,recorded:exchange
KXBTC15M-26OCT051300-00,1791219600000,yes,1791218967547,34.0,24.6301,9.3699,1791219600000,1791219607150,recorded:exchange
KXBTC15M-26OCT051330-30,1791221400000,yes,1791220749453,29.0,24.3565,4.6434999999999995,1791221400000,1791221407205,recorded:exchange
KXBTC15M-26OCT051430-30,1791225000000,yes,1791224406130,34.0,24.2998,9.700199999999999,1791225000000,1791225007156,recorded:exchange
KXBTC15M-26OCT051445-45,1791225900000,yes,1791225336534,40.0,29.7519,10.2481,1791225900000,1791225907161,recorded:exchange
KXBTC15M-26OCT051530-30,1791228600000,yes,1791227948559,37.0,31.4281,5.571900000000002,1791228600000,1791228607157,recorded:exchange
KXBTC15M-26OCT051545-45,1791229500000,yes,1791228841683,44.0,32.301,-32.301,1791229500000,1791229507166,recorded:exchange
KXBTC15M-26OCT051630-30,1791232200000,yes,1791231555145,35.0,30.0624,4.9376,1791232200000,1791232207159,recorded:exchange
KXBTC15M-26OCT051700-00,1791234000000,yes,1791233446454,38.0,29.3652,8.6348,1791234000000,1791234007168,recorded:exchange
KXBTC15M-26OCT051730-30,1791235800000,yes,1791235145453,30.0,26.0529,3.9470999999999994,1791235800000,1791235807163,recorded:exchange
KXBTC15M-26OCT051745-45,1791236700000,yes,1791236049246,36.0,26.7767,9.223299999999998,1791236700000,1791236707154,recorded:exchange
KXBTC15M-26OCT051800-00,1791237600000,yes,1791237027021,37.0,25.3627,11.637300000000002,1791237600000,1791237607154,recorded:exchange
KXBTC15M-26OCT051815-15,1791238500000,yes,1791237902347,36.0,24.3255,11.674499999999998,1791238500000,1791238507221,recorded:exchange
KXBTC15M-26OCT051830-30,1791239400000,yes,1791238765715,35.0,23.9917,11.0083,1791239400000,1791239407160,recorded:exchange
KXBTC15M-26OCT051915-15,1791242100000,yes,1791241461367,28.0,24.847,-24.847,1791242100000,1791242107209,recorded:exchange
KXBTC15M-26OCT051930-30,1791243000000,yes,1791242517763,40.0,31.2959,8.704099999999999,1791243000000,1791243007224,recorded:exchange
KXBTC15M-26OCT052015-15,1791245700000,yes,1791245041121,32.0,23.8016,8.198400000000001,1791245700000,1791245707255,recorded:exchange
KXBTC15M-26OCT052030-30,1791246600000,yes,1791245989287,37.0,23.9138,-23.9138,1791246600000,1791246607213,recorded:exchange
KXBTC15M-26OCT052045-45,1791247500000,yes,1791246842236,41.0,24.4792,-24.479200000000002,1791247500000,1791247507267,recorded:exchange
KXBTC15M-26OCT052100-00,1791248400000,yes,1791247853164,39.0,31.6368,7.363200000000001,1791248400000,1791248407206,recorded:exchange
KXBTC15M-26OCT052115-15,1791249300000,yes,1791248645641,33.0,28.3446,4.655399999999999,1791249300000,1791249307212,recorded:exchange
KXBTC15M-26OCT052200-00,1791252000000,yes,1791251340543,37.0,22.4566,-22.456599999999998,1791252000000,1791252007910,recorded:exchange
KXBTC15M-26OCT052230-30,1791253800000,yes,1791253147796,44.0,31.4468,12.553199999999999,1791253800000,1791253807210,recorded:exchange
KXBTC15M-26OCT052315-15,1791256500000,yes,1791255849053,32.0,24.42,7.58,1791256500000,1791256507166,recorded:exchange
KXBTC15M-26OCT052330-30,1791257400000,yes,1791256746178,37.0,25.3627,-25.3627,1791257400000,1791257407164,recorded:exchange
KXBTC15M-26OCT060000-00,1791259200000,yes,1791258542137,40.0,30.525,9.475,1791259200000,1791259207214,recorded:exchange
KXBTC15M-26OCT060015-15,1791260100000,yes,1791259447425,31.0,24.5524,6.4476,1791260100000,1791260107159,recorded:exchange
KXBTC15M-26OCT060230-30,1791268200000,yes,1791267563323,28.0,25.1119,2.8880999999999983,1791268200000,1791268207148,recorded:exchange
KXBTC15M-26OCT060245-45,1791269100000,yes,1791268439622,33.0,26.4533,6.5466999999999995,1791269100000,1791269107141,recorded:exchange
KXBTC15M-26OCT060300-00,1791270000000,yes,1791269345579,32.0,25.6517,-25.6517,1791270000000,1791270007138,recorded:exchange
KXBTC15M-26OCT060345-45,1791272700000,yes,1791272047282,34.0,31.135,2.864999999999999,1791272700000,1791272707192,recorded:exchange
KXBTC15M-26OCT060400-00,1791273600000,yes,1791272942497,30.0,25.4823,4.5177000000000005,1791273600000,1791273607134,recorded:exchange
KXBTC15M-26OCT060415-15,1791274500000,yes,1791273847396,33.0,26.1364,6.863600000000002,1791274500000,1791274507137,recorded:exchange
KXBTC15M-26OCT060430-30,1791275400000,yes,1791274840449,38.0,24.1867,13.813300000000002,1791275400000,1791275407138,recorded:exchange
KXBTC15M-26OCT060500-00,1791277200000,yes,1791276548510,41.0,30.4957,10.5043,1791277200000,1791277207133,recorded:exchange
KXBTC15M-26OCT060530-30,1791279000000,yes,1791278352604,29.0,24.6329,-24.6329,1791279000000,1791279007184,recorded:exchange
KXBTC15M-26OCT060545-45,1791279900000,yes,1791279242466,34.0,29.2035,4.796500000000002,1791279900000,1791279907131,recorded:exchange
KXBTC15M-26OCT060600-00,1791280800000,yes,1791280147262,37.0,30.3687,6.631300000000001,1791280800000,1791280807186,recorded:exchange
KXBTC15M-26OCT060615-15,1791281700000,yes,1791281264220,37.0,22.4566,14.543400000000002,1791281700000,1791281707184,recorded:exchange
KXBTC15M-26OCT060700-00,1791284400000,yes,1791283979684,40.0,29.3645,-29.3645,1791284400000,1791284407140,recorded:exchange
KXBTC15M-26OCT060715-15,1791285300000,yes,1791284642749,39.0,26.7337,12.266300000000001,1791285300000,1791285307187,recorded:exchange
KXBTC15M-26OCT060730-30,1791286200000,yes,1791285545684,32.0,29.5145,2.4854999999999987,1791286200000,1791286207148,recorded:exchange
KXBTC15M-26OCT060745-45,1791287100000,yes,1791286439522,30.0,25.7678,4.2322,1791287100000,1791287107187,recorded:exchange
KXBTC15M-26OCT060800-00,1791288000000,yes,1791287344988,38.0,25.677,-25.677,1791288000000,1791288007137,recorded:exchange
KXBTC15M-26OCT060815-15,1791288900000,yes,1791288364474,37.0,29.3045,7.695500000000001,1791288900000,1791288907191,recorded:exchange
KXBTC15M-26OCT060845-45,1791290700000,yes,1791290044108,38.0,20.0448,17.9552,1791290700000,1791290707194,recorded:exchange
KXBTC15M-26OCT060945-45,1791294300000,yes,1791293651490,27.0,25.2331,1.7669000000000006,1791294300000,1791294307142,recorded:exchange
KXBTC15M-26OCT061000-00,1791295200000,yes,1791294671531,30.0,25.4823,-25.4823,1791295200000,1791295207197,recorded:exchange
KXBTC15M-26OCT061045-45,1791297900000,yes,1791297266982,43.0,30.3139,12.686099999999998,1791297900000,1791297907202,recorded:exchange
KXBTC15M-26OCT061100-00,1791298800000,yes,1791298297351,32.0,25.0368,6.9632,1791298800000,1791298807200,recorded:exchange
KXBTC15M-26OCT061145-45,1791301500000,yes,1791300846177,37.0,30.0144,-30.014400000000002,1791301500000,1791301507208,recorded:exchange
KXBTC15M-26OCT061215-15,1791303300000,yes,1791302647919,42.0,30.4254,11.5746,1791303300000,1791303307165,recorded:exchange
KXBTC15M-26OCT061315-15,1791306900000,yes,1791306532933,39.0,23.6704,-23.6704,1791306900000,1791306907159,recorded:exchange
KXBTC15M-26OCT061415-15,1791310500000,yes,1791309842528,36.0,29.2032,6.796799999999999,1791310500000,1791310507206,recorded:exchange
KXBTC15M-26OCT061515-15,1791314100000,yes,1791313498946,37.0,25.0012,-25.0012,1791314100000,1791314107206,recorded:exchange
KXBTC15M-26OCT061545-45,1791315900000,yes,1791315246712,34.0,25.2891,-25.2891,1791315900000,1791315907217,recorded:exchange
KXBTC15M-26OCT061600-00,1791316800000,yes,1791316143111,33.0,29.5962,3.403799999999999,1791316800000,1791316807151,recorded:exchange
KXBTC15M-26OCT061630-30,1791318600000,yes,1791317942677,36.0,25.7292,-25.7292,1791318600000,1791318607160,recorded:exchange
KXBTC15M-26OCT061745-45,1791323100000,yes,1791322832322,32.0,29.7854,2.214599999999999,1791323100000,1791323107215,recorded:exchange
KXBTC15M-26OCT061815-15,1791324900000,yes,1791324612780,33.0,29.5962,-29.5962,1791324900000,1791324907218,recorded:exchange
KXBTC15M-26OCT061845-45,1791326700000,yes,1791326560504,34.0,30.1714,3.8285999999999984,1791326700000,1791326707212,recorded:exchange
KXBTC15M-26OCT061900-00,1791327600000,yes,1791326944198,41.0,30.4957,-30.4957,1791327600000,1791327607214,recorded:exchange
KXBTC15M-26OCT062000-00,1791331200000,yes,1791330685253,42.0,30.4254,-30.4254,1791331200000,1791331207162,recorded:exchange
KXBTC15M-26OCT062045-45,1791333900000,yes,1791333324235,37.0,29.6597,7.340299999999999,1791333900000,1791333907206,recorded:exchange
KXBTC15M-26OCT062100-00,1791334800000,yes,1791334143278,36.0,25.3791,10.6209,1791334800000,1791334807216,recorded:exchange
KXBTC15M-26OCT062145-45,1791337500000,yes,1791336846534,32.0,22.8704,9.129600000000002,1791337500000,1791337507163,recorded:exchange
KXBTC15M-26OCT062230-30,1791340200000,yes,1791339540276,36.0,25.7292,-25.7292,1791340200000,1791340307167,recorded:exchange
KXBTC15M-26OCT062245-45,1791341100000,yes,1791340494993,45.0,31.2855,-31.285500000000003,1791341100000,1791341107218,recorded:exchange
KXBTC15M-26OCT062300-00,1791342000000,yes,1791341349919,42.0,29.1998,12.800200000000002,1791342000000,1791342007166,recorded:exchange
KXBTC15M-26OCT062315-15,1791342900000,yes,1791342248229,33.0,29.9079,3.0921000000000007,1791342900000,1791342907209,recorded:exchange
KXBTC15M-26OCT062330-30,1791343800000,yes,1791343147898,29.0,25.1845,3.815499999999999,1791343800000,1791343807211,recorded:exchange
KXBTC15M-26OCT062345-45,1791344700000,yes,1791344048897,33.0,25.5014,7.4986000000000015,1791344700000,1791344707154,recorded:exchange
KXBTC15M-26OCT070000-00,1791345600000,yes,1791344951763,32.0,25.3444,-25.3444,1791345600000,1791345607406,recorded:exchange
KXBTC15M-26OCT070015-15,1791346500000,yes,1791345841648,32.0,25.0368,6.9632,1791346500000,1791346507213,recorded:exchange
KXBTC15M-26OCT070100-00,1791349200000,yes,1791348561826,40.0,30.525,9.475,1791349200000,1791349207156,recorded:exchange
KXBTC15M-26OCT070115-15,1791350100000,yes,1791349446566,38.0,23.0635,14.936499999999999,1791350100000,1791350108058,recorded:exchange
KXBTC15M-26OCT070130-30,1791351000000,yes,1791350428499,36.0,25.0284,10.971599999999999,1791351000000,1791351007254,recorded:exchange
KXBTC15M-26OCT070145-45,1791351900000,yes,1791351253821,34.0,25.9463,8.0537,1791351900000,1791351907210,recorded:exchange
KXBTC15M-26OCT070200-00,1791352800000,yes,1791352151232,33.0,24.8645,8.135499999999999,1791352800000,1791352807149,recorded:exchange
KXBTC15M-26OCT070800-00,1791374400000,yes,1791373537953,1.0,0.4875,0.5125000000000001,1791374400000,1791374407194,recorded:exchange
KXBTC15M-26OCT071200-00,1791388800000,yes,1791387989470,1.0,0.5674,0.4326,1791388800000,1791388807153,recorded:exchange
KXBTC15M-26OCT071215-15,1791389700000,no,1791389005810,1.0,0.4472,-0.4472,1791389700000,1791389707206,recorded:exchange
