day,signals,trades,wins,flips,net,max_dd,target_hit,misses
2026-09-24,87,74,66,9,4.1458,64.9016,,{'neither_side_reached_85': 13}
2026-09-25,95,8,8,1,24.621,0.0,2026-09-25T02:31:00-04:00,"{'neither_side_reached_85': 2, 'daily_target': 85}"
2026-09-26,96,50,45,10,23.7507,60.5606,2026-09-26T15:31:00-04:00,"{'neither_side_reached_85': 12, 'daily_target': 34}"
2026-09-27,96,8,8,1,24.0197,0.0,2026-09-27T02:01:00-04:00,{'daily_target': 88}
2026-09-28,96,25,23,7,21.6752,29.2528,2026-09-28T07:01:00-04:00,"{'neither_side_reached_85': 3, 'daily_target': 68}"
2026-09-29,96,16,15,2,22.7554,24.9089,2026-09-29T04:46:00-04:00,"{'neither_side_reached_85': 3, 'daily_target': 77}"
2026-09-30,96,15,14,0,22.3953,25.1119,2026-09-30T03:46:00-04:00,{'daily_target': 81}
2026-10-01,81,7,7,1,23.3639,0.0,2026-10-01T05:31:00-04:00,{'daily_target': 74}
2026-10-02,96,7,7,1,23.6993,0.0,2026-10-02T01:46:00-04:00,{'daily_target': 89}
2026-10-03,96,7,7,1,22.9774,0.0,2026-10-03T01:46:00-04:00,{'daily_target': 89}
2026-10-04,96,16,15,2,23.7619,24.9089,2026-10-04T05:01:00-04:00,"{'neither_side_reached_85': 4, 'daily_target': 76}"
2026-10-05,96,34,31,5,22.825,50.7593,2026-10-05T09:31:00-04:00,"{'neither_side_reached_85': 4, 'daily_target': 58}"
2026-10-06,96,8,8,2,23.0866,0.0,2026-10-06T02:31:00-04:00,"{'neither_side_reached_85': 2, 'daily_target': 86}"
2026-10-07,96,49,44,9,21.5199,48.3797,2026-10-07T14:16:00-04:00,"{'neither_side_reached_85': 8, 'daily_target': 39}"
2026-10-08,76,48,43,4,21.4319,36.7127,2026-10-08T16:16:00-04:00,"{'neither_side_reached_85': 9, 'daily_target': 19}"
