day,window_open,signal_at,entry_at,signal_side,entry_side,flipped,observed_ask,modeled_price,count,stake,won,net,known,booked
2026-09-24,1790222400000,1790222648717,1790223136209,DOWN,DOWN,False,0.907,0.907,27,25.0,True,2.3515,1790223360000,True
2026-09-24,1790223300000,1790223748556,1790223990601,UP,UP,False,0.88,0.88,28,25.0,True,3.153,1790224260000,True
2026-09-24,1790224200000,1790224674157,1790224908342,DOWN,DOWN,False,0.88,0.88,28,25.0,True,3.153,1790225160000,True
2026-09-24,1790225100000,1790225340238,1790225376639,DOWN,DOWN,False,0.85,0.85,29,25.0,False,-24.9089,1790226060000,True
2026-09-24,1790226000000,1790226240838,1790226240838,UP,UP,False,0.9,0.9,33,30.0,True,3.0921,1790226960000,True
2026-09-24,1790226900000,1790227267220,1790227674669,DOWN,DOWN,False,0.85,0.85,35,30.0,True,4.9376,1790227860000,True
2026-09-24,1790227800000,1790228046829,1790228234239,DOWN,DOWN,False,0.88,0.88,28,25.0,False,-24.847,1790228760000,True
2026-09-24,1790228700000,1790229005945,1790229330920,DOWN,DOWN,False,0.9,0.9,33,30.0,True,3.0921,1790229660000,True
2026-09-24,1790229600000,1790229841364,1790230121665,DOWN,UP,True,0.9,0.9,33,30.0,True,3.0921,1790230560000,True
2026-09-24,1790230500000,1790230796862,1790231261357,UP,UP,False,0.914,0.914,27,25.0,True,2.1734,1790231460000,True
2026-09-24,1790232300000,1790232549550,1790232842059,DOWN,DOWN,False,0.89,0.89,28,25.0,True,2.8881,1790233260000,True
2026-09-24,1790240400000,1790240938025,1790241159078,DOWN,DOWN,False,0.908,0.908,27,25.0,True,2.3261,1790241360000,True
2026-09-24,1790241300000,1790241544510,1790241899264,DOWN,DOWN,False,0.9,0.9,27,25.0,True,2.5299,1790242260000,True
2026-09-24,1790242200000,1790242439784,1790242439784,DOWN,DOWN,False,0.915,0.915,27,25.0,True,2.148,1790243160000,True
2026-09-24,1790243100000,1790243376842,1790243716420,DOWN,UP,True,0.9,0.9,27,25.0,True,2.5299,1790244060000,True
2026-09-24,1790244000000,1790244247314,1790244667404,UP,UP,False,0.91,0.91,27,25.0,False,-24.7248,1790244960000,True
2026-09-24,1790244900000,1790245167941,1790245603795,UP,UP,False,0.85,0.85,35,30.0,True,4.9376,1790245860000,True
2026-09-24,1790245800000,1790246295287,1790246400985,UP,UP,False,0.89,0.89,33,30.0,True,3.4038,1790246760000,True
2026-09-24,1790246700000,1790246989336,1790247078289,UP,UP,False,0.88,0.88,28,25.0,True,3.153,1790247660000,True
2026-09-24,1790249400000,1790249649817,1790249890817,DOWN,DOWN,False,0.89,0.89,28,25.0,True,2.8881,1790250360000,True
2026-09-24,1790251200000,1790251444621,1790251540564,DOWN,DOWN,False,0.85,0.85,29,25.0,False,-24.9089,1790252160000,True
2026-09-24,1790252100000,1790252486988,1790252580331,UP,UP,False,0.86,0.86,34,30.0,True,4.4734,1790253060000,True
2026-09-24,1790253000000,1790253250225,1790253250225,DOWN,DOWN,False,0.88,0.88,34,30.0,True,3.8286,1790253960000,True
2026-09-24,1790253900000,1790254232947,1790254591244,DOWN,UP,True,0.89,0.89,28,25.0,True,2.8881,1790254860000,True
2026-09-24,1790254800000,1790255045490,1790255188604,UP,UP,False,0.87,0.87,28,25.0,True,3.4183,1790255760000,True
2026-09-24,1790255700000,1790255940244,1790256011183,UP,UP,False,0.86,0.86,29,25.0,True,3.8155,1790256660000,True
2026-09-24,1790256600000,1790256841235,1790256841235,UP,UP,False,0.88,0.88,28,25.0,True,3.153,1790257560000,True
2026-09-24,1790257500000,1790257831801,1790258133140,DOWN,UP,True,0.88,0.88,28,25.0,True,3.153,1790258460000,True
2026-09-24,1790259300000,1790259596105,1790259886625,UP,UP,False,0.89,0.89,28,25.0,True,2.8881,1790260260000,True
2026-09-24,1790260200000,1790260444677,1790260609561,DOWN,DOWN,False,0.905,0.905,27,25.0,True,2.4025,1790261160000,True
2026-09-24,1790261100000,1790261341343,1790261341343,DOWN,DOWN,False,0.955,0.955,26,25.0,True,1.0917,1790262060000,True
2026-09-24,1790262000000,1790262281809,1790262410557,UP,UP,False,0.88,0.88,28,25.0,True,3.153,1790262960000,True
2026-09-24,1790262900000,1790263149506,1790263281482,UP,UP,False,0.88,0.88,28,25.0,True,3.153,1790263860000,True
2026-09-24,1790263800000,1790264049830,1790264133710,UP,UP,False,0.9,0.9,27,25.0,True,2.5299,1790264760000,True
2026-09-24,1790264700000,1790264953665,1790265415987,DOWN,UP,True,0.88,0.88,28,25.0,True,3.153,1790265660000,True
2026-09-24,1790265600000,1790265840419,1790265840419,DOWN,DOWN,False,0.86,0.86,29,25.0,True,3.8155,1790266560000,True
2026-09-24,1790266500000,1790266742254,1790266742254,UP,UP,False,0.95,0.95,26,25.0,True,1.2135,1790267460000,True
2026-09-24,1790267400000,1790267646539,1790267646539,DOWN,DOWN,False,0.86,0.86,29,25.0,True,3.8155,1790268360000,True
2026-09-24,1790268300000,1790268650787,1790268859170,DOWN,DOWN,False,0.89,0.89,28,25.0,True,2.8881,1790269260000,True
2026-09-24,1790269200000,1790269491993,1790269888728,DOWN,DOWN,False,0.89,0.89,28,25.0,True,2.8881,1790270160000,True
2026-09-24,1790270100000,1790270414989,1790270584761,DOWN,DOWN,False,0.87,0.87,28,25.0,True,3.4183,1790271060000,True
2026-09-24,1790271000000,1790271241528,1790271518564,UP,DOWN,True,0.929,0.929,26,25.0,True,1.7259,1790271960000,True
2026-09-24,1790271900000,1790272144292,1790272504669,UP,DOWN,True,0.87,0.87,28,25.0,True,3.4183,1790272860000,True
2026-09-24,1790272800000,1790273039837,1790273039837,DOWN,DOWN,False,0.87,0.87,28,25.0,False,-24.5817,1790273760000,True
2026-09-24,1790273700000,1790273940209,1790273966721,UP,UP,False,0.85,0.85,35,30.0,True,4.9376,1790274660000,True
2026-09-24,1790274600000,1790274845555,1790274941414,DOWN,DOWN,False,0.935,0.935,32,30.0,True,1.9438,1790275560000,True
2026-09-24,1790275500000,1790275878503,1790276145006,UP,UP,False,0.85,0.85,29,25.0,True,4.0911,1790276460000,True
2026-09-24,1790276400000,1790276646187,1790276646187,DOWN,DOWN,False,0.88,0.88,28,25.0,False,-24.847,1790277360000,True
2026-09-24,1790278200000,1790278440934,1790278649565,DOWN,DOWN,False,0.89,0.89,33,30.0,True,3.4038,1790279160000,True
2026-09-24,1790279100000,1790279370499,1790279476341,UP,UP,False,0.87,0.87,34,30.0,False,-29.8492,1790280060000,True
2026-09-24,1790280900000,1790281255541,1790281454004,DOWN,DOWN,False,0.85,0.85,35,30.0,True,4.9376,1790281860000,True
2026-09-24,1790281800000,1790282228784,1790282368736,UP,UP,False,0.92,0.92,32,30.0,True,2.3951,1790282760000,True
2026-09-24,1790282700000,1790282990791,1790283348691,UP,DOWN,True,0.939,0.939,26,25.0,True,1.4817,1790283660000,True
2026-09-24,1790284500000,1790284745667,1790284851974,UP,UP,False,0.88,0.88,28,25.0,True,3.153,1790285460000,True
2026-09-24,1790285400000,1790285639454,1790285804425,UP,UP,False,0.85,0.85,29,25.0,True,4.0911,1790286360000,True
2026-09-24,1790286300000,1790286552872,1790286856777,DOWN,DOWN,False,0.85,0.85,29,25.0,True,4.0911,1790287260000,True
2026-09-24,1790288100000,1790288346361,1790288346361,DOWN,DOWN,False,0.87,0.87,28,25.0,True,3.4183,1790289060000,True
2026-09-24,1790289000000,1790289243340,1790289632014,UP,DOWN,True,0.86,0.86,29,25.0,True,3.8155,1790289960000,True
2026-09-24,1790289900000,1790290140290,1790290165707,UP,UP,False,0.85,0.85,29,25.0,True,4.0911,1790290860000,True
2026-09-24,1790290800000,1790291049335,1790291191930,UP,UP,False,0.86,0.86,29,25.0,True,3.8155,1790291760000,True
2026-09-24,1790291700000,1790291940238,1790292115303,UP,UP,False,0.88,0.88,28,25.0,True,3.153,1790292660000,True
2026-09-24,1790294400000,1790294644384,1790294679678,UP,UP,False,0.87,0.87,28,25.0,True,3.4183,1790295360000,True
2026-09-24,1790295300000,1790295546338,1790296067158,DOWN,DOWN,False,0.87,0.87,28,25.0,False,-24.5817,1790296260000,True
2026-09-24,1790296200000,1790296442325,1790296587856,DOWN,DOWN,False,0.87,0.87,34,30.0,True,4.1508,1790297160000,True
2026-09-24,1790298000000,1790298246580,1790298433537,UP,UP,False,0.89,0.89,33,30.0,True,3.4038,1790298960000,True
2026-09-24,1790298900000,1790299195867,1790299392170,DOWN,DOWN,False,0.89,0.89,28,25.0,True,2.8881,1790299860000,True
2026-09-24,1790299800000,1790300043680,1790300113942,DOWN,DOWN,False,0.88,0.88,28,25.0,True,3.153,1790300760000,True
2026-09-24,1790300700000,1790300942082,1790301139542,UP,UP,False,0.9,0.9,27,25.0,True,2.5299,1790301660000,True
2026-09-24,1790301600000,1790301848425,1790301848425,UP,UP,False,0.89,0.89,28,25.0,True,2.8881,1790302560000,True
2026-09-24,1790302500000,1790302992366,1790303119907,DOWN,DOWN,False,0.88,0.88,28,25.0,True,3.153,1790303460000,True
2026-09-24,1790303400000,1790303709849,1790303813437,DOWN,DOWN,False,0.87,0.87,28,25.0,True,3.4183,1790304360000,True
2026-09-24,1790304300000,1790304542558,1790304542558,DOWN,DOWN,False,0.9,0.9,27,25.0,True,2.5299,1790305260000,True
2026-09-24,1790305200000,1790305499980,1790305719201,UP,UP,False,0.89,0.89,28,25.0,True,2.8881,1790306160000,True
2026-09-24,1790307000000,1790307245886,1790307476286,UP,UP,False,0.92,0.92,27,25.0,True,2.0208,1790307960000,True
2026-09-25,1790308800000,1790309040781,1790309493983,DOWN,DOWN,False,0.89,0.89,28,25.0,True,2.8881,1790309760000,True
2026-09-25,1790310600000,1790310879148,1790310997906,UP,UP,False,0.87,0.87,28,25.0,True,3.4183,1790311560000,True
2026-09-25,1790311500000,1790311741370,1790311822843,DOWN,DOWN,False,0.87,0.87,28,25.0,True,3.4183,1790312460000,True
2026-09-25,1790313300000,1790313737686,1790313808281,DOWN,DOWN,False,0.89,0.89,28,25.0,True,2.8881,1790314260000,True
2026-09-25,1790314200000,1790314590928,1790314685079,UP,UP,False,0.86,0.86,29,25.0,True,3.8155,1790315160000,True
2026-09-25,1790315100000,1790315597995,1790315831607,DOWN,DOWN,False,0.95,0.95,26,25.0,True,1.2135,1790316060000,True
2026-09-25,1790316000000,1790316355488,1790316613486,UP,DOWN,True,0.89,0.89,28,25.0,True,2.8881,1790316960000,True
2026-09-25,1790316900000,1790317148359,1790317172415,UP,UP,False,0.85,0.85,29,25.0,True,4.0911,1790317860000,True
2026-09-26,1790395200000,1790395439885,1790395558959,UP,UP,False,0.85,0.85,29,25.0,True,4.0911,1790396160000,True
2026-09-26,1790396100000,1790396345307,1790396382411,UP,UP,False,0.85,0.85,29,25.0,False,-24.9089,1790397060000,True
2026-09-26,1790397000000,1790397404839,1790397698360,UP,UP,False,0.914,0.914,32,30.0,True,2.5759,1790397960000,True
2026-09-26,1790398800000,1790399229218,1790399324282,UP,UP,False,0.86,0.86,34,30.0,False,-29.5266,1790399760000,True
2026-09-26,1790399700000,1790399943220,1790400472497,DOWN,DOWN,False,0.87,0.87,34,30.0,True,4.1508,1790400660000,True
2026-09-26,1790400600000,1790400847575,1790401187897,DOWN,UP,True,0.85,0.85,35,30.0,True,4.9376,1790401560000,True
2026-09-26,1790401500000,1790401746919,1790402072128,UP,DOWN,True,0.88,0.88,28,25.0,True,3.153,1790402460000,True
2026-09-26,1790404200000,1790404448659,1790404955311,UP,DOWN,True,0.89,0.89,28,25.0,True,2.8881,1790405160000,True
2026-09-26,1790406000000,1790406247130,1790406307634,UP,UP,False,0.86,0.86,29,25.0,True,3.8155,1790406960000,True
2026-09-26,1790407800000,1790408328040,1790408387634,UP,UP,False,0.87,0.87,28,25.0,True,3.4183,1790408760000,True
2026-09-26,1790408700000,1790408942330,1790409085099,UP,UP,False,0.86,0.86,29,25.0,True,3.8155,1790409660000,True
2026-09-26,1790409600000,1790409846834,1790409963719,DOWN,DOWN,False,0.86,0.86,29,25.0,True,3.8155,1790410560000,True
2026-09-26,1790410500000,1790410896940,1790411089573,DOWN,DOWN,False,0.86,0.86,29,25.0,False,-25.1845,1790411460000,True
2026-09-26,1790411400000,1790411648376,1790411648376,UP,UP,False,0.946,0.946,31,30.0,True,1.5631,1790412360000,True
2026-09-26,1790412300000,1790412547519,1790412597784,DOWN,DOWN,False,0.85,0.85,35,30.0,True,4.9376,1790413260000,True
2026-09-26,1790413200000,1790413730954,1790413804896,DOWN,DOWN,False,0.915,0.915,27,25.0,True,2.148,1790414160000,True
2026-09-26,1790416800000,1790417046282,1790417082652,UP,UP,False,0.9,0.9,27,25.0,True,2.5299,1790417760000,True
2026-09-26,1790417700000,1790417949453,1790418066921,UP,UP,False,0.86,0.86,29,25.0,True,3.8155,1790418660000,True
2026-09-26,1790418600000,1790418882669,1790419350307,DOWN,UP,True,0.9,0.9,27,25.0,True,2.5299,1790419560000,True
2026-09-26,1790419500000,1790419880535,1790420212549,UP,UP,False,0.87,0.87,28,25.0,True,3.4183,1790420460000,True
2026-09-26,1790420400000,1790420741237,1790421166816,DOWN,DOWN,False,0.908,0.908,27,25.0,False,-24.6739,1790421360000,True
2026-09-26,1790421300000,1790421548881,1790422073405,UP,DOWN,True,0.87,0.87,34,30.0,True,4.1508,1790422260000,True
2026-09-26,1790422200000,1790422561048,1790422722637,UP,UP,False,0.9,0.9,33,30.0,True,3.0921,1790423160000,True
2026-09-26,1790424000000,1790424243868,1790424243868,DOWN,DOWN,False,0.86,0.86,29,25.0,True,3.8155,1790424960000,True
2026-09-26,1790424900000,1790425142806,1790425634514,UP,DOWN,True,0.921,0.921,27,25.0,True,1.9954,1790425860000,True
2026-09-26,1790425800000,1790426051334,1790426512471,UP,DOWN,True,0.907,0.907,27,25.0,True,2.3515,1790426760000,True
2026-09-26,1790427600000,1790427939647,1790428010807,UP,UP,False,0.86,0.86,29,25.0,False,-25.1845,1790428560000,True
2026-09-26,1790428500000,1790428986192,1790429115061,DOWN,DOWN,False,0.87,0.87,34,30.0,True,4.1508,1790429460000,True
2026-09-26,1790429400000,1790429936889,1790430162293,UP,UP,False,0.88,0.88,34,30.0,True,3.8286,1790430360000,True
2026-09-26,1790430300000,1790430550083,1790430899194,UP,UP,False,0.87,0.87,28,25.0,True,3.4183,1790431260000,True
2026-09-26,1790432100000,1790432490004,1790432722991,UP,UP,False,0.86,0.86,29,25.0,True,3.8155,1790433060000,True
2026-09-26,1790433000000,1790433244936,1790433436598,UP,UP,False,0.87,0.87,28,25.0,True,3.4183,1790433960000,True
2026-09-26,1790433900000,1790434219805,1790434452678,UP,UP,False,0.89,0.89,28,25.0,True,2.8881,1790434860000,True
2026-09-26,1790435700000,1790436041448,1790436301958,UP,UP,False,0.86,0.86,29,25.0,True,3.8155,1790436660000,True
2026-09-26,1790436600000,1790436848760,1790436848760,UP,UP,False,0.86,0.86,29,25.0,True,3.8155,1790437560000,True
2026-09-26,1790437500000,1790437749067,1790438124818,DOWN,UP,True,0.87,0.87,28,25.0,True,3.4183,1790438460000,True
2026-09-26,1790438400000,1790438869465,1790439065910,DOWN,DOWN,False,0.86,0.86,29,25.0,True,3.8155,1790439360000,True
2026-09-26,1790439300000,1790439668865,1790439936349,DOWN,DOWN,False,0.86,0.86,29,25.0,True,3.8155,1790440260000,True
2026-09-26,1790440200000,1790440442114,1790440677257,UP,UP,False,0.86,0.86,29,25.0,True,3.8155,1790441160000,True
2026-09-26,1790441100000,1790441347146,1790441647524,DOWN,DOWN,False,0.85,0.85,29,25.0,True,4.0911,1790442060000,True
2026-09-26,1790442000000,1790442240541,1790442470695,DOWN,DOWN,False,0.85,0.85,29,25.0,True,4.0911,1790442960000,True
2026-09-26,1790442900000,1790443152988,1790443637140,DOWN,DOWN,False,0.86,0.86,29,25.0,True,3.8155,1790443860000,True
2026-09-26,1790443800000,1790444101901,1790444464180,DOWN,UP,True,0.87,0.87,28,25.0,True,3.4183,1790444760000,True
2026-09-26,1790444700000,1790444941923,1790445406744,UP,UP,False,0.946,0.946,26,25.0,True,1.311,1790445660000,True
2026-09-26,1790445600000,1790445840264,1790446203943,UP,DOWN,True,0.86,0.86,29,25.0,True,3.8155,1790446560000,True
2026-09-26,1790446500000,1790446744706,1790447130878,DOWN,DOWN,False,0.88,0.88,28,25.0,True,3.153,1790447460000,True
2026-09-26,1790447400000,1790447804606,1790448062442,DOWN,DOWN,False,0.916,0.916,27,25.0,True,2.1225,1790448360000,True
2026-09-26,1790448300000,1790448543819,1790448933382,DOWN,DOWN,False,0.88,0.88,28,25.0,True,3.153,1790449260000,True
2026-09-26,1790449200000,1790449439905,1790449919179,UP,UP,False,0.86,0.86,29,25.0,True,3.8155,1790450160000,True
2026-09-26,1790450100000,1790450637093,1790450872886,UP,UP,False,0.87,0.87,28,25.0,True,3.4183,1790451060000,True
2026-09-27,1790481600000,1790481849074,1790482088025,DOWN,UP,True,0.87,0.87,28,25.0,True,3.4183,1790482560000,True
2026-09-27,1790482500000,1790482740508,1790483044896,DOWN,DOWN,False,0.88,0.88,28,25.0,True,3.153,1790483460000,True
2026-09-27,1790483400000,1790483642944,1790483642944,DOWN,DOWN,False,0.905,0.905,27,25.0,True,2.4025,1790484360000,True
2026-09-27,1790484300000,1790484545653,1790484925714,UP,UP,False,0.88,0.88,28,25.0,True,3.153,1790485260000,True
2026-09-27,1790485200000,1790485439854,1790485594862,UP,UP,False,0.938,0.938,26,25.0,True,1.5061,1790486160000,True
2026-09-27,1790486100000,1790486346115,1790486766788,UP,UP,False,0.88,0.88,28,25.0,True,3.153,1790487060000,True
2026-09-27,1790487000000,1790487243352,1790487243352,UP,UP,False,0.87,0.87,28,25.0,True,3.4183,1790487960000,True
2026-09-27,1790487900000,1790488263566,1790488355012,DOWN,DOWN,False,0.86,0.86,29,25.0,True,3.8155,1790488860000,True
2026-09-28,1790568000000,1790568249022,1790568774667,DOWN,UP,True,0.937,0.937,26,25.0,True,1.5305,1790568960000,True
2026-09-28,1790568900000,1790569139162,1790569425302,UP,UP,False,0.85,0.85,29,25.0,True,4.0911,1790569860000,True
2026-09-28,1790571600000,1790571842647,1790571842647,DOWN,DOWN,False,0.85,0.85,29,25.0,True,4.0911,1790572560000,True
2026-09-28,1790572500000,1790572747688,1790573008013,DOWN,DOWN,False,0.95,0.95,26,25.0,True,1.2135,1790573460000,True
2026-09-28,1790573400000,1790573643344,1790573715020,DOWN,DOWN,False,0.87,0.87,28,25.0,False,-24.5817,1790574360000,True
2026-09-28,1790574300000,1790574700892,1790575033184,DOWN,UP,True,0.88,0.88,34,30.0,True,3.8286,1790575260000,True
2026-09-28,1790575200000,1790575501370,1790575889314,DOWN,UP,True,0.968,0.968,30,30.0,True,0.8949,1790576160000,True
2026-09-28,1790576100000,1790576339376,1790576505927,DOWN,DOWN,False,0.86,0.86,29,25.0,True,3.8155,1790577060000,True
2026-09-28,1790577000000,1790577249698,1790577636372,UP,UP,False,0.911,0.911,27,25.0,True,2.2497,1790577960000,True
2026-09-28,1790577900000,1790578144033,1790578335389,DOWN,DOWN,False,0.87,0.87,28,25.0,True,3.4183,1790578860000,True
2026-09-28,1790578800000,1790579039097,1790579551499,UP,DOWN,True,0.89,0.89,28,25.0,True,2.8881,1790579760000,True
2026-09-28,1790579700000,1790579942261,1790580287411,UP,DOWN,True,0.87,0.87,28,25.0,True,3.4183,1790580660000,True
2026-09-28,1790580600000,1790580912020,1790580983834,UP,UP,False,0.86,0.86,29,25.0,False,-25.1845,1790581560000,True
2026-09-28,1790581500000,1790581748534,1790581891070,UP,UP,False,0.87,0.87,34,30.0,True,4.1508,1790582460000,True
2026-09-28,1790583300000,1790583546119,1790583726024,DOWN,DOWN,False,0.85,0.85,35,30.0,True,4.9376,1790584260000,True
2026-09-28,1790584200000,1790584447257,1790584508879,UP,UP,False,0.86,0.86,29,25.0,True,3.8155,1790585160000,True
2026-09-28,1790585100000,1790585349958,1790585622492,UP,UP,False,0.87,0.87,28,25.0,True,3.4183,1790586060000,True
2026-09-28,1790586000000,1790586245473,1790586245473,DOWN,DOWN,False,0.91,0.91,27,25.0,True,2.2752,1790586960000,True
2026-09-28,1790586900000,1790587165085,1790587606419,UP,DOWN,True,0.85,0.85,29,25.0,True,4.0911,1790587860000,True
2026-09-28,1790587800000,1790588068325,1790588208255,DOWN,DOWN,False,0.908,0.908,27,25.0,True,2.3261,1790588760000,True
2026-09-28,1790588700000,1790588942558,1790588966195,UP,UP,False,0.85,0.85,29,25.0,True,4.0911,1790589660000,True
2026-09-28,1790589600000,1790589849715,1790589849715,UP,UP,False,0.92,0.92,27,25.0,True,2.0208,1790590560000,True
2026-09-28,1790590500000,1790590744928,1790591063481,UP,UP,False,0.9,0.9,27,25.0,True,2.5299,1790591460000,True
2026-09-28,1790591400000,1790591641162,1790591759597,UP,UP,False,0.86,0.86,29,25.0,True,3.8155,1790592360000,True
2026-09-28,1790592300000,1790592546357,1790593058100,DOWN,UP,True,0.9,0.9,27,25.0,True,2.5299,1790593260000,True
2026-09-29,1790654400000,1790654935880,1790655076651,DOWN,UP,True,0.87,0.87,28,25.0,True,3.4183,1790655360000,True
2026-09-29,1790655300000,1790655558860,1790655721985,UP,UP,False,0.9,0.9,27,25.0,True,2.5299,1790656260000,True
2026-09-29,1790656200000,1790656449837,1790656519908,DOWN,DOWN,False,0.9,0.9,27,25.0,True,2.5299,1790657160000,True
2026-09-29,1790657100000,1790657342917,1790657437463,DOWN,DOWN,False,0.85,0.85,29,25.0,False,-24.9089,1790658060000,True
2026-09-29,1790658000000,1790658242833,1790658753129,UP,UP,False,0.922,0.922,32,30.0,True,2.3349,1790658960000,True
2026-09-29,1790658900000,1790659143609,1790659471787,UP,UP,False,0.87,0.87,34,30.0,True,4.1508,1790659860000,True
2026-09-29,1790659800000,1790660043484,1790660043484,DOWN,DOWN,False,0.92,0.92,27,25.0,True,2.0208,1790660760000,True
2026-09-29,1790660700000,1790661022772,1790661247365,UP,UP,False,0.85,0.85,29,25.0,True,4.0911,1790661660000,True
2026-09-29,1790661600000,1790661850783,1790661874057,UP,UP,False,0.85,0.85,29,25.0,True,4.0911,1790662560000,True
2026-09-29,1790663400000,1790663641469,1790664178471,UP,UP,False,0.87,0.87,28,25.0,True,3.4183,1790664360000,True
2026-09-29,1790664300000,1790664678922,1790664713355,UP,UP,False,0.86,0.86,29,25.0,True,3.8155,1790665260000,True
2026-09-29,1790667000000,1790667286120,1790667487999,UP,UP,False,0.87,0.87,28,25.0,True,3.4183,1790667960000,True
2026-09-29,1790667900000,1790668315797,1790668671028,UP,DOWN,True,0.87,0.87,28,25.0,True,3.4183,1790668860000,True
2026-09-29,1790668800000,1790669043610,1790669432345,UP,UP,False,0.9,0.9,27,25.0,True,2.5299,1790669760000,True
2026-09-29,1790669700000,1790669966727,1790670074739,UP,UP,False,0.87,0.87,28,25.0,True,3.4183,1790670660000,True
2026-09-29,1790670600000,1790670847443,1790670847443,DOWN,DOWN,False,0.902,0.902,27,25.0,True,2.4789,1790671560000,True
2026-09-30,1790740800000,1790741040345,1790741051825,UP,UP,False,0.87,0.87,28,25.0,True,3.4183,1790741760000,True
2026-09-30,1790741700000,1790741939742,1790742410035,UP,UP,False,0.89,0.89,28,25.0,False,-25.1119,1790742660000,True
2026-09-30,1790742600000,1790742839115,1790743373225,DOWN,DOWN,False,0.87,0.87,34,30.0,True,4.1508,1790743560000,True
2026-09-30,1790743500000,1790743794742,1790743935065,DOWN,DOWN,False,0.89,0.89,33,30.0,True,3.4038,1790744460000,True
2026-09-30,1790744400000,1790744648823,1790744753429,UP,UP,False,0.85,0.85,29,25.0,True,4.0911,1790745360000,True
2026-09-30,1790745300000,1790745573820,1790745839340,UP,UP,False,0.89,0.89,28,25.0,True,2.8881,1790746260000,True
2026-09-30,1790746200000,1790746458225,1790746616022,UP,UP,False,0.85,0.85,29,25.0,True,4.0911,1790747160000,True
2026-09-30,1790747100000,1790747345230,1790747519973,DOWN,DOWN,False,0.87,0.87,28,25.0,True,3.4183,1790748060000,True
2026-09-30,1790748000000,1790748455521,1790748490221,DOWN,DOWN,False,0.85,0.85,29,25.0,True,4.0911,1790748960000,True
2026-09-30,1790748900000,1790749371920,1790749502058,DOWN,DOWN,False,0.86,0.86,29,25.0,True,3.8155,1790749860000,True
2026-09-30,1790749800000,1790750041554,1790750381503,DOWN,DOWN,False,0.9,0.9,27,25.0,True,2.5299,1790750760000,True
2026-09-30,1790750700000,1790750945136,1790751038651,DOWN,DOWN,False,0.85,0.85,29,25.0,True,4.0911,1790751660000,True
2026-09-30,1790751600000,1790751892353,1790752288875,DOWN,DOWN,False,0.87,0.87,28,25.0,True,3.4183,1790752560000,True
2026-09-30,1790752500000,1790752744305,1790752744305,UP,UP,False,0.909,0.909,27,25.0,True,2.3006,1790753460000,True
2026-09-30,1790753400000,1790753642164,1790753791232,UP,UP,False,0.926,0.926,26,25.0,True,1.7992,1790754360000,True
2026-10-01,1790827200000,1790827602368,1790827800625,UP,UP,False,0.87,0.87,28,25.0,True,3.4183,1790828160000,True
2026-10-01,1790828100000,1790828344367,1790828390651,DOWN,DOWN,False,0.9,0.9,27,25.0,True,2.5299,1790829060000,True
2026-10-01,1790829000000,1790829242308,1790829589292,DOWN,UP,True,0.85,0.85,29,25.0,True,4.0911,1790829960000,True
2026-10-01,1790829900000,1790830147942,1790830147942,UP,UP,False,0.89,0.89,28,25.0,True,2.8881,1790830860000,True
2026-10-01,1790830800000,1790831074081,1790831200498,UP,UP,False,0.9,0.9,27,25.0,True,2.5299,1790831760000,True
2026-10-01,1790845200000,1790845499737,1790845660594,UP,UP,False,0.86,0.86,29,25.0,True,3.8155,1790846160000,True
2026-10-01,1790846100000,1790846347378,1790846521534,UP,UP,False,0.85,0.85,29,25.0,True,4.0911,1790847060000,True
2026-10-02,1790913600000,1790913848296,1790914349853,UP,DOWN,True,0.85,0.85,29,25.0,True,4.0911,1790914560000,True
2026-10-02,1790914500000,1790914739325,1790914750227,UP,UP,False,0.85,0.85,29,25.0,True,4.0911,1790915460000,True
2026-10-02,1790915400000,1790915639977,1790915708295,DOWN,DOWN,False,0.902,0.902,27,25.0,True,2.4789,1790916360000,True
2026-10-02,1790916300000,1790916548834,1790916663008,UP,UP,False,0.85,0.85,29,25.0,True,4.0911,1790917260000,True
2026-10-02,1790917200000,1790917479834,1790917881726,DOWN,DOWN,False,0.908,0.908,27,25.0,True,2.3261,1790918160000,True
2026-10-02,1790918100000,1790918341060,1790918477416,DOWN,DOWN,False,0.85,0.85,29,25.0,True,4.0911,1790919060000,True
2026-10-02,1790919000000,1790919313888,1790919411333,DOWN,DOWN,False,0.9,0.9,27,25.0,True,2.5299,1790919960000,True
2026-10-03,1791000000000,1791000243487,1791000642837,UP,DOWN,True,0.87,0.87,28,25.0,True,3.4183,1791000960000,True
2026-10-03,1791000900000,1791001140346,1791001163085,DOWN,DOWN,False,0.87,0.87,28,25.0,True,3.4183,1791001860000,True
2026-10-03,1791001800000,1791002043914,1791002379334,UP,UP,False,0.88,0.88,28,25.0,True,3.153,1791002760000,True
2026-10-03,1791002700000,1791002945732,1791002945732,UP,UP,False,0.85,0.85,29,25.0,True,4.0911,1791003660000,True
2026-10-03,1791003600000,1791003839727,1791004293389,DOWN,DOWN,False,0.85,0.85,29,25.0,True,4.0911,1791004560000,True
2026-10-03,1791004500000,1791004748459,1791004955101,UP,UP,False,0.932,0.932,26,25.0,True,1.6526,1791005460000,True
2026-10-03,1791005400000,1791005642854,1791006158494,UP,UP,False,0.88,0.88,28,25.0,True,3.153,1791006360000,True
2026-10-04,1791086400000,1791086645806,1791087131026,UP,DOWN,True,0.912,0.912,27,25.0,True,2.2243,1791087360000,True
2026-10-04,1791087300000,1791087790579,1791088021684,UP,UP,False,0.86,0.86,29,25.0,True,3.8155,1791088260000,True
2026-10-04,1791090000000,1791090248500,1791090511126,UP,UP,False,0.88,0.88,28,25.0,True,3.153,1791090960000,True
2026-10-04,1791090900000,1791091175285,1791091175285,UP,UP,False,0.89,0.89,28,25.0,True,2.8881,1791091860000,True
2026-10-04,1791091800000,1791092088914,1791092155884,UP,UP,False,0.87,0.87,28,25.0,True,3.4183,1791092760000,True
2026-10-04,1791094500000,1791094739259,1791094848160,UP,UP,False,0.85,0.85,29,25.0,False,-24.9089,1791095460000,True
2026-10-04,1791095400000,1791095649930,1791095649930,UP,UP,False,0.89,0.89,33,30.0,True,3.4038,1791096360000,True
2026-10-04,1791096300000,1791096540938,1791096690241,UP,UP,False,0.9,0.9,33,30.0,True,3.0921,1791097260000,True
2026-10-04,1791097200000,1791097643076,1791097852941,DOWN,DOWN,False,0.89,0.89,28,25.0,True,2.8881,1791098160000,True
2026-10-04,1791098100000,1791098349142,1791098349142,DOWN,DOWN,False,0.902,0.902,27,25.0,True,2.4789,1791099060000,True
2026-10-04,1791099000000,1791099247575,1791099247575,DOWN,DOWN,False,0.85,0.85,29,25.0,True,4.0911,1791099960000,True
2026-10-04,1791099900000,1791100148987,1791100148987,UP,UP,False,0.87,0.87,28,25.0,True,3.4183,1791100860000,True
2026-10-04,1791100800000,1791101074215,1791101200953,UP,UP,False,0.85,0.85,29,25.0,True,4.0911,1791101760000,True
2026-10-04,1791101700000,1791102009622,1791102411633,DOWN,UP,True,0.87,0.87,28,25.0,True,3.4183,1791102660000,True
2026-10-04,1791102600000,1791102841507,1791102841507,DOWN,DOWN,False,0.913,0.913,27,25.0,True,2.1988,1791103560000,True
2026-10-04,1791103500000,1791103747195,1791103826489,UP,UP,False,0.85,0.85,29,25.0,True,4.0911,1791104460000,True
2026-10-05,1791172800000,1791173199069,1791173465277,UP,DOWN,True,0.91,0.91,27,25.0,True,2.2752,1791173760000,True
2026-10-05,1791173700000,1791173943829,1791173954890,DOWN,DOWN,False,0.85,0.85,29,25.0,True,4.0911,1791174660000,True
2026-10-05,1791174600000,1791174847883,1791174859452,DOWN,DOWN,False,0.85,0.85,29,25.0,True,4.0911,1791175560000,True
2026-10-05,1791175500000,1791175750669,1791176147948,UP,DOWN,True,0.89,0.89,28,25.0,True,2.8881,1791176460000,True
2026-10-05,1791177300000,1791177548377,1791177858712,DOWN,DOWN,False,0.89,0.89,28,25.0,False,-25.1119,1791178260000,True
2026-10-05,1791178200000,1791178442954,1791178576513,UP,UP,False,0.86,0.86,34,30.0,True,4.4734,1791179160000,True
2026-10-05,1791180000000,1791180240772,1791180240772,UP,UP,False,0.9,0.9,33,30.0,True,3.0921,1791180960000,True
2026-10-05,1791180900000,1791181149248,1791181171378,UP,UP,False,0.9,0.9,27,25.0,False,-24.4701,1791181860000,True
2026-10-05,1791181800000,1791182053817,1791182440838,DOWN,DOWN,False,0.87,0.87,34,30.0,True,4.1508,1791182760000,True
2026-10-05,1791182700000,1791182942153,1791182942153,UP,UP,False,0.951,0.951,31,30.0,True,1.4178,1791183660000,True
2026-10-05,1791183600000,1791184115658,1791184173946,UP,UP,False,0.928,0.928,26,25.0,True,1.7503,1791184560000,True
2026-10-05,1791184500000,1791184748790,1791185060195,UP,DOWN,True,0.89,0.89,28,25.0,True,2.8881,1791185460000,True
2026-10-05,1791186300000,1791186546902,1791186683751,DOWN,DOWN,False,0.902,0.902,27,25.0,True,2.4789,1791187260000,True
2026-10-05,1791187200000,1791187441194,1791187452039,UP,UP,False,0.87,0.87,28,25.0,True,3.4183,1791188160000,True
2026-10-05,1791188100000,1791188349286,1791188713124,DOWN,DOWN,False,0.88,0.88,28,25.0,False,-24.847,1791189060000,True
2026-10-05,1791189000000,1791189280712,1791189408848,DOWN,DOWN,False,0.86,0.86,34,30.0,True,4.4734,1791189960000,True
2026-10-05,1791189900000,1791190141359,1791190141359,DOWN,DOWN,False,0.91,0.91,32,30.0,True,2.6965,1791190860000,True
2026-10-05,1791190800000,1791191043616,1791191174915,DOWN,DOWN,False,0.86,0.86,29,25.0,True,3.8155,1791191760000,True
2026-10-05,1791191700000,1791191946120,1791191946120,DOWN,DOWN,False,0.89,0.89,28,25.0,True,2.8881,1791192660000,True
2026-10-05,1791192600000,1791193110328,1791193134262,UP,UP,False,0.89,0.89,28,25.0,True,2.8881,1791193560000,True
2026-10-05,1791194400000,1791194648134,1791194834382,UP,UP,False,0.93,0.93,26,25.0,True,1.7015,1791195360000,True
2026-10-05,1791195300000,1791195549046,1791195875102,UP,UP,False,0.902,0.902,27,25.0,True,2.4789,1791196260000,True
2026-10-05,1791196200000,1791196448606,1791196448606,DOWN,DOWN,False,0.86,0.86,29,25.0,True,3.8155,1791197160000,True
2026-10-05,1791197100000,1791197343594,1791197343594,UP,UP,False,0.87,0.87,28,25.0,True,3.4183,1791198060000,True
2026-10-05,1791198000000,1791198245410,1791198245410,DOWN,DOWN,False,0.86,0.86,29,25.0,True,3.8155,1791198960000,True
2026-10-05,1791198900000,1791199143571,1791199234461,UP,UP,False,0.85,0.85,29,25.0,True,4.0911,1791199860000,True
2026-10-05,1791199800000,1791200044184,1791200133816,DOWN,DOWN,False,0.85,0.85,29,25.0,True,4.0911,1791200760000,True
2026-10-05,1791200700000,1791201114689,1791201393422,DOWN,UP,True,0.88,0.88,28,25.0,True,3.153,1791201660000,True
2026-10-05,1791201600000,1791201848130,1791202067578,DOWN,DOWN,False,0.87,0.87,28,25.0,True,3.4183,1791202560000,True
2026-10-05,1791202500000,1791202856004,1791203048073,DOWN,DOWN,False,0.911,0.911,27,25.0,True,2.2497,1791203460000,True
2026-10-05,1791203400000,1791203642338,1791203664502,DOWN,DOWN,False,0.86,0.86,29,25.0,True,3.8155,1791204360000,True
2026-10-05,1791204300000,1791204546558,1791204974844,DOWN,DOWN,False,0.89,0.89,28,25.0,True,2.8881,1791205260000,True
2026-10-05,1791205200000,1791205444623,1791205444623,UP,UP,False,0.932,0.932,26,25.0,True,1.6526,1791206160000,True
2026-10-05,1791206100000,1791206347201,1791206683787,UP,DOWN,True,0.89,0.89,28,25.0,True,2.8881,1791207060000,True
2026-10-06,1791259200000,1791259447168,1791259575787,UP,UP,False,0.87,0.87,28,25.0,True,3.4183,1791260160000,True
2026-10-06,1791261000000,1791261311073,1791261705337,DOWN,UP,True,0.87,0.87,28,25.0,True,3.4183,1791261960000,True
2026-10-06,1791262800000,1791263046709,1791263288504,DOWN,UP,True,0.95,0.95,26,25.0,True,1.2135,1791263760000,True
2026-10-06,1791263700000,1791263943768,1791264118159,DOWN,DOWN,False,0.86,0.86,29,25.0,True,3.8155,1791264660000,True
2026-10-06,1791264600000,1791264901188,1791265226015,DOWN,DOWN,False,0.94,0.94,26,25.0,True,1.4573,1791265560000,True
2026-10-06,1791265500000,1791265740815,1791265915573,DOWN,DOWN,False,0.86,0.86,29,25.0,True,3.8155,1791266460000,True
2026-10-06,1791266400000,1791266647694,1791266647694,DOWN,DOWN,False,0.9,0.9,27,25.0,True,2.5299,1791267360000,True
2026-10-06,1791267300000,1791267544823,1791267563592,UP,UP,False,0.87,0.87,28,25.0,True,3.4183,1791268260000,True
2026-10-07,1791346500000,1791346749880,1791346852690,DOWN,DOWN,False,0.85,0.85,29,25.0,False,-24.9089,1791347460000,True
2026-10-07,1791348300000,1791348548487,1791348652889,UP,UP,False,0.87,0.87,34,30.0,True,4.1508,1791349260000,True
2026-10-07,1791349200000,1791349446395,1791349768237,UP,UP,False,0.922,0.922,32,30.0,True,2.3349,1791350160000,True
2026-10-07,1791350100000,1791350428221,1791350621585,UP,UP,False,0.88,0.88,28,25.0,True,3.153,1791351060000,True
2026-10-07,1791351000000,1791351248426,1791351720146,UP,UP,False,0.911,0.911,27,25.0,True,2.2497,1791351960000,True
2026-10-07,1791351900000,1791352140091,1791352254264,UP,UP,False,0.9,0.9,27,25.0,True,2.5299,1791352860000,True
2026-10-07,1791352800000,1791353179457,1791353551130,DOWN,DOWN,False,0.86,0.86,29,25.0,True,3.8155,1791353760000,True
2026-10-07,1791353700000,1791353949670,1791353949670,DOWN,DOWN,False,0.86,0.86,29,25.0,True,3.8155,1791354660000,True
2026-10-07,1791354600000,1791354851167,1791354946171,UP,UP,False,0.87,0.87,28,25.0,True,3.4183,1791355560000,True
2026-10-07,1791355500000,1791355748305,1791355980543,DOWN,DOWN,False,0.87,0.87,28,25.0,True,3.4183,1791356460000,True
2026-10-07,1791356400000,1791356649031,1791356787699,DOWN,DOWN,False,0.86,0.86,29,25.0,False,-25.1845,1791357360000,True
2026-10-07,1791357300000,1791357544709,1791357589056,DOWN,DOWN,False,0.89,0.89,33,30.0,True,3.4038,1791358260000,True
2026-10-07,1791358200000,1791358444673,1791358606831,UP,UP,False,0.85,0.85,35,30.0,True,4.9376,1791359160000,True
2026-10-07,1791359100000,1791359349318,1791359498821,DOWN,DOWN,False,0.9,0.9,27,25.0,True,2.5299,1791360060000,True
2026-10-07,1791360000000,1791360243316,1791360385607,DOWN,DOWN,False,0.88,0.88,28,25.0,True,3.153,1791360960000,True
2026-10-07,1791361800000,1791362068457,1791362168359,UP,UP,False,0.911,0.911,27,25.0,False,-24.7503,1791362760000,True
2026-10-07,1791363600000,1791363932691,1791364295005,UP,DOWN,True,0.87,0.87,34,30.0,True,4.1508,1791364560000,True
2026-10-07,1791364500000,1791364743442,1791364765972,DOWN,DOWN,False,0.86,0.86,34,30.0,True,4.4734,1791365460000,True
2026-10-07,1791365400000,1791365645622,1791365725994,DOWN,DOWN,False,0.85,0.85,29,25.0,True,4.0911,1791366360000,True
2026-10-07,1791366300000,1791366570565,1791366999371,UP,DOWN,True,0.86,0.86,29,25.0,False,-25.1845,1791367260000,True
2026-10-07,1791368100000,1791368339832,1791368582403,UP,UP,False,0.9,0.9,33,30.0,True,3.0921,1791369060000,True
2026-10-07,1791369000000,1791369241771,1791369263284,DOWN,DOWN,False,0.86,0.86,34,30.0,True,4.4734,1791369960000,True
2026-10-07,1791369900000,1791370144083,1791370247025,UP,UP,False,0.92,0.92,27,25.0,True,2.0208,1791370860000,True
2026-10-07,1791370800000,1791371049401,1791371325908,DOWN,UP,True,0.86,0.86,29,25.0,True,3.8155,1791371760000,True
2026-10-07,1791371700000,1791371949390,1791371949390,DOWN,DOWN,False,0.87,0.87,28,25.0,True,3.4183,1791372660000,True
2026-10-07,1791372600000,1791372895463,1791373104363,DOWN,DOWN,False,0.86,0.86,29,25.0,True,3.8155,1791373560000,True
2026-10-07,1791373500000,1791373817493,1791374216642,DOWN,UP,True,0.85,0.85,29,25.0,True,4.0911,1791374460000,True
2026-10-07,1791374400000,1791374643535,1791374834489,DOWN,DOWN,False,0.86,0.86,29,25.0,True,3.8155,1791375360000,True
2026-10-07,1791375300000,1791375547586,1791375605281,DOWN,DOWN,False,0.85,0.85,29,25.0,True,4.0911,1791376260000,True
2026-10-07,1791376200000,1791376447699,1791376541663,UP,UP,False,0.9,0.9,27,25.0,True,2.5299,1791377160000,True
2026-10-07,1791377100000,1791377344969,1791377691737,DOWN,DOWN,False,0.88,0.88,28,25.0,True,3.153,1791378060000,True
2026-10-07,1791378000000,1791378239290,1791378767042,UP,DOWN,True,0.9,0.9,27,25.0,True,2.5299,1791378960000,True
2026-10-07,1791378900000,1791379146846,1791379565355,UP,DOWN,True,0.87,0.87,28,25.0,True,3.4183,1791379860000,True
2026-10-07,1791379800000,1791380045769,1791380363543,UP,DOWN,True,0.902,0.902,27,25.0,True,2.4789,1791380760000,True
2026-10-07,1791380700000,1791380945131,1791381177619,DOWN,UP,True,0.87,0.87,28,25.0,True,3.4183,1791381660000,True
2026-10-07,1791384300000,1791384834107,1791385043421,DOWN,DOWN,False,0.9,0.9,27,25.0,True,2.5299,1791385260000,True
2026-10-07,1791385200000,1791385471780,1791385656391,DOWN,DOWN,False,0.85,0.85,29,25.0,False,-24.9089,1791386160000,True
2026-10-07,1791386100000,1791386345522,1791386518336,DOWN,DOWN,False,0.917,0.917,32,30.0,True,2.4855,1791387060000,True
2026-10-07,1791387000000,1791387248508,1791387248508,UP,UP,False,0.87,0.87,34,30.0,True,4.1508,1791387960000,True
2026-10-07,1791387900000,1791388267835,1791388431697,UP,UP,False,0.9,0.9,27,25.0,True,2.5299,1791388860000,True
2026-10-07,1791388800000,1791389078777,1791389189421,UP,UP,False,0.89,0.89,28,25.0,True,2.8881,1791389760000,True
2026-10-07,1791389700000,1791389939291,1791390078515,UP,UP,False,0.88,0.88,28,25.0,True,3.153,1791390660000,True
2026-10-07,1791390600000,1791390845475,1791391098172,UP,DOWN,True,0.86,0.86,29,25.0,True,3.8155,1791391560000,True
2026-10-07,1791391500000,1791391744261,1791392203830,DOWN,DOWN,False,0.88,0.88,28,25.0,True,3.153,1791392460000,True
2026-10-07,1791392400000,1791392642756,1791392664733,UP,UP,False,0.86,0.86,29,25.0,True,3.8155,1791393360000,True
2026-10-07,1791393300000,1791393684276,1791393844856,DOWN,DOWN,False,0.925,0.925,27,25.0,True,1.8938,1791394260000,True
2026-10-07,1791394200000,1791394735607,1791394917895,DOWN,DOWN,False,0.87,0.87,28,25.0,True,3.4183,1791395160000,True
2026-10-07,1791395100000,1791395378571,1791395575663,UP,UP,False,0.87,0.87,28,25.0,True,3.4183,1791396060000,True
2026-10-07,1791396000000,1791396239061,1791396239061,UP,UP,False,0.87,0.87,28,25.0,True,3.4183,1791396960000,True
2026-10-08,1791432900000,1791433209453,1791433244078,DOWN,DOWN,False,0.902,0.902,27,25.0,False,-24.5211,1791433860000,True
2026-10-08,1791433800000,1791434042520,1791434250533,DOWN,DOWN,False,0.9,0.9,33,30.0,True,3.0921,1791434760000,True
2026-10-08,1791434700000,1791435007358,1791435135230,UP,UP,False,0.88,0.88,34,30.0,True,3.8286,1791435660000,True
2026-10-08,1791435600000,1791435967765,1791436364329,DOWN,UP,True,0.924,0.924,27,25.0,True,1.9192,1791436560000,True
2026-10-08,1791436500000,1791436748594,1791436859854,UP,UP,False,0.86,0.86,29,25.0,True,3.8155,1791437460000,True
2026-10-08,1791437400000,1791437643581,1791437955191,UP,UP,False,0.88,0.88,28,25.0,False,-24.847,1791438360000,True
2026-10-08,1791438300000,1791438650356,1791438753644,DOWN,DOWN,False,0.89,0.89,33,30.0,True,3.4038,1791439260000,True
2026-10-08,1791439200000,1791439444043,1791439535681,UP,UP,False,0.89,0.89,33,30.0,True,3.4038,1791440160000,True
2026-10-08,1791440100000,1791440374147,1791440444161,DOWN,DOWN,False,0.85,0.85,29,25.0,True,4.0911,1791441060000,True
2026-10-08,1791441000000,1791441248730,1791441681254,DOWN,UP,True,0.86,0.86,29,25.0,True,3.8155,1791441960000,True
2026-10-08,1791441900000,1791442143630,1791442213398,UP,UP,False,0.85,0.85,29,25.0,True,4.0911,1791442860000,True
2026-10-08,1791450000000,1791450242862,1791450242862,UP,UP,False,0.88,0.88,28,25.0,True,3.153,1791450960000,True
2026-10-08,1791450900000,1791451147943,1791451147943,DOWN,DOWN,False,0.85,0.85,29,25.0,True,4.0911,1791451860000,True
2026-10-08,1791451800000,1791452046312,1791452046312,UP,UP,False,0.86,0.86,29,25.0,True,3.8155,1791452760000,True
2026-10-08,1791453600000,1791453839552,1791454161365,UP,DOWN,True,0.85,0.85,29,25.0,True,4.0911,1791454560000,True
2026-10-08,1791454500000,1791454746057,1791454793369,DOWN,DOWN,False,0.88,0.88,28,25.0,True,3.153,1791455460000,True
2026-10-08,1791455400000,1791455648166,1791455996821,DOWN,DOWN,False,0.88,0.88,28,25.0,True,3.153,1791456360000,True
2026-10-08,1791457200000,1791457440440,1791457451654,DOWN,DOWN,False,0.85,0.85,29,25.0,True,4.0911,1791458160000,True
2026-10-08,1791459000000,1791459266024,1791459301372,DOWN,DOWN,False,0.88,0.88,28,25.0,False,-24.847,1791459960000,True
2026-10-08,1791459900000,1791460146831,1791460553205,DOWN,DOWN,False,0.931,0.931,32,30.0,True,2.0641,1791460860000,True
2026-10-08,1791460800000,1791461046983,1791461095709,DOWN,DOWN,False,0.87,0.87,34,30.0,True,4.1508,1791461760000,True
2026-10-08,1791462600000,1791462847810,1791463007780,DOWN,DOWN,False,0.87,0.87,28,25.0,True,3.4183,1791463560000,True
2026-10-08,1791463500000,1791463747172,1791463791649,DOWN,DOWN,False,0.87,0.87,28,25.0,True,3.4183,1791464460000,True
2026-10-08,1791464400000,1791464647015,1791464913996,DOWN,UP,True,0.89,0.89,28,25.0,True,2.8881,1791465360000,True
2026-10-08,1791465300000,1791465540668,1791465694168,UP,UP,False,0.86,0.86,29,25.0,False,-25.1845,1791466260000,True
2026-10-08,1791466200000,1791466443828,1791466650632,DOWN,DOWN,False,0.903,0.903,33,30.0,True,2.9986,1791467160000,True
2026-10-08,1791468000000,1791468282527,1791468376784,UP,UP,False,0.9,0.9,33,30.0,True,3.0921,1791468960000,True
2026-10-08,1791469800000,1791470146264,1791470299963,DOWN,DOWN,False,0.88,0.88,28,25.0,True,3.153,1791470760000,True
2026-10-08,1791470700000,1791470939382,1791471070772,UP,UP,False,0.87,0.87,28,25.0,True,3.4183,1791471660000,True
2026-10-08,1791471600000,1791471847503,1791471847503,DOWN,DOWN,False,0.87,0.87,28,25.0,True,3.4183,1791472560000,True
2026-10-08,1791472500000,1791472748684,1791472748684,DOWN,DOWN,False,0.89,0.89,28,25.0,True,2.8881,1791473460000,True
2026-10-08,1791473400000,1791473709388,1791473896701,DOWN,DOWN,False,0.89,0.89,28,25.0,True,2.8881,1791474360000,True
2026-10-08,1791474300000,1791474559858,1791474664544,UP,UP,False,0.9,0.9,27,25.0,False,-24.4701,1791475260000,True
2026-10-08,1791475200000,1791475731087,1791475844931,UP,UP,False,0.92,0.92,32,30.0,True,2.3951,1791476160000,True
2026-10-08,1791476100000,1791476346714,1791476346714,UP,UP,False,0.89,0.89,33,30.0,True,3.4038,1791477060000,True
2026-10-08,1791477900000,1791478143246,1791478208263,DOWN,DOWN,False,0.9,0.9,27,25.0,True,2.5299,1791478860000,True
2026-10-08,1791478800000,1791479047337,1791479230513,DOWN,DOWN,False,0.85,0.85,29,25.0,True,4.0911,1791479760000,True
2026-10-08,1791479700000,1791479952680,1791480114792,DOWN,DOWN,False,0.902,0.902,27,25.0,True,2.4789,1791480660000,True
2026-10-08,1791480600000,1791480844885,1791481183475,UP,UP,False,0.85,0.85,29,25.0,True,4.0911,1791481560000,True
2026-10-08,1791481500000,1791481747139,1791481794213,DOWN,DOWN,False,0.9,0.9,27,25.0,True,2.5299,1791482460000,True
2026-10-08,1791482400000,1791482695964,1791482847431,DOWN,DOWN,False,0.87,0.87,28,25.0,True,3.4183,1791483360000,True
2026-10-08,1791483300000,1791483543748,1791483543748,UP,UP,False,0.89,0.89,28,25.0,True,2.8881,1791484260000,True
2026-10-08,1791484200000,1791484475835,1791484942072,UP,UP,False,0.85,0.85,29,25.0,True,4.0911,1791485160000,True
2026-10-08,1791486000000,1791486245799,1791486316686,UP,UP,False,0.85,0.85,29,25.0,True,4.0911,1791486960000,True
2026-10-08,1791486900000,1791487140700,1791487361080,UP,UP,False,0.89,0.89,28,25.0,True,2.8881,1791487860000,True
2026-10-08,1791487800000,1791488045779,1791488128059,UP,UP,False,0.85,0.85,29,25.0,True,4.0911,1791488760000,True
2026-10-08,1791488700000,1791489176686,1791489304320,UP,UP,False,0.85,0.85,29,25.0,True,4.0911,1791489660000,True
2026-10-08,1791489600000,1791489867304,1791490033476,UP,UP,False,0.87,0.87,28,25.0,True,3.4183,1791490560000,True
