rate,day,net,hit,trades,low
0.02,09-23,27.07,01:45,7,-24.7286
0.02,09-24,21.9432,00:30,2,0.0
0.02,09-25,21.2828,00:30,2,0.0
0.02,09-26,24.9811,13:30,35,-83.2218
0.02,09-27,27.8542,02:15,8,-25.0012
0.02,09-28,26.2623,15:45,61,-126.2044
0.02,09-29,26.3732,03:15,13,-28.78
0.02,09-30,25.207,01:30,6,-20.6474
0.02,10-01,22.7516,05:30,7,-11.776
0.02,10-02,20.1756,01:30,6,-25.1832
0.02,10-03,27.0769,11:30,27,-47.856
0.02,10-04,-28.3965,,78,-109.7022
0.02,10-05,20.8482,13:00,51,-114.0605
0.02,10-06,25.6558,02:30,8,-6.8797
0.02,10-07,28.7302,01:30,6,-18.3913
0.03,09-23,32.9228,02:00,8,-24.7286
0.03,09-24,48.7842,05:15,13,-19.2144
0.03,09-25,30.9283,00:45,3,0.0
0.03,09-26,6.8476,,68,-90.3892
0.03,09-27,30.6358,03:15,12,-25.0012
0.03,09-28,32.4122,16:00,62,-126.2044
0.03,09-29,36.3587,03:30,14,-28.78
0.03,09-30,33.3425,01:45,7,-20.6474
0.03,10-01,41.0445,06:00,9,-11.776
0.03,10-02,32.8704,01:45,7,-25.1832
0.03,10-03,35.186,13:15,32,-47.856
0.03,10-04,-28.3965,,78,-109.7022
0.03,10-05,36.8903,13:45,54,-114.0605
0.03,10-06,33.7913,02:45,9,-6.8797
0.03,10-07,37.7703,01:45,7,-18.3913
0.04,09-23,43.8944,02:15,9,-24.7286
0.04,09-24,48.7842,05:15,13,-19.2144
0.04,09-25,42.1177,02:00,8,0.0
0.04,09-26,6.8476,,68,-90.3892
0.04,09-27,45.5749,06:45,26,-25.0012
0.04,09-28,46.6468,16:30,64,-126.2044
0.04,09-29,47.996,03:45,15,-28.78
0.04,09-30,39.9981,02:00,8,-20.6474
0.04,10-01,41.0445,06:00,9,-11.776
0.04,10-02,44.5077,02:00,8,-25.1832
0.04,10-03,39.9896,13:30,33,-47.856
0.04,10-04,-28.3965,,78,-109.7022
0.04,10-05,-36.3149,,95,-114.0605
0.04,10-06,44.8985,04:30,15,-6.8797
0.04,10-07,49.7691,02:00,8,-18.3913
0.05,09-23,54.5153,02:30,10,-24.7286
0.05,09-24,58.7697,05:30,14,-19.2144
0.05,09-25,60.6099,03:15,13,0.0
0.05,09-26,6.8476,,68,-90.3892
0.05,09-27,51.4277,07:00,27,-25.0012
0.05,09-28,72.7782,16:45,65,-126.2044
0.05,09-29,57.5145,05:00,20,-28.78
0.05,09-30,58.0697,02:30,10,-20.6474
0.05,10-01,52.8849,07:45,16,-11.776
0.05,10-02,51.4161,04:15,17,-25.1832
0.05,10-03,50.3151,22:00,58,-47.856
0.05,10-04,-28.3965,,78,-109.7022
0.05,10-05,-36.3149,,95,-114.0605
0.05,10-06,50.5324,09:45,36,-17.4429
0.05,10-07,60.39,02:15,9,-18.3913
0.06,09-23,66.1526,02:45,11,-24.7286
0.06,09-24,60.9177,05:45,15,-19.2144
0.06,09-25,60.6099,03:15,13,0.0
0.06,09-26,6.8476,,68,-90.3892
0.06,09-27,60.4678,07:15,28,-25.0012
0.06,09-28,72.7782,16:45,65,-126.2044
0.06,09-29,62.6045,05:15,21,-28.78
0.06,09-30,67.1098,02:45,11,-20.6474
0.06,10-01,65.9436,08:45,20,-11.776
0.06,10-02,63.3716,04:45,19,-25.1832
0.06,10-03,63.7364,22:30,60,-47.856
0.06,10-04,-28.3965,,78,-109.7022
0.06,10-05,-36.3149,,95,-114.0605
0.06,10-06,-231.5772,,86,-245.8985
0.06,10-07,60.39,02:15,9,-18.3913
0.07,09-23,72.0054,03:00,12,-24.7286
0.07,09-24,77.1225,08:00,24,-19.2144
0.07,09-25,75.6911,04:00,16,0.0
0.07,09-26,6.8476,,68,-90.3892
0.07,09-27,70.9346,07:45,30,-25.0012
0.07,09-28,72.7782,16:45,65,-126.2044
0.07,09-29,72.59,05:30,22,-28.78
0.07,09-30,73.7654,03:00,12,-20.6474
0.07,10-01,72.5992,09:00,21,-11.776
0.07,10-02,75.3704,05:00,20,-25.1832
0.07,10-03,55.0309,,63,-47.856
0.07,10-04,-28.3965,,78,-109.7022
0.07,10-05,-36.3149,,95,-114.0605
0.07,10-06,-231.5772,,86,-245.8985
0.07,10-07,74.191,02:45,11,-18.3913
0.08,09-23,82.977,03:15,13,-24.7286
0.08,09-24,83.2093,13:30,46,-19.2144
0.08,09-25,80.0582,04:15,17,0.0
0.08,09-26,6.8476,,68,-90.3892
0.08,09-27,84.8616,08:15,32,-25.0012
0.08,09-28,84.7392,18:00,70,-126.2044
0.08,09-29,84.431,06:15,25,-28.78
0.08,09-30,84.737,03:15,13,-20.6474
0.08,10-01,80.8367,13:15,38,-11.776
0.08,10-02,82.6418,05:15,21,-25.1832
0.08,10-03,55.0309,,63,-47.856
0.08,10-04,-28.3965,,78,-109.7022
0.08,10-05,-36.3149,,95,-114.0605
0.08,10-06,-231.5772,,86,-245.8985
0.08,10-07,84.6338,04:15,17,-18.3913
